2021-04-26T00:00:00+00:00,1619395200000,49110,52548,48807,52443,80167059.6205
2021-04-26T04:00:00+00:00,1619409600000,52447,53132,52079,52878,56407964.2103
2021-04-26T08:00:00+00:00,1619424000000,52878,53775,52351,53684,52020795.5256
2021-04-26T12:00:00+00:00,1619438400000,53684,54010,53300,53652,68352486.7879
2021-04-26T16:00:00+00:00,1619452800000,53652,54406,52912,54099,53587077.5508
2021-04-26T20:00:00+00:00,1619467200000,54099,54280,52627,54047,69566120.7899
2021-04-27T00:00:00+00:00,1619481600000,54050,54204,53364,53532,27718268.4284
2021-04-27T04:00:00+00:00,1619496000000,53532,54936,53300,54604,40520158.7431
2021-04-27T08:00:00+00:00,1619510400000,54604,55326,54390,55236,32634092.0204
2021-04-27T12:00:00+00:00,1619524800000,55236,55399,54430,55052,40310986.2771
2021-04-27T16:00:00+00:00,1619539200000,55052,55143,54270,54832,38270438.0846
2021-04-27T20:00:00+00:00,1619553600000,54832,55534,54800,55071,22145816.6857
2021-04-28T00:00:00+00:00,1619568000000,55072,55799,54845,54845,26905872.1031
2021-04-28T04:00:00+00:00,1619582400000,54845,55061,53868,54314,27609813.5431
2021-04-28T08:00:00+00:00,1619596800000,54314,55123,53975,54897,24716034.0863
2021-04-28T12:00:00+00:00,1619611200000,54897,55360,54138,54373,43722411.5801
2021-04-28T16:00:00+00:00,1619625600000,54373,55491,54290,55458,44548141.8289
2021-04-28T20:00:00+00:00,1619640000000,55458,56500,54050,54875,56419417.0767
2021-04-29T00:00:00+00:00,1619654400000,54875,55231,54123,54311,21788350.1489
2021-04-29T04:00:00+00:00,1619668800000,54311,54511,53525,54496,25433112.6692
2021-04-29T08:00:00+00:00,1619683200000,54496,54751,53802,54349,32118120.6609
2021-04-29T12:00:00+00:00,1619697600000,54349,54570,53329,53756,42741348.7734
2021-04-29T16:00:00+00:00,1619712000000,53756,53835,52500,52884,62000336.2236
2021-04-29T20:00:00+00:00,1619726400000,52884,53695,52352,53597,34643194.8768
2021-04-30T00:00:00+00:00,1619740800000,53597,53841,53051,53730,32655915.0754
2021-04-30T04:00:00+00:00,1619755200000,53730,54617,53718,54359,40082835.0899
2021-04-30T08:00:00+00:00,1619769600000,54359,54854,54083,54272,51476528.9521
2021-04-30T12:00:00+00:00,1619784000000,54272,57335,54222,57232,106799357.5323
2021-04-30T16:00:00+00:00,1619798400000,57238,57441,56327,57069,60868098.8445
2021-04-30T20:00:00+00:00,1619812800000,57069,58007,56456,57770,53677972.0701
2021-05-01T00:00:00+00:00,1619827200000,57770,58575,57512,58259,65085352.6806
2021-05-01T04:00:00+00:00,1619841600000,58259,58494,57655,57782,29764449.6905
2021-05-01T08:00:00+00:00,1619856000000,57783,57988,57200,57882,49848473.1274
2021-05-01T12:00:00+00:00,1619870400000,57882,58122,57040,57398,40575889.013
2021-05-01T16:00:00+00:00,1619884800000,57398,58052,57255,57822,31854062.4582
2021-05-01T20:00:00+00:00,1619899200000,57822,58016,57345,57879,17566534.7551
2021-05-02T00:00:00+00:00,1619913600000,57879,57974,56400,56511,27425618.43
2021-05-02T04:00:00+00:00,1619928000000,56511,57159,56173,56667,41113022.1436
2021-05-02T08:00:00+00:00,1619942400000,56667,57122,56071,57122,38706962.3848
2021-05-02T12:00:00+00:00,1619956800000,57122,57299,56493,56634,42733662.1245
2021-05-02T16:00:00+00:00,1619971200000,56634,56983,56353,56876,38914495.3704
2021-05-02T20:00:00+00:00,1619985600000,56877,57173,56269,56612,79083123.2382
2021-05-03T00:00:00+00:00,1620000000000,56612,58347,56559,57957,69044327.9129
2021-05-03T04:00:00+00:00,1620014400000,57957,58887,57738,58822,42187222.7675
2021-05-03T08:00:00+00:00,1620028800000,58822,59006,58328,58700,51587333.7394
2021-05-03T12:00:00+00:00,1620043200000,58700,58801,57285,57639,88258829.9916
2021-05-03T16:00:00+00:00,1620057600000,57639,58197,57225,57577,53071153.5072
2021-05-03T20:00:00+00:00,1620072000000,57577,57577,56431,57204,63103295.8198
2021-05-04T00:00:00+00:00,1620086400000,57204,57249,54657,55471,100711225.3435
2021-05-04T04:00:00+00:00,1620100800000,55471,56387,55220,55948,56665403.5004
2021-05-04T08:00:00+00:00,1620115200000,55948,56664,55594,56182,69681018.5935
2021-05-04T12:00:00+00:00,1620129600000,56182,56351,53566,53817,143213538.5997
2021-05-04T16:00:00+00:00,1620144000000,53817,54799,53214,54587,115714373.2568
2021-05-04T20:00:00+00:00,1620158400000,54587,54850,53000,53198,65988278.0729
2021-05-05T00:00:00+00:00,1620172800000,53197,55414,52891,54818,79001094.9648
2021-05-05T04:00:00+00:00,1620187200000,54818,55303,53955,54888,71697395.626
2021-05-05T08:00:00+00:00,1620201600000,54888,55844,54720,55129,71221383.7197
2021-05-05T12:00:00+00:00,1620216000000,55129,57758,55055,57673,145458961.4121
2021-05-05T16:00:00+00:00,1620230400000,57673,57998,57091,57167,95918180.8514
2021-05-05T20:00:00+00:00,1620244800000,57167,57670,56614,57516,86830286.067
2021-05-06T00:00:00+00:00,1620259200000,57516,57654,56640,56860,72137467.7417
2021-05-06T04:00:00+00:00,1620273600000,56860,57608,56429,56870,57699782.3636
2021-05-06T08:00:00+00:00,1620288000000,56870,58437,56814,58059,82974461.9045
2021-05-06T12:00:00+00:00,1620302400000,58059,58148,56836,57159,79352541.9508
2021-05-06T16:00:00+00:00,1620316800000,57159,57533,55285,56153,104394022.0046
2021-05-06T20:00:00+00:00,1620331200000,56161,56835,55701,56426,42335834.7274
2021-05-07T00:00:00+00:00,1620345600000,56426,57139,55496,55741,71776190.0903
2021-05-07T04:00:00+00:00,1620360000000,55741,56311,55270,55786,46597583.4508
2021-05-07T08:00:00+00:00,1620374400000,55786,56825,55593,56508,39998452.2829
2021-05-07T12:00:00+00:00,1620388800000,56508,57736,56267,57500,86811582.0822
2021-05-07T16:00:00+00:00,1620403200000,57500,58725,57220,57626,101783842.5164
2021-05-07T20:00:00+00:00,1620417600000,57626,58135,56778,57362,57483573.6075
2021-05-08T00:00:00+00:00,1620432000000,57362,58473,56951,58185,49747976.8819
2021-05-08T04:00:00+00:00,1620446400000,58185,58675,57550,58540,48805613.9038
2021-05-08T08:00:00+00:00,1620460800000,58540,59451,58376,58645,91698447.7585
2021-05-08T12:00:00+00:00,1620475200000,58645,59525,57560,57688,98219080.4975
2021-05-08T16:00:00+00:00,1620489600000,57688,59391,57685,59093,64770043.665
2021-05-08T20:00:00+00:00,1620504000000,59093,59575,58561,58940,49103519.9609
2021-05-09T00:00:00+00:00,1620518400000,58942,59303,58425,58681,66613319.1403
2021-05-09T04:00:00+00:00,1620532800000,58673,58934,57787,58010,73827536.9911
2021-05-09T08:00:00+00:00,1620547200000,58010,58402,57545,57916,49862960.9155
2021-05-09T12:00:00+00:00,1620561600000,57916,58003,56250,57434,88140022.4754
2021-05-09T16:00:00+00:00,1620576000000,57434,57913,57089,57332,40531489.9415
2021-05-09T20:00:00+00:00,1620590400000,57332,58495,57251,58298,49853914.7758
2021-05-10T00:00:00+00:00,1620604800000,58298,59522,58084,59447,66527693.1809
2021-05-10T04:00:00+00:00,1620619200000,59447,59643,58400,58420,93435369.6894
2021-05-10T08:00:00+00:00,1620633600000,58420,58641,57367,58148,100836709.2965
2021-05-10T12:00:00+00:00,1620648000000,58147,58436,56752,58393,89058003.7544
2021-05-10T16:00:00+00:00,1620662400000,58393,58654,55571,55722,147801777.7146
2021-05-10T20:00:00+00:00,1620676800000,55722,56300,53500,55857,173893110.9472
2021-05-11T00:00:00+00:00,1620691200000,55857,56469,54522,55177,124793942.7363
2021-05-11T04:00:00+00:00,1620705600000,55177,55899,54642,55802,44846135.6975
2021-05-11T08:00:00+00:00,1620720000000,55802,56264,55224,55286,70867672.7783
2021-05-11T12:00:00+00:00,1620734400000,55286,56221,54843,56114,127816551.41
2021-05-11T16:00:00+00:00,1620748800000,56114,56932,55816,56706,79024208.5234
2021-05-11T20:00:00+00:00,1620763200000,56706,56959,56311,56756,58655369.4522
2021-05-12T00:00:00+00:00,1620777600000,56756,57952,56633,57838,61440542.238
2021-05-12T04:00:00+00:00,1620792000000,57838,58057,56952,57170,51152458.2813
2021-05-12T08:00:00+00:00,1620806400000,57170,57257,56035,56494,77992283.6965
2021-05-12T12:00:00+00:00,1620820800000,56494,56990,55333,55533,106217320.3218
2021-05-12T16:00:00+00:00,1620835200000,55526,55712,53500,54476,117185899.8851
2021-05-12T20:00:00+00:00,1620849600000,54476,54804,48109,49552,256145381.135
2021-05-13T00:00:00+00:00,1620864000000,49550,50861,45853,50471,413958511.5151
2021-05-13T04:00:00+00:00,1620878400000,50470,51387,50330,50914,94288323.7174
2021-05-13T08:00:00+00:00,1620892800000,50914,50984,48461,49796,114827065.0307
2021-05-13T12:00:00+00:00,1620907200000,49796,50882,49521,49661,101383458.6968
2021-05-13T16:00:00+00:00,1620921600000,49661,50444,46931,48529,154969253.7478
2021-05-13T20:00:00+00:00,1620936000000,48529,49896,48334,49674,140384866.0752
2021-05-14T00:00:00+00:00,1620950400000,49674,50413,49055,49214,96067766.2514
2021-05-14T04:00:00+00:00,1620964800000,49214,50298,48857,50047,51049434.845
2021-05-14T08:00:00+00:00,1620979200000,50047,51046,49941,50629,75287161.2025
2021-05-14T12:00:00+00:00,1620993600000,50630,51551,50116,51313,89828909.2915
2021-05-14T16:00:00+00:00,1621008000000,51313,51401,50147,50178,76713951.7575
2021-05-14T20:00:00+00:00,1621022400000,50178,50344,49048,49890,72416206.81
2021-05-15T00:00:00+00:00,1621036800000,49890,50713,49327,49668,70912769.1652
2021-05-15T04:00:00+00:00,1621051200000,49668,49894,48422,48492,79252956.73
2021-05-15T08:00:00+00:00,1621065600000,48492,49292,47800,48969,94362500.75
2021-05-15T12:00:00+00:00,1621080000000,48969,49631,48681,49033,77653739.989
2021-05-15T16:00:00+00:00,1621094400000,49034,49034,46929,48146,137331227.0253
2021-05-15T20:00:00+00:00,1621108800000,48146,48776,46548,46751,80111680.6839
2021-05-16T00:00:00+00:00,1621123200000,46751,48409,46471,48380,89942547.6547
2021-05-16T04:00:00+00:00,1621137600000,48380,49492,48050,49400,53079419.8393
2021-05-16T08:00:00+00:00,1621152000000,49400,49802,48672,49045,56477834.0965
2021-05-16T12:00:00+00:00,1621166400000,49045,49264,47652,47750,65891997.1999
2021-05-16T16:00:00+00:00,1621180800000,47750,48113,44374,45499,228926757.0476
2021-05-16T20:00:00+00:00,1621195200000,45499,46527,43841,46451,146945528.3437
2021-05-17T00:00:00+00:00,1621209600000,46451,46683,42800,42919,138643044.8781
2021-05-17T04:00:00+00:00,1621224000000,42919,45341,42169,45191,203940378.5082
2021-05-17T08:00:00+00:00,1621238400000,45191,45828,44409,45793,76801778.5184
2021-05-17T12:00:00+00:00,1621252800000,45793,45840,43188,43366,89183583.3291
2021-05-17T16:00:00+00:00,1621267200000,43366,44433,42120,44249,91822767.0091
2021-05-17T20:00:00+00:00,1621281600000,44249,44983,42518,43577,68279402.9809
2021-05-18T00:00:00+00:00,1621296000000,43577,45299,43205,44808,61546424.2974
2021-05-18T04:00:00+00:00,1621310400000,44808,45833,44776,45199,53419014.533
2021-05-18T08:00:00+00:00,1621324800000,45199,45699,44639,45374,50299512.5671
2021-05-18T12:00:00+00:00,1621339200000,45374,45401,42670,43016,142392129.6678
2021-05-18T16:00:00+00:00,1621353600000,43016,43867,42393,43299,104988243.2478
2021-05-18T20:00:00+00:00,1621368000000,43294,43571,42274,42881,79225871.6393
2021-05-19T00:00:00+00:00,1621382400000,42881,43619,40139,40606,155413374.2736
2021-05-19T04:00:00+00:00,1621396800000,40606,40862,38550,40363,220507148.9578
2021-05-19T08:00:00+00:00,1621411200000,40363,40788,36142,38679,171098537.205
2021-05-19T12:00:00+00:00,1621425600000,38679,39150,29150,37368,467411884.2718
2021-05-19T16:00:00+00:00,1621440000000,37368,40600,36135,39422,160887560.7589
2021-05-19T20:00:00+00:00,1621454400000,39422,40227,36626,36724,113703433.9781
2021-05-20T00:00:00+00:00,1621468800000,36733,38666,34943,38375,145291625.7063
2021-05-20T04:00:00+00:00,1621483200000,38375,40823,38250,40015,109836625.2398
2021-05-20T08:00:00+00:00,1621497600000,40014,40737,38790,40513,101522537.7772
2021-05-20T12:00:00+00:00,1621512000000,40513,42477,40145,41500,147223653.5064
2021-05-20T16:00:00+00:00,1621526400000,41500,41522,38168,40177,121018975.3623
2021-05-20T20:00:00+00:00,1621540800000,40177,41920,39571,40590,86441723.0826
2021-05-21T00:00:00+00:00,1621555200000,40594,42288,40467,40728,64470615.4634
2021-05-21T04:00:00+00:00,1621569600000,40728,40831,39242,39891,106790129.9556
2021-05-21T08:00:00+00:00,1621584000000,39899,41258,39310,41178,95941433.1639
2021-05-21T12:00:00+00:00,1621598400000,41178,41798,36500,36873,232720701.7241
2021-05-21T16:00:00+00:00,1621612800000,36873,37853,35516,36077,177059315.8243
2021-05-21T20:00:00+00:00,1621627200000,36084,37760,33502,37325,162364486.4141
2021-05-22T00:00:00+00:00,1621641600000,37325,38142,36564,36978,87594053.8405
2021-05-22T04:00:00+00:00,1621656000000,36978,37240,35213,36311,172021361.0468
2021-05-22T08:00:00+00:00,1621670400000,36311,38853,36297,38186,90168039.6249
2021-05-22T12:00:00+00:00,1621684800000,38186,38880,37100,38199,79856930.0128
2021-05-22T16:00:00+00:00,1621699200000,38199,38580,37241,37330,55472553.2066
2021-05-22T20:00:00+00:00,1621713600000,37330,38415,37311,37484,50085841.5124
2021-05-23T00:00:00+00:00,1621728000000,37484,38301,36717,37462,54295112.5668
2021-05-23T04:00:00+00:00,1621742400000,37462,37462,35500,35932,86234800.1464
2021-05-23T08:00:00+00:00,1621756800000,35932,35936,33782,35435,149124916.2368
2021-05-23T12:00:00+00:00,1621771200000,35435,35838,32600,33326,163102143.2883
2021-05-23T16:00:00+00:00,1621785600000,33326,33950,31096,33094,191568007.6219
2021-05-23T20:00:00+00:00,1621800000000,33094,35036,33094,34734,81455611.5231
2021-05-24T00:00:00+00:00,1621814400000,34750,35943,34737,35305,81928947.5605
2021-05-24T04:00:00+00:00,1621828800000,35305,36938,34431,36697,83909751.5541
2021-05-24T08:00:00+00:00,1621843200000,36697,37967,35948,37638,80002986.0843
2021-05-24T12:00:00+00:00,1621857600000,37638,38700,37329,37587,92972901.575
2021-05-24T16:00:00+00:00,1621872000000,37587,39843,36903,39647,98464909.3995
2021-05-24T20:00:00+00:00,1621886400000,39647,39976,37988,38860,87169424.3753
2021-05-25T00:00:00+00:00,1621900800000,38860,39862,37858,38381,100731527.1941
2021-05-25T04:00:00+00:00,1621915200000,38380,39250,37689,39051,57522773.3779
2021-05-25T08:00:00+00:00,1621929600000,39051,39170,36533,36585,77115580.8827
2021-05-25T12:00:00+00:00,1621944000000,36585,38517,36443,38329,94441457.1845
2021-05-25T16:00:00+00:00,1621958400000,38329,38352,37189,37340,50034497.4947
2021-05-25T20:00:00+00:00,1621972800000,37347,38744,37306,38363,136514926.1882
2021-05-26T00:00:00+00:00,1621987200000,38363,39735,37842,39556,67503981.736
2021-05-26T04:00:00+00:00,1622001600000,39556,40798,39048,40502,64217290.329
2021-05-26T08:00:00+00:00,1622016000000,40498,40907,39438,39905,68028369.5625
2021-05-26T12:00:00+00:00,1622030400000,39905,40353,38516,38796,72777339.588
2021-05-26T16:00:00+00:00,1622044800000,38796,39398,37910,38533,80662940.1677
2021-05-26T20:00:00+00:00,1622059200000,38533,39493,38356,39250,73942796.6886
2021-05-27T00:00:00+00:00,1622073600000,39250,39250,37191,37679,154383671.6436
2021-05-27T04:00:00+00:00,1622088000000,37679,38454,37262,38326,54530752.3803
2021-05-27T08:00:00+00:00,1622102400000,38326,39873,37880,39738,58934807.6982
2021-05-27T12:00:00+00:00,1622116800000,39724,40465,39324,39728,84940178.4771
2021-05-27T16:00:00+00:00,1622131200000,39728,39771,38555,38809,63673827.8095
2021-05-27T20:00:00+00:00,1622145600000,38809,39201,38229,38555,47553978.4907
2021-05-28T00:00:00+00:00,1622160000000,38557,38893,37702,38271,73654293.8144
2021-05-28T04:00:00+00:00,1622174400000,38269,38271,36478,37012,136345093.9689
2021-05-28T08:00:00+00:00,1622188800000,37012,37289,35131,35376,149836803.7369
2021-05-28T12:00:00+00:00,1622203200000,35376,37291,35203,36777,113749832.1078
2021-05-28T16:00:00+00:00,1622217600000,36777,36866,35560,35792,113223463.0201
2021-05-28T20:00:00+00:00,1622232000000,35792,36251,34709,35682,89941568.1383
2021-05-29T00:00:00+00:00,1622246400000,35682,36773,35647,36478,53665982.2537
2021-05-29T04:00:00+00:00,1622260800000,36478,37341,35639,36163,75266819.6927
2021-05-29T08:00:00+00:00,1622275200000,36163,36366,34589,35404,81939579.9517
2021-05-29T12:00:00+00:00,1622289600000,35404,35422,33832,34438,102586317.4769
2021-05-29T16:00:00+00:00,1622304000000,34439,35063,33651,34041,85908170.6726
2021-05-29T20:00:00+00:00,1622318400000,34041,35170,33790,34633,68663338.2195
2021-05-30T00:00:00+00:00,1622332800000,34633,34986,33402,34780,73996657.657
2021-05-30T04:00:00+00:00,1622347200000,34780,36240,34658,36022,57985327.4051
2021-05-30T08:00:00+00:00,1622361600000,36022,36450,35580,36374,39163641.1741
2021-05-30T12:00:00+00:00,1622376000000,36376,36515,35120,35497,66353621.6318
2021-05-30T16:00:00+00:00,1622390400000,35496,36296,35327,36101,33786170.5863
2021-05-30T20:00:00+00:00,1622404800000,36101,36349,35519,35660,32819980.912
2021-05-31T00:00:00+00:00,1622419200000,35660,36022,34280,34527,107325190.9596
2021-05-31T04:00:00+00:00,1622433600000,34527,36000,34173,35886,63907021.185
2021-05-31T08:00:00+00:00,1622448000000,35890,37233,35616,36863,125258688.951
2021-05-31T12:00:00+00:00,1622462400000,36863,37309,36378,36997,132618914.9406
2021-05-31T16:00:00+00:00,1622476800000,36997,37484,36542,36886,114774933.7397
2021-05-31T20:00:00+00:00,1622491200000,36887,37520,36583,37279,48876891.6965
2021-06-01T00:00:00+00:00,1622505600000,37280,37899,36470,36715,70525147.3206
2021-06-01T04:00:00+00:00,1622520000000,36715,37443,36571,36838,30285550.6946
2021-06-01T08:00:00+00:00,1622534400000,36838,36938,35913,36595,75702962.5865
2021-06-01T12:00:00+00:00,1622548800000,36595,37452,35652,36230,102382707.3344
2021-06-01T16:00:00+00:00,1622563200000,36230,36491,35715,35967,91322042.0733
2021-06-01T20:00:00+00:00,1622577600000,35967,36802,35868,36688,46372722.9144
2021-06-02T00:00:00+00:00,1622592000000,36688,36899,35917,36470,38866068.0806
2021-06-02T04:00:00+00:00,1622606400000,36470,37436,36470,37242,41387051.9231
2021-06-02T08:00:00+00:00,1622620800000,37242,37544,36864,37207,41139288.1383
2021-06-02T12:00:00+00:00,1622635200000,37207,38231,37075,38043,65002575.0175
2021-06-02T16:00:00+00:00,1622649600000,38043,38216,37745,37888,63389521.1086
2021-06-02T20:00:00+00:00,1622664000000,37888,37937,37343,37580,79567381.177
2021-06-03T00:00:00+00:00,1622678400000,37580,37874,37183,37634,106727676.5151
2021-06-03T04:00:00+00:00,1622692800000,37634,39042,37599,38638,77139130.6744
2021-06-03T08:00:00+00:00,1622707200000,38638,39472,38528,38789,67772379.4166
2021-06-03T12:00:00+00:00,1622721600000,38789,39282,38358,38551,78482560.5265
2021-06-03T16:00:00+00:00,1622736000000,38551,38997,38451,38598,52984996.6955
2021-06-03T20:00:00+00:00,1622750400000,38598,39250,38535,39249,44438608.753
2021-06-04T00:00:00+00:00,1622764800000,39249,39286,37376,37956,86300698.4237
2021-06-04T04:00:00+00:00,1622779200000,37956,37956,36316,36622,103110790.7886
2021-06-04T08:00:00+00:00,1622793600000,36622,37019,36252,36597,101124169.3349
2021-06-04T12:00:00+00:00,1622808000000,36596,37146,35587,36972,124474334.5486
2021-06-04T16:00:00+00:00,1622822400000,36972,37259,36750,36814,54241501.3674
2021-06-04T20:00:00+00:00,1622836800000,36814,37261,36485,36847,53965509.6995
2021-06-05T00:00:00+00:00,1622851200000,36847,37851,36632,37426,61526829.4824
2021-06-05T04:00:00+00:00,1622865600000,37426,37924,37426,37591,38495416.3073
2021-06-05T08:00:00+00:00,1622880000000,37586,37860,35700,35883,87292287.3336
2021-06-05T12:00:00+00:00,1622894400000,35883,36438,35257,36332,87354383.3551
2021-06-05T16:00:00+00:00,1622908800000,36332,36340,35718,35786,45415683.995
2021-06-05T20:00:00+00:00,1622923200000,35786,36024,34826,35526,67564715.5361
2021-06-06T00:00:00+00:00,1622937600000,35526,36260,35431,36010,54802513.36
2021-06-06T04:00:00+00:00,1622952000000,35999,36486,35729,36157,40522876.8573
2021-06-06T08:00:00+00:00,1622966400000,36157,36441,35818,35885,45046432.7535
2021-06-06T12:00:00+00:00,1622980800000,35885,36440,35452,36167,57198280.0954
2021-06-06T16:00:00+00:00,1622995200000,36167,36326,35715,35760,29479437.4285
2021-06-06T20:00:00+00:00,1623009600000,35760,35997,35225,35812,44606107.1811
2021-06-07T00:00:00+00:00,1623024000000,35812,36780,35520,36396,73262698.5142
2021-06-07T04:00:00+00:00,1623038400000,36396,36541,35873,36165,68315046.1372
2021-06-07T08:00:00+00:00,1623052800000,36165,36609,35919,36394,47869624.5126
2021-06-07T12:00:00+00:00,1623067200000,36394,36780,35857,36044,89946851.901
2021-06-07T16:00:00+00:00,1623081600000,36042,36083,35326,35635,85252827.7222
2021-06-07T20:00:00+00:00,1623096000000,35635,35740,33288,33566,120728701.6686
2021-06-08T00:00:00+00:00,1623110400000,33565,34055,32368,32824,155374847.5012
2021-06-08T04:00:00+00:00,1623124800000,32824,33283,32151,32987,98758780.1117
2021-06-08T08:00:00+00:00,1623139200000,32987,33362,32677,33111,76454644.3926
2021-06-08T12:00:00+00:00,1623153600000,33111,33195,31000,31720,107070025.9618
2021-06-08T16:00:00+00:00,1623168000000,31720,33029,31580,32885,84123271.8689
2021-06-08T20:00:00+00:00,1623182400000,32884,33884,32694,33403,80129091.6513
2021-06-09T00:00:00+00:00,1623196800000,33408,33563,32423,32882,55056037.086
2021-06-09T04:00:00+00:00,1623211200000,32885,34564,32570,34201,110254785.4976
2021-06-09T08:00:00+00:00,1623225600000,34201,35064,33860,35005,108017619.2879
2021-06-09T12:00:00+00:00,1623240000000,35005,36698,34607,36379,205386367.1331
2021-06-09T16:00:00+00:00,1623254400000,36379,36999,35666,36305,178973598.015
2021-06-09T20:00:00+00:00,1623268800000,36313,37544,36149,37409,71177135.8619
2021-06-10T00:00:00+00:00,1623283200000,37411,37689,36787,36983,74468260.0886
2021-06-10T04:00:00+00:00,1623297600000,36983,37244,36556,36987,48767509.0465
2021-06-10T08:00:00+00:00,1623312000000,36987,38465,36265,37847,115241647.8951
2021-06-10T12:00:00+00:00,1623326400000,37847,38222,36637,36917,110285602.1824
2021-06-10T16:00:00+00:00,1623340800000,36917,37171,36163,36696,81004285.2021
2021-06-10T20:00:00+00:00,1623355200000,36697,37093,35812,36700,53564913.0821
2021-06-11T00:00:00+00:00,1623369600000,36701,37264,35930,36773,58598510.4458
2021-06-11T04:00:00+00:00,1623384000000,36773,37408,36412,37154,79554551.6978
2021-06-11T08:00:00+00:00,1623398400000,37154,37679,36946,37414,115522817.9772
2021-06-11T12:00:00+00:00,1623412800000,37414,37580,36751,36821,60955763.0226
2021-06-11T16:00:00+00:00,1623427200000,36821,37405,36522,37251,111292075.6279
2021-06-11T20:00:00+00:00,1623441600000,37251,37500,36789,37330,45148147.1534
2021-06-12T00:00:00+00:00,1623456000000,37330,37459,35267,35581,107443141.1506
2021-06-12T04:00:00+00:00,1623470400000,35581,35727,35013,35304,74711872.5314
2021-06-12T08:00:00+00:00,1623484800000,35304,35895,34602,35614,71130286.5265
2021-06-12T12:00:00+00:00,1623499200000,35614,36236,35346,35401,49806167.5728
2021-06-12T16:00:00+00:00,1623513600000,35400,36019,35310,35741,29332200.6791
2021-06-12T20:00:00+00:00,1623528000000,35745,36153,35426,35542,38055212.0941
2021-06-13T00:00:00+00:00,1623542400000,35563,35917,34772,34871,55298226.4094
2021-06-13T04:00:00+00:00,1623556800000,34871,35493,34682,35286,55853377.3486
2021-06-13T08:00:00+00:00,1623571200000,35286,36116,35181,35906,67885961.5429
2021-06-13T12:00:00+00:00,1623585600000,35906,36169,35663,36045,46937810.1849
2021-06-13T16:00:00+00:00,1623600000000,36043,37779,35987,37666,138509804.3201
2021-06-13T20:00:00+00:00,1623614400000,37666,39372,37662,39035,117828605.0366
2021-06-14T00:00:00+00:00,1623628800000,39035,39800,38746,38986,71423215.8598
2021-06-14T04:00:00+00:00,1623643200000,38986,39733,38804,39572,62743957.0857
2021-06-14T08:00:00+00:00,1623657600000,39572,39649,38906,39174,112965192.5914
2021-06-14T12:00:00+00:00,1623672000000,39165,41070,39052,40704,173291121.4633
2021-06-14T16:00:00+00:00,1623686400000,40704,40750,39335,39719,171616988.8366
2021-06-14T20:00:00+00:00,1623700800000,39719,40610,39621,40531,77013482.1869
2021-06-15T00:00:00+00:00,1623715200000,40531,40870,39874,40427,51964328.8812
2021-06-15T04:00:00+00:00,1623729600000,40427,40596,40103,40391,44684362.6398
2021-06-15T08:00:00+00:00,1623744000000,40391,40412,39577,39852,162221020.2528
2021-06-15T12:00:00+00:00,1623758400000,39853,40461,39740,40053,175613959.0977
2021-06-15T16:00:00+00:00,1623772800000,40053,41347,39759,39961,178468010.0763
2021-06-15T20:00:00+00:00,1623787200000,39961,40366,39500,40154,83693538.1819
2021-06-16T00:00:00+00:00,1623801600000,40154,40185,39614,40027,64063651.974
2021-06-16T04:00:00+00:00,1623816000000,40027,40498,39853,40140,77236977.0906
2021-06-16T08:00:00+00:00,1623830400000,40140,40263,38916,39097,117965988.095
2021-06-16T12:00:00+00:00,1623844800000,39097,39519,38571,38785,102929440.4502
2021-06-16T16:00:00+00:00,1623859200000,38785,39707,38317,38928,125659456.819
2021-06-16T20:00:00+00:00,1623873600000,38928,38928,38111,38343,58115937.3278
2021-06-17T00:00:00+00:00,1623888000000,38343,38983,38214,38867,52340357.8622
2021-06-17T04:00:00+00:00,1623902400000,38867,39409,38647,39205,50227160.5203
2021-06-17T08:00:00+00:00,1623916800000,39205,39562,39072,39156,47194944.9278
2021-06-17T12:00:00+00:00,1623931200000,39156,39190,38398,39008,76635807.6895
2021-06-17T16:00:00+00:00,1623945600000,39008,39116,37520,37701,136752239.5714
2021-06-17T20:00:00+00:00,1623960000000,37701,38211,37355,38089,68826260.8419
2021-06-18T00:00:00+00:00,1623974400000,38089,38192,37225,37929,70926180.2081
2021-06-18T04:00:00+00:00,1623988800000,37929,38131,37397,37717,56086779.3244
2021-06-18T08:00:00+00:00,1624003200000,37717,38024,37084,37825,100023594.9146
2021-06-18T12:00:00+00:00,1624017600000,37825,37946,36316,36357,158223653.7646
2021-06-18T16:00:00+00:00,1624032000000,36357,36746,35146,35333,98194855.376
2021-06-18T20:00:00+00:00,1624046400000,35333,35930,35225,35831,46006584.407
2021-06-19T00:00:00+00:00,1624060800000,35831,36303,34847,35122,62232004.6009
2021-06-19T04:00:00+00:00,1624075200000,35122,35886,34958,35799,51133160.7255
2021-06-19T08:00:00+00:00,1624089600000,35799,36000,35575,35952,43727927.3287
2021-06-19T12:00:00+00:00,1624104000000,35952,36467,35559,36133,47192449.9212
2021-06-19T16:00:00+00:00,1624118400000,36133,36227,35376,35953,56157455.4928
2021-06-19T20:00:00+00:00,1624132800000,35953,36207,35396,35490,29555866.608
2021-06-20T00:00:00+00:00,1624147200000,35490,35815,35133,35545,36738508.8781
2021-06-20T04:00:00+00:00,1624161600000,35545,35927,35370,35631,19801026.3577
2021-06-20T08:00:00+00:00,1624176000000,35631,35686,33716,33880,107770842.1737
2021-06-20T12:00:00+00:00,1624190400000,33880,34661,33317,34418,117998217.6637
2021-06-20T16:00:00+00:00,1624204800000,34418,35671,34268,35492,95888833.1042
2021-06-20T20:00:00+00:00,1624219200000,35492,36147,35382,35599,41617852.375
2021-06-21T00:00:00+00:00,1624233600000,35599,35788,34611,34624,46828900.9412
2021-06-21T04:00:00+00:00,1624248000000,34624,34696,32268,33024,166330604.4224
2021-06-21T08:00:00+00:00,1624262400000,33026,33590,31287,32528,360565244.524
2021-06-21T12:00:00+00:00,1624276800000,32528,33221,31940,32682,71743973.2267
2021-06-21T16:00:00+00:00,1624291200000,32682,32982,32033,32561,68575888.5953
2021-06-21T20:00:00+00:00,1624305600000,32561,32799,31248,31609,98172900.0163
2021-06-22T00:00:00+00:00,1624320000000,31608,33263,31153,33017,76971773.4381
2021-06-22T04:00:00+00:00,1624334400000,33017,33104,32474,32648,36052530.4875
2021-06-22T08:00:00+00:00,1624348800000,32648,32667,31075,31233,81701983.763
2021-06-22T12:00:00+00:00,1624363200000,31234,32000,28819,31708,284656561.6574
2021-06-22T16:00:00+00:00,1624377600000,31708,33300,31623,32416,108523062.277
2021-06-22T20:00:00+00:00,1624392000000,32416,32987,32143,32531,41122124.501
2021-06-23T00:00:00+00:00,1624406400000,32531,34435,31724,33985,126167647.5302
2021-06-23T04:00:00+00:00,1624420800000,33985,34406,33600,33996,53230883.4641
2021-06-23T08:00:00+00:00,1624435200000,33996,34509,33675,33929,67983293.0121
2021-06-23T12:00:00+00:00,1624449600000,33929,34851,33421,33504,94340472.7615
2021-06-23T16:00:00+00:00,1624464000000,33499,33971,32857,32880,83340359.9905
2021-06-23T20:00:00+00:00,1624478400000,32880,33757,32753,33686,54595798.1466
2021-06-24T00:00:00+00:00,1624492800000,33686,33885,32346,32586,62516214.493
2021-06-24T04:00:00+00:00,1624507200000,32586,33261,32311,32844,46487459.2495
2021-06-24T08:00:00+00:00,1624521600000,32844,33916,32815,33850,44686092.2223
2021-06-24T12:00:00+00:00,1624536000000,33858,34591,33752,33893,69803037.3453
2021-06-24T16:00:00+00:00,1624550400000,33893,35303,33778,34863,91261576.9665
2021-06-24T20:00:00+00:00,1624564800000,34863,34986,34515,34661,53061328.6241
2021-06-25T00:00:00+00:00,1624579200000,34661,35517,34255,35067,113730974.2426
2021-06-25T04:00:00+00:00,1624593600000,35066,35096,33957,34303,99665219.3882
2021-06-25T08:00:00+00:00,1624608000000,34303,34475,33235,33284,86963266.9675
2021-06-25T12:00:00+00:00,1624622400000,33286,33558,32339,32592,129281846.0246
2021-06-25T16:00:00+00:00,1624636800000,32592,32888,31491,32220,123041060.2397
2021-06-25T20:00:00+00:00,1624651200000,32220,32372,31276,31582,73996176.097
2021-06-26T00:00:00+00:00,1624665600000,31582,32268,31306,31981,58132236.9535
2021-06-26T04:00:00+00:00,1624680000000,31981,32715,30640,30714,62301519.3314
2021-06-26T08:00:00+00:00,1624694400000,30714,31892,30142,31784,110342480.1738
2021-06-26T12:00:00+00:00,1624708800000,31784,31990,30508,31534,69010554.4812
2021-06-26T16:00:00+00:00,1624723200000,31534,31921,30778,31578,39986048.5101
2021-06-26T20:00:00+00:00,1624737600000,31578,32298,30906,32283,37163748.6123
2021-06-27T00:00:00+00:00,1624752000000,32278,33214,32000,33157,75961713.8297
2021-06-27T04:00:00+00:00,1624766400000,33157,33502,32833,33296,81202410.0071
2021-06-27T08:00:00+00:00,1624780800000,33296,33459,32361,33257,76193029.7639
2021-06-27T12:00:00+00:00,1624795200000,33257,33607,32729,33206,66539950.0117
2021-06-27T16:00:00+00:00,1624809600000,33206,33416,32578,32819,55771478.2744
2021-06-27T20:00:00+00:00,1624824000000,32819,34749,32445,34716,73273855.8645
2021-06-28T00:00:00+00:00,1624838400000,34716,34999,34265,34412,64242144.575
2021-06-28T04:00:00+00:00,1624852800000,34412,35300,34292,35039,120767834.9862
2021-06-28T08:00:00+00:00,1624867200000,35039,35172,33962,34129,103641093.6728
2021-06-28T12:00:00+00:00,1624881600000,34129,34993,33898,34991,97913442.3243
2021-06-28T16:00:00+00:00,1624896000000,34991,35048,33977,34454,79059594.4901
2021-06-28T20:00:00+00:00,1624910400000,34454,34831,34126,34502,36583223.0831
2021-06-29T00:00:00+00:00,1624924800000,34502,35167,34228,34590,62836766.4911
2021-06-29T04:00:00+00:00,1624939200000,34590,35454,34547,34860,76349788.917
2021-06-29T08:00:00+00:00,1624953600000,34860,35770,34730,35574,81394694.6813
2021-06-29T12:00:00+00:00,1624968000000,35574,36438,35320,36258,112360540.0105
2021-06-29T16:00:00+00:00,1624982400000,36256,36633,36062,36406,70666658.0773
2021-06-29T20:00:00+00:00,1624996800000,36406,36497,35744,35919,54737224.5371
2021-06-30T00:00:00+00:00,1625011200000,35919,36116,34968,35123,70284572.3963
2021-06-30T04:00:00+00:00,1625025600000,35123,35295,34673,35256,64037641.4381
2021-06-30T08:00:00+00:00,1625040000000,35256,35346,34428,34869,71289071.0618
2021-06-30T12:00:00+00:00,1625054400000,34869,35027,34095,34203,104758399.6926
2021-06-30T16:00:00+00:00,1625068800000,34203,34914,34050,34758,51523326.164
2021-06-30T20:00:00+00:00,1625083200000,34758,35215,34392,35056,60810499.2571
2021-07-01T00:00:00+00:00,1625097600000,35056,35067,34124,34124,50134345.3242
2021-07-01T04:00:00+00:00,1625112000000,34123,34471,33320,33354,76866859.2912
2021-07-01T08:00:00+00:00,1625126400000,33354,33748,33000,33719,65877768.6325
2021-07-01T12:00:00+00:00,1625140800000,33719,33857,33040,33437,68347566.7408
2021-07-01T16:00:00+00:00,1625155200000,33437,33652,32705,33097,55316049.26
2021-07-01T20:00:00+00:00,1625169600000,33097,33658,33097,33506,36617348.4391
2021-07-02T00:00:00+00:00,1625184000000,33507,33975,32769,32916,68204624.9154
2021-07-02T04:00:00+00:00,1625198400000,32915,33500,32700,33362,57615359.7722
2021-07-02T08:00:00+00:00,1625212800000,33362,33613,32752,33025,64006199.9558
2021-07-02T12:00:00+00:00,1625227200000,33025,33731,32872,33712,99323735.871
2021-07-02T16:00:00+00:00,1625241600000,33712,33792,33107,33328,64150329.3091
2021-07-02T20:00:00+00:00,1625256000000,33328,33908,33046,33794,55187055.4569
2021-07-03T00:00:00+00:00,1625270400000,33794,33922,33318,33524,50831942.9475
2021-07-03T04:00:00+00:00,1625284800000,33524,34670,33461,34500,71818053.1363
2021-07-03T08:00:00+00:00,1625299200000,34500,34769,34403,34607,85222097.4381
2021-07-03T12:00:00+00:00,1625313600000,34607,34855,34476,34625,78064612.0783
2021-07-03T16:00:00+00:00,1625328000000,34625,34953,34483,34751,57131110.5169
2021-07-03T20:00:00+00:00,1625342400000,34751,34917,34277,34681,71751752.5449
2021-07-04T00:00:00+00:00,1625356800000,34681,34781,34372,34651,55257655.8192
2021-07-04T04:00:00+00:00,1625371200000,34651,35713,34637,35600,81694068.2509
2021-07-04T08:00:00+00:00,1625385600000,35600,35692,35368,35516,43207409.9027
2021-07-04T12:00:00+00:00,1625400000000,35516,35566,35239,35516,32661837.7134
2021-07-04T16:00:00+00:00,1625414400000,35516,35689,35387,35583,45647861.8118
2021-07-04T20:00:00+00:00,1625428800000,35579,35966,35225,35290,75602220.0062
2021-07-05T00:00:00+00:00,1625443200000,35290,35295,34204,34357,98018737.542
2021-07-05T04:00:00+00:00,1625457600000,34357,34418,34017,34262,81832192.6932
2021-07-05T08:00:00+00:00,1625472000000,34262,34560,33318,33383,67496090.4626
2021-07-05T12:00:00+00:00,1625486400000,33380,33779,33318,33594,59151162.754
2021-07-05T16:00:00+00:00,1625500800000,33594,34285,33134,34129,72883870.7884
2021-07-05T20:00:00+00:00,1625515200000,34129,34216,33684,33705,62584064.0793
2021-07-06T00:00:00+00:00,1625529600000,33705,34168,33649,33931,62766324.7261
2021-07-06T04:00:00+00:00,1625544000000,33931,34975,33923,34884,63371264.9297
2021-07-06T08:00:00+00:00,1625558400000,34884,35115,33755,34073,78966116.6333
2021-07-06T12:00:00+00:00,1625572800000,34071,34526,33815,34046,74660401.715
2021-07-06T16:00:00+00:00,1625587200000,34046,34196,33508,34028,72652924.8777
2021-07-06T20:00:00+00:00,1625601600000,34028,34336,33632,34224,41882628.114
2021-07-07T00:00:00+00:00,1625616000000,34220,34582,33952,34463,70764214.5738
2021-07-07T04:00:00+00:00,1625630400000,34463,34941,34397,34730,56349457.8629
2021-07-07T08:00:00+00:00,1625644800000,34730,35004,34459,34850,58040303.2413
2021-07-07T12:00:00+00:00,1625659200000,34850,35081,34492,34534,76035282.6888
2021-07-07T16:00:00+00:00,1625673600000,34534,34802,34421,34638,41230955.1849
2021-07-07T20:00:00+00:00,1625688000000,34638,34638,33780,33869,64121531.8727
2021-07-08T00:00:00+00:00,1625702400000,33869,33933,33072,33306,116412620.4793
2021-07-08T04:00:00+00:00,1625716800000,33307,33502,32264,32495,94948870.4423
2021-07-08T08:00:00+00:00,1625731200000,32493,32746,32075,32699,59512185.1213
2021-07-08T12:00:00+00:00,1625745600000,32699,33001,32345,32904,67117517.4243
2021-07-08T16:00:00+00:00,1625760000000,32904,33182,32648,33007,49368481.3536
2021-07-08T20:00:00+00:00,1625774400000,33007,33072,32506,32869,36463818.4714
2021-07-09T00:00:00+00:00,1625788800000,32869,33098,32276,32944,68036950.1663
2021-07-09T04:00:00+00:00,1625803200000,32941,33324,32748,32913,46855174.9245
2021-07-09T08:00:00+00:00,1625817600000,32911,33071,32608,32770,64283999.3933
2021-07-09T12:00:00+00:00,1625832000000,32770,33696,32639,33563,85199137.3365
2021-07-09T16:00:00+00:00,1625846400000,33563,33700,33278,33450,38091483.7651
2021-07-09T20:00:00+00:00,1625860800000,33450,34100,33384,33817,38253173.4823
2021-07-10T00:00:00+00:00,1625875200000,33817,34266,33645,33803,56061617.7092
2021-07-10T04:00:00+00:00,1625889600000,33803,33910,33465,33775,46404143.8165
2021-07-10T08:00:00+00:00,1625904000000,33774,33957,33567,33797,39784224.5162
2021-07-10T12:00:00+00:00,1625918400000,33797,33946,33645,33870,37544172.9666
2021-07-10T16:00:00+00:00,1625932800000,33870,34189,33234,33413,85957246.0704
2021-07-10T20:00:00+00:00,1625947200000,33413,33703,33035,33511,75665722.7073
2021-07-11T00:00:00+00:00,1625961600000,33511,33810,33396,33456,78113067.7089
2021-07-11T04:00:00+00:00,1625976000000,33456,33649,33323,33506,71208515.5543
2021-07-11T08:00:00+00:00,1625990400000,33507,33861,33429,33817,82890702.1617
2021-07-11T12:00:00+00:00,1626004800000,33819,34000,33663,33950,76585835.0931
2021-07-11T16:00:00+00:00,1626019200000,33950,34100,33767,33893,69060760.3675
2021-07-11T20:00:00+00:00,1626033600000,33893,34608,33750,34257,72541201.3191
2021-07-12T00:00:00+00:00,1626048000000,34257,34533,34056,34457,90628136.3524
2021-07-12T04:00:00+00:00,1626062400000,34457,34672,34166,34286,86650372.9542
2021-07-12T08:00:00+00:00,1626076800000,34286,34487,33530,33531,100377686.0639
2021-07-12T12:00:00+00:00,1626091200000,33531,33624,33314,33335,146267978.2218
2021-07-12T16:00:00+00:00,1626105600000,33335,33432,32751,32814,142775795.0901
2021-07-12T20:00:00+00:00,1626120000000,32814,33320,32656,33090,83721112.3107
2021-07-13T00:00:00+00:00,1626134400000,33088,33226,32819,33081,40148451.939
2021-07-13T04:00:00+00:00,1626148800000,33081,33333,32739,33195,65155411.8267
2021-07-13T08:00:00+00:00,1626163200000,33195,33338,32925,33032,53876461.1749
2021-07-13T12:00:00+00:00,1626177600000,33032,33035,32281,32791,94323692.3231
2021-07-13T16:00:00+00:00,1626192000000,32791,32960,32236,32292,82662531.5178
2021-07-13T20:00:00+00:00,1626206400000,32292,32743,32187,32727,64661016.3076
2021-07-14T00:00:00+00:00,1626220800000,32727,32809,31650,31829,96852019.8607
2021-07-14T04:00:00+00:00,1626235200000,31829,32012,31664,31925,69960823.2857
2021-07-14T08:00:00+00:00,1626249600000,31925,32722,31578,32457,82227427.6291
2021-07-14T12:00:00+00:00,1626264000000,32458,33006,32286,32785,128843054.5073
2021-07-14T16:00:00+00:00,1626278400000,32787,33118,32582,32730,53021984.1638
2021-07-14T20:00:00+00:00,1626292800000,32730,33063,32694,32819,44752932.63
2021-07-15T00:00:00+00:00,1626307200000,32819,33188,32644,32645,63168704.3588
2021-07-15T04:00:00+00:00,1626321600000,32645,32685,32360,32469,70359357.2811
2021-07-15T08:00:00+00:00,1626336000000,32469,32611,31794,31881,88609104.0262
2021-07-15T12:00:00+00:00,1626350400000,31881,32146,31461,31680,95303431.6659
2021-07-15T16:00:00+00:00,1626364800000,31682,31777,31138,31535,122954736.9677
2021-07-15T20:00:00+00:00,1626379200000,31534,31892,31507,31877,76278082.4309
2021-07-16T00:00:00+00:00,1626393600000,31877,32051,31557,31919,62121632.5652
2021-07-16T04:00:00+00:00,1626408000000,31919,32022,31553,31791,48391990.9865
2021-07-16T08:00:00+00:00,1626422400000,31776,31792,31037,31090,70880827.1409
2021-07-16T12:00:00+00:00,1626436800000,31090,32200,31075,32142,84483232.2129
2021-07-16T16:00:00+00:00,1626451200000,32142,32259,31826,31910,43141580.2388
2021-07-16T20:00:00+00:00,1626465600000,31910,31982,31341,31388,36562481.4557
2021-07-17T00:00:00+00:00,1626480000000,31388,31649,31168,31306,55270000.4012
2021-07-17T04:00:00+00:00,1626494400000,31306,31600,31192,31526,40723900.8078
2021-07-17T08:00:00+00:00,1626508800000,31526,31959,31250,31404,66454439.3055
2021-07-17T12:00:00+00:00,1626523200000,31404,31782,31352,31767,44550779.0259
2021-07-17T16:00:00+00:00,1626537600000,31767,31938,31534,31846,49151287.1334
2021-07-17T20:00:00+00:00,1626552000000,31847,31904,31500,31522,31608013.5079
2021-07-18T00:00:00+00:00,1626566400000,31522,32462,31473,32169,52804167.8767
2021-07-18T04:00:00+00:00,1626580800000,32169,32192,31679,31710,47526386.0177
2021-07-18T08:00:00+00:00,1626595200000,31710,31864,31567,31809,35944585.9204
2021-07-18T12:00:00+00:00,1626609600000,31809,31849,31106,31375,45803127.5304
2021-07-18T16:00:00+00:00,1626624000000,31375,31771,31304,31648,36053808.3088
2021-07-18T20:00:00+00:00,1626638400000,31648,31931,31444,31784,49341329.458
2021-07-19T00:00:00+00:00,1626652800000,31784,31852,31440,31545,43117396.617
2021-07-19T04:00:00+00:00,1626667200000,31545,31899,31530,31607,45570464.7302
2021-07-19T08:00:00+00:00,1626681600000,31607,31672,31166,31267,72154939.9777
2021-07-19T12:00:00+00:00,1626696000000,31267,31362,30423,30679,110639252.2093
2021-07-19T16:00:00+00:00,1626710400000,30679,30862,30538,30754,40935848.8513
2021-07-19T20:00:00+00:00,1626724800000,30754,30990,30695,30845,26337113.8588
2021-07-20T00:00:00+00:00,1626739200000,30845,31059,29500,29609,81253275.3626
2021-07-20T04:00:00+00:00,1626753600000,29609,29939,29506,29826,70423580.3363
2021-07-20T08:00:00+00:00,1626768000000,29826,29894,29300,29699,49167584.5327
2021-07-20T12:00:00+00:00,1626782400000,29701,29975,29284,29902,87120150.7327
2021-07-20T16:00:00+00:00,1626796800000,29906,29993,29614,29788,24057172.8728
2021-07-20T20:00:00+00:00,1626811200000,29788,30000,29491,29791,42797384.0055
2021-07-21T00:00:00+00:00,1626825600000,29791,29917,29496,29850,35623124.077
2021-07-21T04:00:00+00:00,1626840000000,29850,30960,29842,30826,89211513.1503
2021-07-21T08:00:00+00:00,1626854400000,30826,31669,30731,31550,59680301.3213
2021-07-21T12:00:00+00:00,1626868800000,31550,31985,31431,31957,77130870.7508
2021-07-21T16:00:00+00:00,1626883200000,31960,32800,31601,31624,119829110.0471
2021-07-21T20:00:00+00:00,1626897600000,31624,32237,31526,32131,116064157.6116
2021-07-22T00:00:00+00:00,1626912000000,32131,32376,31791,31934,52996043.4816
2021-07-22T04:00:00+00:00,1626926400000,31934,32319,31862,32142,34326273.7406
2021-07-22T08:00:00+00:00,1626940800000,32142,32265,31721,31924,36744143.7923
2021-07-22T12:00:00+00:00,1626955200000,31924,32600,31736,32512,88932814.0232
2021-07-22T16:00:00+00:00,1626969600000,32512,32598,32233,32388,43419915.5142
2021-07-22T20:00:00+00:00,1626984000000,32388,32477,32073,32295,37944190.0567
2021-07-23T00:00:00+00:00,1626998400000,32295,32796,32210,32605,109846302.1815
2021-07-23T04:00:00+00:00,1627012800000,32605,32921,32377,32497,71409445.4519
2021-07-23T08:00:00+00:00,1627027200000,32497,32550,32181,32309,71811090.9618
2021-07-23T12:00:00+00:00,1627041600000,32309,32609,32250,32318,46424947.4306
2021-07-23T16:00:00+00:00,1627056000000,32318,32339,31989,32266,60095139.9246
2021-07-23T20:00:00+00:00,1627070400000,32266,33678,32215,33666,74067803.2587
2021-07-24T00:00:00+00:00,1627084800000,33667,33804,33430,33687,53534499.9524
2021-07-24T04:00:00+00:00,1627099200000,33687,33951,33597,33831,51882467.031
2021-07-24T08:00:00+00:00,1627113600000,33831,34072,33573,33892,58378641.7671
2021-07-24T12:00:00+00:00,1627128000000,33892,34070,33755,33885,41699646.4262
2021-07-24T16:00:00+00:00,1627142400000,33885,34523,33752,33876,84206321.4616
2021-07-24T20:00:00+00:00,1627156800000,33876,34297,33692,34283,39489266.9366
2021-07-25T00:00:00+00:00,1627171200000,34283,34456,33883,34191,40607285.2256
2021-07-25T04:00:00+00:00,1627185600000,34191,34815,34103,34725,67846849.9877
2021-07-25T08:00:00+00:00,1627200000000,34725,34835,34290,34410,66143240.1521
2021-07-25T12:00:00+00:00,1627214400000,34410,34428,33888,34198,62853040.8456
2021-07-25T16:00:00+00:00,1627228800000,34198,34627,34113,34376,63048356.2944
2021-07-25T20:00:00+00:00,1627243200000,34376,35431,34321,35413,84338146.948
2021-07-26T00:00:00+00:00,1627257600000,35413,39939,35246,38312,299074740.853
2021-07-26T04:00:00+00:00,1627272000000,38312,39301,37792,38188,115661052.9958
2021-07-26T08:00:00+00:00,1627286400000,38188,38764,37710,38503,85239929.041
2021-07-26T12:00:00+00:00,1627300800000,38503,38907,37936,38570,104462536.4471
2021-07-26T16:00:00+00:00,1627315200000,38570,40579,38504,39383,155410775.89
2021-07-26T20:00:00+00:00,1627329600000,39383,39518,36788,37253,244539944.3397
2021-07-27T00:00:00+00:00,1627344000000,37253,37528,36406,36840,94981895.4132
2021-07-27T04:00:00+00:00,1627358400000,36840,37341,36679,37137,59511670.3465
2021-07-27T08:00:00+00:00,1627372800000,37134,38089,36997,38079,59609022.1238
2021-07-27T12:00:00+00:00,1627387200000,38083,38779,37744,38218,120219732.3726
2021-07-27T16:00:00+00:00,1627401600000,38218,38319,37361,37818,73181827.3021
2021-07-27T20:00:00+00:00,1627416000000,37818,39561,37818,39488,309000966.3962
2021-07-28T00:00:00+00:00,1627430400000,39488,40384,38919,39844,131186601.4294
2021-07-28T04:00:00+00:00,1627444800000,39844,40215,39301,39915,86170698.5762
2021-07-28T08:00:00+00:00,1627459200000,39915,40937,39387,40790,133745565.3295
2021-07-28T12:00:00+00:00,1627473600000,40790,40897,39323,39702,111757004.1477
2021-07-28T16:00:00+00:00,1627488000000,39711,40695,38806,40414,154766657.6214
2021-07-28T20:00:00+00:00,1627502400000,40414,40415,39601,40036,56783794.3894
2021-07-29T00:00:00+00:00,1627516800000,40036,40294,39255,39631,56429325.3134
2021-07-29T04:00:00+00:00,1627531200000,39631,40298,39509,39962,58414675.2454
2021-07-29T08:00:00+00:00,1627545600000,39964,40666,39521,39793,84666302.497
2021-07-29T12:00:00+00:00,1627560000000,39793,40176,39410,39960,65690899.6242
2021-07-29T16:00:00+00:00,1627574400000,39960,40179,39400,39688,82879013.7564
2021-07-29T20:00:00+00:00,1627588800000,39688,40444,39530,40046,86654974.2687
2021-07-30T00:00:00+00:00,1627603200000,40046,40276,39776,39983,70417715.9685
2021-07-30T04:00:00+00:00,1627617600000,39983,40037,39614,39737,90808527.5487
2021-07-30T08:00:00+00:00,1627632000000,39737,39781,38333,38657,115633303.949
2021-07-30T12:00:00+00:00,1627646400000,38657,39175,38585,39104,63918838.3843
2021-07-30T16:00:00+00:00,1627660800000,39104,39900,38888,39894,61749118.2595
2021-07-30T20:00:00+00:00,1627675200000,39894,42336,39744,42232,260474624.1946
2021-07-31T00:00:00+00:00,1627689600000,42230,42428,41650,41846,98689984.3927
2021-07-31T04:00:00+00:00,1627704000000,41846,41905,41220,41561,64858007.1921
2021-07-31T08:00:00+00:00,1627718400000,41561,41989,41368,41624,84368937.7688
2021-07-31T12:00:00+00:00,1627732800000,41624,41756,41142,41556,127169845.0017
2021-07-31T16:00:00+00:00,1627747200000,41556,41619,41055,41337,72371673.3141
2021-07-31T20:00:00+00:00,1627761600000,41334,42006,41168,41494,121337864.3427
2021-08-01T00:00:00+00:00,1627776000000,41494,42608,41164,42456,183144517.4291
2021-08-01T04:00:00+00:00,1627790400000,42456,42456,41604,41717,129625758.2133
2021-08-01T08:00:00+00:00,1627804800000,41717,41962,41335,41594,126251196.6068
2021-08-01T12:00:00+00:00,1627819200000,41592,41822,41160,41313,150796153.7348
2021-08-01T16:00:00+00:00,1627833600000,41313,41505,40611,41268,233573697.7866
2021-08-01T20:00:00+00:00,1627848000000,41268,41510,39415,39847,198517980.586
2021-08-02T00:00:00+00:00,1627862400000,39879,40096,39247,39788,136553450.1853
2021-08-02T04:00:00+00:00,1627876800000,39788,40448,39573,40109,107797405.0775
2021-08-02T08:00:00+00:00,1627891200000,40109,40159,39304,39537,118814247.9156
2021-08-02T12:00:00+00:00,1627905600000,39537,39815,38834,39711,124356491.4456
2021-08-02T16:00:00+00:00,1627920000000,39711,39968,39007,39179,128098462.7811
2021-08-02T20:00:00+00:00,1627934400000,39179,39535,38682,39151,117760437.5566
2021-08-03T00:00:00+00:00,1627948800000,39151,39800,38513,38657,152682151.9959
2021-08-03T04:00:00+00:00,1627963200000,38660,38816,37950,38597,189961235.9598
2021-08-03T08:00:00+00:00,1627977600000,38597,38805,38326,38503,142475800.6277
2021-08-03T12:00:00+00:00,1627992000000,38503,38702,37673,38177,174161408.4491
2021-08-03T16:00:00+00:00,1628006400000,38177,38522,37634,38015,148770016.8909
2021-08-03T20:00:00+00:00,1628020800000,38015,38631,37863,38198,106942148.5049
2021-08-04T00:00:00+00:00,1628035200000,38197,38564,37891,37965,82870848.0216
2021-08-04T04:00:00+00:00,1628049600000,37965,38205,37668,37818,94672251.1706
2021-08-04T08:00:00+00:00,1628064000000,37818,38254,37411,38155,104701894.7437
2021-08-04T12:00:00+00:00,1628078400000,38155,39478,38154,39302,192668914.8964
2021-08-04T16:00:00+00:00,1628092800000,39302,39851,39244,39762,139187523.5989
2021-08-04T20:00:00+00:00,1628107200000,39762,39969,39480,39732,126131285.1503
2021-08-05T00:00:00+00:00,1628121600000,39732,39840,39179,39441,135000156.9568
2021-08-05T04:00:00+00:00,1628136000000,39441,39535,38723,38868,143593906.5795
2021-08-05T08:00:00+00:00,1628150400000,38868,38957,37829,38008,159772805.1911
2021-08-05T12:00:00+00:00,1628164800000,38008,39396,37258,38758,280497159.4405
2021-08-05T16:00:00+00:00,1628179200000,38758,41387,38745,40729,175419742.5424
2021-08-05T20:00:00+00:00,1628193600000,40729,41313,40700,40894,75275399.7945
2021-08-06T00:00:00+00:00,1628208000000,40894,41048,39934,40234,106491456.1171
2021-08-06T04:00:00+00:00,1628222400000,40234,41233,39862,40756,132878925.5527
2021-08-06T08:00:00+00:00,1628236800000,40756,41160,40404,40534,78550795.2713
2021-08-06T12:00:00+00:00,1628251200000,40534,42469,40300,42263,179535813.7859
2021-08-06T16:00:00+00:00,1628265600000,42252,43431,42242,42949,188829626.9326
2021-08-06T20:00:00+00:00,1628280000000,42950,43006,42420,42868,240561494.4263
2021-08-07T00:00:00+00:00,1628294400000,42868,43792,42612,43731,359445423.0751
2021-08-07T04:00:00+00:00,1628308800000,43731,43975,43076,43249,469767577.9416
2021-08-07T08:00:00+00:00,1628323200000,43249,44012,43143,43841,422340516.7203
2021-08-07T12:00:00+00:00,1628337600000,43841,44583,43126,43393,223429084.9981
2021-08-07T16:00:00+00:00,1628352000000,43393,44111,42466,43993,82164850.761
2021-08-07T20:00:00+00:00,1628366400000,43982,44746,43530,44622,81255961.4378
2021-08-08T00:00:00+00:00,1628380800000,44622,44831,43805,44371,203670867.8969
2021-08-08T04:00:00+00:00,1628395200000,44371,45359,44208,44849,247313297.6497
2021-08-08T08:00:00+00:00,1628409600000,44849,45055,44110,44492,124647872.2626
2021-08-08T12:00:00+00:00,1628424000000,44492,45224,43777,44024,257535085.6918
2021-08-08T16:00:00+00:00,1628438400000,44024,44409,43287,43734,244614595.3069
2021-08-08T20:00:00+00:00,1628452800000,43734,44606,43568,43823,191531627.2211
2021-08-09T00:00:00+00:00,1628467200000,43823,43978,42791,43522,192745644.2201
2021-08-09T04:00:00+00:00,1628481600000,43522,43866,43272,43825,159178487.8359
2021-08-09T08:00:00+00:00,1628496000000,43825,46077,43633,45964,283057369.3026
2021-08-09T12:00:00+00:00,1628510400000,45964,46333,45292,45912,224215528.9598
2021-08-09T16:00:00+00:00,1628524800000,45912,46494,45714,45992,198528212.23
2021-08-09T20:00:00+00:00,1628539200000,45992,46470,44891,46273,221525543.9797
2021-08-10T00:00:00+00:00,1628553600000,46273,46755,45641,45714,179430969.4275
2021-08-10T04:00:00+00:00,1628568000000,45714,46028,45315,45958,143299398.9159
2021-08-10T08:00:00+00:00,1628582400000,45958,46176,45213,45369,133792423.5646
2021-08-10T12:00:00+00:00,1628596800000,45369,46118,44871,45183,290845145.7407
2021-08-10T16:00:00+00:00,1628611200000,45183,45600,44655,45518,198280938.0242
2021-08-10T20:00:00+00:00,1628625600000,45518,45941,45238,45591,150671851.6202
2021-08-11T00:00:00+00:00,1628640000000,45591,45995,45351,45588,148406999.3743
2021-08-11T04:00:00+00:00,1628654400000,45588,46463,45461,46370,180919349.2736
2021-08-11T08:00:00+00:00,1628668800000,46370,46606,45864,45943,170573110.6572
2021-08-11T12:00:00+00:00,1628683200000,45943,46778,45831,46480,199132131.8987
2021-08-11T16:00:00+00:00,1628697600000,46480,46611,46219,46471,125013897.3322
2021-08-11T20:00:00+00:00,1628712000000,46471,46691,45539,45546,209116885.5487
2021-08-12T00:00:00+00:00,1628726400000,45537,46236,45386,45936,137224252.5925
2021-08-12T04:00:00+00:00,1628740800000,45936,46018,44840,45266,128291015.4929
2021-08-12T08:00:00+00:00,1628755200000,45266,45680,44650,44770,61113955.7409
2021-08-12T12:00:00+00:00,1628769600000,44770,44959,43911,44213,75188519.8916
2021-08-12T16:00:00+00:00,1628784000000,44213,44533,43800,44397,57879638.3158
2021-08-12T20:00:00+00:00,1628798400000,44397,44560,43880,44417,42587025.1797
2021-08-13T00:00:00+00:00,1628812800000,44417,45390,44240,45185,44361502.2437
2021-08-13T04:00:00+00:00,1628827200000,45185,46390,44952,46128,56628182.7059
2021-08-13T08:00:00+00:00,1628841600000,46128,46588,45999,46167,53493545.8426
2021-08-13T12:00:00+00:00,1628856000000,46167,46712,46162,46385,54380247.9032
2021-08-13T16:00:00+00:00,1628870400000,46385,46661,46251,46487,46396797.7481
2021-08-13T20:00:00+00:00,1628884800000,46487,47944,46438,47850,97708816.3747
2021-08-14T00:00:00+00:00,1628899200000,47851,47877,47424,47580,38659417.3053
2021-08-14T04:00:00+00:00,1628913600000,47580,47770,47468,47645,18809172.6823
2021-08-14T08:00:00+00:00,1628928000000,47645,48211,46035,46596,107321348.5486
2021-08-14T12:00:00+00:00,1628942400000,46600,46980,46145,46978,46817061.0739
2021-08-14T16:00:00+00:00,1628956800000,46978,47408,46624,47073,31786853.4546
2021-08-14T20:00:00+00:00,1628971200000,47073,47271,46355,47114,34884771.7093
2021-08-15T00:00:00+00:00,1628985600000,47114,47411,46827,46901,24674812.1463
2021-08-15T04:00:00+00:00,1629000000000,46907,46917,45655,45763,50698883.8879
2021-08-15T08:00:00+00:00,1629014400000,45763,46183,45592,45956,58586514.2016
2021-08-15T12:00:00+00:00,1629028800000,45955,46541,45500,46205,70185070.1298
2021-08-15T16:00:00+00:00,1629043200000,46205,46464,45671,46382,48347115.6617
2021-08-15T20:00:00+00:00,1629057600000,46382,47345,46303,47012,61106235.4268
2021-08-16T00:00:00+00:00,1629072000000,47012,48080,46772,47380,79905333.4778
2021-08-16T04:00:00+00:00,1629086400000,47380,47749,47237,47343,32537718.7188
2021-08-16T08:00:00+00:00,1629100800000,47343,47698,47021,47555,56162945.6207
2021-08-16T12:00:00+00:00,1629115200000,47555,47733,45957,46356,86790787.4387
2021-08-16T16:00:00+00:00,1629129600000,46356,46680,46077,46096,43269819.7381
2021-08-16T20:00:00+00:00,1629144000000,46092,46354,45675,45917,60810742.474
2021-08-17T00:00:00+00:00,1629158400000,45917,46650,45255,46446,66270608.5042
2021-08-17T04:00:00+00:00,1629172800000,46446,46620,45631,45959,42804262.4631
2021-08-17T08:00:00+00:00,1629187200000,45959,47187,45886,46875,68826716.7096
2021-08-17T12:00:00+00:00,1629201600000,46875,47104,45654,45731,77170211.048
2021-08-17T16:00:00+00:00,1629216000000,45731,46190,45280,45477,117991802.9449
2021-08-17T20:00:00+00:00,1629230400000,45477,45549,44392,44683,121387252.0443
2021-08-18T00:00:00+00:00,1629244800000,44683,45151,44223,45085,98122776.5576
2021-08-18T04:00:00+00:00,1629259200000,45085,45511,44865,44963,50946472.5359
2021-08-18T08:00:00+00:00,1629273600000,44963,45585,44664,44764,67170251.0358
2021-08-18T12:00:00+00:00,1629288000000,44764,45865,44671,45849,73736692.3615
2021-08-18T16:00:00+00:00,1629302400000,45849,46035,44781,44923,76152067.147
2021-08-18T20:00:00+00:00,1629316800000,44915,45191,44412,44717,61323801.9613
2021-08-19T00:00:00+00:00,1629331200000,44717,45234,44030,44041,70900601.3058
2021-08-19T04:00:00+00:00,1629345600000,44041,44680,43933,44680,61458624.3847
2021-08-19T08:00:00+00:00,1629360000000,44681,44987,44203,44228,68586679.3612
2021-08-19T12:00:00+00:00,1629374400000,44228,45815,44144,45793,91566609.7801
2021-08-19T16:00:00+00:00,1629388800000,45795,46772,45431,46725,101000324.3388
2021-08-19T20:00:00+00:00,1629403200000,46725,47107,46348,46767,101454084.8372
2021-08-20T00:00:00+00:00,1629417600000,46767,47448,46642,47057,80607933.37
2021-08-20T04:00:00+00:00,1629432000000,47057,47252,46706,46851,58197604.436
2021-08-20T08:00:00+00:00,1629446400000,46851,47390,46738,46938,82191590.2731
2021-08-20T12:00:00+00:00,1629460800000,46938,48761,46897,48758,129207567.9794
2021-08-20T16:00:00+00:00,1629475200000,48758,49181,48312,48707,113107307.0602
2021-08-20T20:00:00+00:00,1629489600000,48704,49418,48632,49366,70112507.8418
2021-08-21T00:00:00+00:00,1629504000000,49366,49417,48722,48871,67214941.9242
2021-08-21T04:00:00+00:00,1629518400000,48871,49027,48592,48983,40897737.3343
2021-08-21T08:00:00+00:00,1629532800000,48983,49444,48277,48551,76166913.8378
2021-08-21T12:00:00+00:00,1629547200000,48550,49500,48488,49231,58430621.6597
2021-08-21T16:00:00+00:00,1629561600000,49231,49842,48811,49006,88102604.5393
2021-08-21T20:00:00+00:00,1629576000000,49006,49428,48828,48858,40664616.4954
2021-08-22T00:00:00+00:00,1629590400000,48858,49199,48636,48817,38858705.2689
2021-08-22T04:00:00+00:00,1629604800000,48817,49317,48814,49238,40130016.4487
2021-08-22T08:00:00+00:00,1629619200000,49238,49512,48954,49173,41648840.6377
2021-08-22T12:00:00+00:00,1629633600000,49173,49250,48072,48569,98743088.681
2021-08-22T16:00:00+00:00,1629648000000,48571,48860,48130,48691,40911983.0978
2021-08-22T20:00:00+00:00,1629662400000,48691,49548,48281,49281,54824775.8082
2021-08-23T00:00:00+00:00,1629676800000,49281,50388,49118,50307,142738565.8367
2021-08-23T04:00:00+00:00,1629691200000,50312,50466,50021,50176,99306026.1987
2021-08-23T08:00:00+00:00,1629705600000,50176,50549,50030,50443,82431748.0271
2021-08-23T12:00:00+00:00,1629720000000,50443,50506,49322,49552,143475099.353
2021-08-23T16:00:00+00:00,1629734400000,49552,49798,49091,49240,104960985.7637
2021-08-23T20:00:00+00:00,1629748800000,49240,49730,49028,49499,50885470.6359
2021-08-24T00:00:00+00:00,1629763200000,49499,49697,48777,49354,60492535.183
2021-08-24T04:00:00+00:00,1629777600000,49354,49876,49192,49795,45027745.6385
2021-08-24T08:00:00+00:00,1629792000000,49795,49873,49077,49456,50526392.8906
2021-08-24T12:00:00+00:00,1629806400000,49456,49472,48206,48307,133525312.7005
2021-08-24T16:00:00+00:00,1629820800000,48305,48407,47711,48234,139204132.7432
2021-08-24T20:00:00+00:00,1629835200000,48234,48400,47551,47677,65456149.9983
2021-08-25T00:00:00+00:00,1629849600000,47677,48290,47662,47983,63864685.837
2021-08-25T04:00:00+00:00,1629864000000,47984,48637,47894,48134,59509826.0958
2021-08-25T08:00:00+00:00,1629878400000,48134,48159,47124,47576,98779690.198
2021-08-25T12:00:00+00:00,1629892800000,47576,48861,47333,48822,97753233.5613
2021-08-25T16:00:00+00:00,1629907200000,48822,49171,48515,48673,70396290.6592
2021-08-25T20:00:00+00:00,1629921600000,48673,49250,48623,48996,51546473.2209
2021-08-26T00:00:00+00:00,1629936000000,48996,49367,47828,47911,80758413.5624
2021-08-26T04:00:00+00:00,1629950400000,47910,48056,46546,46905,160811101.9285
2021-08-26T08:00:00+00:00,1629964800000,46905,47205,46711,46844,81158515.2346
2021-08-26T12:00:00+00:00,1629979200000,46844,47439,46304,46800,145744997.9453
2021-08-26T16:00:00+00:00,1629993600000,46800,47120,46513,46934,71714708.9787
2021-08-26T20:00:00+00:00,1630008000000,46934,47452,46824,46847,48242771.7898
2021-08-27T00:00:00+00:00,1630022400000,46847,47672,46334,46828,125371293.8296
2021-08-27T04:00:00+00:00,1630036800000,46828,47552,46576,47480,84070616.6138
2021-08-27T08:00:00+00:00,1630051200000,47480,47798,47002,47474,66577045.8205
2021-08-27T12:00:00+00:00,1630065600000,47474,48456,47061,48210,128118882.831
2021-08-27T16:00:00+00:00,1630080000000,48210,48569,48007,48320,39115846.6076
2021-08-27T20:00:00+00:00,1630094400000,48320,49182,48190,49089,49753619.9245
2021-08-28T00:00:00+00:00,1630108800000,49090,49330,48863,48878,47886235.3528
2021-08-28T04:00:00+00:00,1630123200000,48878,49108,48667,48989,34249970.1802
2021-08-28T08:00:00+00:00,1630137600000,48989,49100,48667,48706,36567249.1242
2021-08-28T12:00:00+00:00,1630152000000,48706,48994,48371,48847,77921487.2268
2021-08-28T16:00:00+00:00,1630166400000,48847,49207,48527,48689,42391777.704
2021-08-28T20:00:00+00:00,1630180800000,48689,49017,48617,48937,22882114.9354
2021-08-29T00:00:00+00:00,1630195200000,48937,49680,48093,48249,93098212.5179
2021-08-29T04:00:00+00:00,1630209600000,48249,48616,47729,48516,59091470.4054
2021-08-29T08:00:00+00:00,1630224000000,48516,48682,48166,48182,42937274.1936
2021-08-29T12:00:00+00:00,1630238400000,48177,48575,48123,48514,43957665.1707
2021-08-29T16:00:00+00:00,1630252800000,48514,48911,48374,48835,38595949.0772
2021-08-29T20:00:00+00:00,1630267200000,48835,49429,48421,48794,59222435.7332
2021-08-30T00:00:00+00:00,1630281600000,48794,48905,47833,47994,51512479.0994
2021-08-30T04:00:00+00:00,1630296000000,47994,48155,47615,47969,58594429.8726
2021-08-30T08:00:00+00:00,1630310400000,47969,48251,47656,47937,45925825.0206
2021-08-30T12:00:00+00:00,1630324800000,47937,48115,47392,48047,65866438.675
2021-08-30T16:00:00+00:00,1630339200000,48047,48655,47993,48654,55452145.2611
2021-08-30T20:00:00+00:00,1630353600000,48654,48730,46863,46984,112546702.8213
2021-08-31T00:00:00+00:00,1630368000000,46983,47218,46695,47156,72731133.6181
2021-08-31T04:00:00+00:00,1630382400000,47155,47911,46837,47780,49512413.5029
2021-08-31T08:00:00+00:00,1630396800000,47780,48094,47161,48002,68868736.099
2021-08-31T12:00:00+00:00,1630411200000,48007,48269,47189,47413,73876909.524
2021-08-31T16:00:00+00:00,1630425600000,47413,47583,47016,47318,48967406.9012
2021-08-31T20:00:00+00:00,1630440000000,47318,47364,46757,47122,70185960.3268
2021-09-01T00:00:00+00:00,1630454400000,47121,47336,46521,47058,68531999.7009
2021-09-01T04:00:00+00:00,1630468800000,47058,47500,46990,47194,52282448.4349
2021-09-01T08:00:00+00:00,1630483200000,47194,47796,47129,47738,58506977.5524
2021-09-01T12:00:00+00:00,1630497600000,47738,47858,47294,47519,73517499.5453
2021-09-01T16:00:00+00:00,1630512000000,47519,49131,47428,48156,148650652.944
2021-09-01T20:00:00+00:00,1630526400000,48156,48898,48113,48846,83006097.6329
2021-09-02T00:00:00+00:00,1630540800000,48846,49921,48623,49596,118431160.9591
2021-09-02T04:00:00+00:00,1630555200000,49596,50407,49340,49882,142243369.7774
2021-09-02T08:00:00+00:00,1630569600000,49882,50220,49738,50103,73979661.1722
2021-09-02T12:00:00+00:00,1630584000000,50103,50388,49311,49567,127669748.752
2021-09-02T16:00:00+00:00,1630598400000,49567,49757,49198,49349,56987621.785
2021-09-02T20:00:00+00:00,1630612800000,49350,49867,49265,49273,83287662.2619
2021-09-03T00:00:00+00:00,1630627200000,49273,49530,48340,49510,77862630.9564
2021-09-03T04:00:00+00:00,1630641600000,49510,49751,49231,49304,70342416.561
2021-09-03T08:00:00+00:00,1630656000000,49304,50514,49273,50192,206881177.8037
2021-09-03T12:00:00+00:00,1630670400000,50192,51083,49920,50582,252384853.2251
2021-09-03T16:00:00+00:00,1630684800000,50582,50743,50258,50547,85163539.0643
2021-09-03T20:00:00+00:00,1630699200000,50547,50548,49571,50024,88580777.026
2021-09-04T00:00:00+00:00,1630713600000,50025,50364,49595,50296,55669803.6352
2021-09-04T04:00:00+00:00,1630728000000,50296,50486,50131,50214,43971806.2088
2021-09-04T08:00:00+00:00,1630742400000,50214,50564,49708,49923,67316224.0296
2021-09-04T12:00:00+00:00,1630756800000,49923,50341,49771,49899,70665674.3612
2021-09-04T16:00:00+00:00,1630771200000,49899,50063,49387,50003,75740776.5557
2021-09-04T20:00:00+00:00,1630785600000,50003,50306,49740,49936,46891059.1884
2021-09-05T00:00:00+00:00,1630800000000,49936,50360,49683,49692,63500370.0233
2021-09-05T04:00:00+00:00,1630814400000,49692,50071,49463,49878,42833304.2543
2021-09-05T08:00:00+00:00,1630828800000,49878,50422,49836,50219,66489120.638
2021-09-05T12:00:00+00:00,1630843200000,50219,50507,50041,50235,59523962.9931
2021-09-05T16:00:00+00:00,1630857600000,50235,50919,50143,50714,75529280.2855
2021-09-05T20:00:00+00:00,1630872000000,50715,51928,50677,51807,127476682.2713
2021-09-06T00:00:00+00:00,1630886400000,51807,51988,51500,51630,66783897.5522
2021-09-06T04:00:00+00:00,1630900800000,51630,52058,51587,51833,63645207.7599
2021-09-06T08:00:00+00:00,1630915200000,51833,52236,51286,51413,95942946.1968
2021-09-06T12:00:00+00:00,1630929600000,51413,51740,51044,51630,99369506.4501
2021-09-06T16:00:00+00:00,1630944000000,51630,52064,51492,51740,53248807.2118
2021-09-06T20:00:00+00:00,1630958400000,51740,52811,51664,52701,81554193.5825
2021-09-07T00:00:00+00:00,1630972800000,52701,52961,52411,52675,90297645.2517
2021-09-07T04:00:00+00:00,1630987200000,52675,52746,52075,52354,77394849.074
2021-09-07T08:00:00+00:00,1631001600000,52354,52371,50555,50944,176497658.7586
2021-09-07T12:00:00+00:00,1631016000000,50944,51114,42923,46707,360166676.776
2021-09-07T16:00:00+00:00,1631030400000,46699,47575,45885,46725,238263780.5816
2021-09-07T20:00:00+00:00,1631044800000,46713,47198,46101,46871,104016210.726
2021-09-08T00:00:00+00:00,1631059200000,46871,47361,46252,46467,84778204.9503
2021-09-08T04:00:00+00:00,1631073600000,46467,46832,45021,45087,194623905.3648
2021-09-08T08:00:00+00:00,1631088000000,45095,46785,44381,46411,150424577.3777
2021-09-08T12:00:00+00:00,1631102400000,46414,46833,45566,46084,125043533.5704
2021-09-08T16:00:00+00:00,1631116800000,46084,46537,45864,46454,90989047.0467
2021-09-08T20:00:00+00:00,1631131200000,46454,46788,45835,46059,79135366.2607
2021-09-09T00:00:00+00:00,1631145600000,46059,46366,45513,46001,99009239.7113
2021-09-09T04:00:00+00:00,1631160000000,46001,46354,45876,46276,44583491.6885
2021-09-09T08:00:00+00:00,1631174400000,46276,46542,45909,46312,81178522.0543
2021-09-09T12:00:00+00:00,1631188800000,46312,47242,45636,47003,147752821.1679
2021-09-09T16:00:00+00:00,1631203200000,47003,47404,46471,46575,87895086.6476
2021-09-09T20:00:00+00:00,1631217600000,46575,46644,46050,46392,70405214.9557
2021-09-10T00:00:00+00:00,1631232000000,46392,47039,46258,46724,43188669.3166
2021-09-10T04:00:00+00:00,1631246400000,46724,46820,45912,46114,39033354.9231
2021-09-10T08:00:00+00:00,1631260800000,46114,46396,45582,46336,59847054.8528
2021-09-10T12:00:00+00:00,1631275200000,46336,46498,44734,45422,156543885.1368
2021-09-10T16:00:00+00:00,1631289600000,45422,45821,45316,45648,36313275.1243
2021-09-10T20:00:00+00:00,1631304000000,45648,45825,44116,44859,95120422.8791
2021-09-11T00:00:00+00:00,1631318400000,44855,45501,44722,45184,58419685.5565
2021-09-11T04:00:00+00:00,1631332800000,45184,45456,44767,45041,45504062.5754
2021-09-11T08:00:00+00:00,1631347200000,45041,45721,44835,45564,42305709.5583
2021-09-11T12:00:00+00:00,1631361600000,45564,45793,45401,45586,35243902.5598
2021-09-11T16:00:00+00:00,1631376000000,45586,45994,45304,45368,35859408.1745
2021-09-11T20:00:00+00:00,1631390400000,45363,45453,44972,45170,29790275.9253
2021-09-12T00:00:00+00:00,1631404800000,45175,45345,44741,45327,27580295.0229
2021-09-12T04:00:00+00:00,1631419200000,45327,45500,45057,45367,21189840.9261
2021-09-12T08:00:00+00:00,1631433600000,45367,46211,45313,46100,59179412.149
2021-09-12T12:00:00+00:00,1631448000000,46100,46264,45750,45905,34300544.5697
2021-09-12T16:00:00+00:00,1631462400000,45897,46127,45765,45910,31651450.4993
2021-09-12T20:00:00+00:00,1631476800000,45910,46489,44911,46024,85834435.459
2021-09-13T00:00:00+00:00,1631491200000,46027,46289,44517,44607,79034187.3584
2021-09-13T04:00:00+00:00,1631505600000,44608,44976,44163,44489,79564706.7237
2021-09-13T08:00:00+00:00,1631520000000,44482,44930,44140,44874,88504523.5146
2021-09-13T12:00:00+00:00,1631534400000,44875,46918,43378,44377,266779582.7586
2021-09-13T16:00:00+00:00,1631548800000,44377,44826,44182,44757,45539334.6501
2021-09-13T20:00:00+00:00,1631563200000,44757,45530,44757,44965,47452492.1679
2021-09-14T00:00:00+00:00,1631577600000,44965,45376,44699,45202,46066083.2379
2021-09-14T04:00:00+00:00,1631592000000,45202,45900,45064,45731,50971748.226
2021-09-14T08:00:00+00:00,1631606400000,45738,46193,45699,45991,43905491.1632
2021-09-14T12:00:00+00:00,1631620800000,45991,46980,45763,46767,125546557.618
2021-09-14T16:00:00+00:00,1631635200000,46768,46880,46344,46496,50436843.7363
2021-09-14T20:00:00+00:00,1631649600000,46498,47272,46400,47145,95963455.8651
2021-09-15T00:00:00+00:00,1631664000000,47137,47447,46968,47092,127613582.0928
2021-09-15T04:00:00+00:00,1631678400000,47092,47220,46700,47190,45587796.5403
2021-09-15T08:00:00+00:00,1631692800000,47190,47730,47037,47575,67452370.1167
2021-09-15T12:00:00+00:00,1631707200000,47575,48311,47337,48311,110856009.4433
2021-09-15T16:00:00+00:00,1631721600000,48312,48455,47866,48091,73278610.2493
2021-09-15T20:00:00+00:00,1631736000000,48091,48461,47928,48143,54095586.3229
2021-09-16T00:00:00+00:00,1631750400000,48143,48211,47360,47627,62930242.2193
2021-09-16T04:00:00+00:00,1631764800000,47627,48521,47598,48363,67237834.8089
2021-09-16T08:00:00+00:00,1631779200000,48363,48370,47647,47926,45534828.2638
2021-09-16T12:00:00+00:00,1631793600000,47921,48240,47224,48040,99096745.9106
2021-09-16T16:00:00+00:00,1631808000000,48040,48176,47274,47443,63598752.9026
2021-09-16T20:00:00+00:00,1631822400000,47447,47955,47042,47758,59047261.2307
2021-09-17T00:00:00+00:00,1631836800000,47758,48112,47464,47914,61616710.097
2021-09-17T04:00:00+00:00,1631851200000,47914,48171,47666,47725,44111431.7712
2021-09-17T08:00:00+00:00,1631865600000,47725,47998,47292,47409,102495104.9754
2021-09-17T12:00:00+00:00,1631880000000,47409,47647,47138,47531,70811613.7009
2021-09-17T16:00:00+00:00,1631894400000,47532,47734,46752,47505,71410065.2859
2021-09-17T20:00:00+00:00,1631908800000,47503,47590,46781,47300,61999663.3885
2021-09-18T00:00:00+00:00,1631923200000,47304,48002,47042,47942,49123208.8877
2021-09-18T04:00:00+00:00,1631937600000,47942,48782,47924,48629,72191634.3489
2021-09-18T08:00:00+00:00,1631952000000,48629,48825,48330,48380,39842039.5262
2021-09-18T12:00:00+00:00,1631966400000,48381,48682,48251,48428,44015163.4905
2021-09-18T16:00:00+00:00,1631980800000,48428,48531,48062,48270,38300489.8245
2021-09-18T20:00:00+00:00,1631995200000,48270,48381,47810,48308,49667276.9638
2021-09-19T00:00:00+00:00,1632009600000,48308,48380,47601,47853,44077136.3001
2021-09-19T04:00:00+00:00,1632024000000,47853,48228,47771,48174,29700599.2667
2021-09-19T08:00:00+00:00,1632038400000,48174,48348,47163,47342,56767628.6929
2021-09-19T12:00:00+00:00,1632052800000,47342,47776,47066,47661,52186524.4625
2021-09-19T16:00:00+00:00,1632067200000,47659,47794,47307,47376,33084405.576
2021-09-19T20:00:00+00:00,1632081600000,47376,47672,46833,47253,57908689.5517
2021-09-20T00:00:00+00:00,1632096000000,47253,47345,45174,45529,177262450.5639
2021-09-20T04:00:00+00:00,1632110400000,45524,45833,44414,44808,109343543.7984
2021-09-20T08:00:00+00:00,1632124800000,44806,45268,43123,43706,236199839.3415
2021-09-20T12:00:00+00:00,1632139200000,43706,44151,42502,43840,273048449.2684
2021-09-20T16:00:00+00:00,1632153600000,43843,44254,42888,43847,146083584.5997
2021-09-20T20:00:00+00:00,1632168000000,43847,43956,42530,43010,110114346.0238
2021-09-21T00:00:00+00:00,1632182400000,43006,43088,40177,42685,298453677.7272
2021-09-21T04:00:00+00:00,1632196800000,42681,43329,42164,43294,100240226.8564
2021-09-21T08:00:00+00:00,1632211200000,43294,43643,43045,43285,91195084.6498
2021-09-21T12:00:00+00:00,1632225600000,43285,43552,42148,43074,129764899.8249
2021-09-21T16:00:00+00:00,1632240000000,43074,43263,41488,42000,164660932.2256
2021-09-21T20:00:00+00:00,1632254400000,42000,42311,39710,40721,359334302.6772
2021-09-22T00:00:00+00:00,1632268800000,40721,42417,40567,42060,177987539.1724
2021-09-22T04:00:00+00:00,1632283200000,42060,42770,41833,42551,77400163.883
2021-09-22T08:00:00+00:00,1632297600000,42551,42623,41850,41937,74570017.2591
2021-09-22T12:00:00+00:00,1632312000000,41937,43311,41889,43240,103763962.1822
2021-09-22T16:00:00+00:00,1632326400000,43240,44040,42896,43432,158562512.3029
2021-09-22T20:00:00+00:00,1632340800000,43432,43711,43032,43571,61530840.2847
2021-09-23T00:00:00+00:00,1632355200000,43571,44211,43091,44096,88300359.6146
2021-09-23T04:00:00+00:00,1632369600000,44096,44429,43737,44255,67629339.5155
2021-09-23T08:00:00+00:00,1632384000000,44255,44317,43375,43663,88682646.1389
2021-09-23T12:00:00+00:00,1632398400000,43663,44258,43411,43767,106679977.3602
2021-09-23T16:00:00+00:00,1632412800000,43767,44961,43602,44794,137390607.7865
2021-09-23T20:00:00+00:00,1632427200000,44794,45000,44370,44891,71499102.8697
2021-09-24T00:00:00+00:00,1632441600000,44891,45000,44222,44299,79130414.14
2021-09-24T04:00:00+00:00,1632456000000,44298,45186,43909,44859,123025639.2574
2021-09-24T08:00:00+00:00,1632470400000,44862,45084,40711,41541,369201742.2391
2021-09-24T12:00:00+00:00,1632484800000,41545,42699,40869,41981,245025391.4681
2021-09-24T16:00:00+00:00,1632499200000,41981,42561,41769,42391,109743822.2054
2021-09-24T20:00:00+00:00,1632513600000,42391,43248,42330,42839,85818989.3149
2021-09-25T00:00:00+00:00,1632528000000,42839,42976,42045,42635,50067539.6184
2021-09-25T04:00:00+00:00,1632542400000,42635,42902,42238,42395,51090582.0271
2021-09-25T08:00:00+00:00,1632556800000,42394,42995,41663,42509,95165375.1168
2021-09-25T12:00:00+00:00,1632571200000,42509,42789,42183,42696,54703140.512
2021-09-25T16:00:00+00:00,1632585600000,42696,42840,42361,42689,40759066.1953
2021-09-25T20:00:00+00:00,1632600000000,42689,42836,42398,42702,23016535.1488
2021-09-26T00:00:00+00:00,1632614400000,42702,42761,41937,42233,65025823.8551
2021-09-26T04:00:00+00:00,1632628800000,42233,42325,40784,41254,85790363.9031
2021-09-26T08:00:00+00:00,1632643200000,41254,43767,41079,43089,141809366.9363
2021-09-26T12:00:00+00:00,1632657600000,43089,43484,43089,43362,52392211.8696
2021-09-26T16:00:00+00:00,1632672000000,43362,43563,43095,43271,26410633.4434
2021-09-26T20:00:00+00:00,1632686400000,43274,43956,42701,43184,68917018.7675
2021-09-27T00:00:00+00:00,1632700800000,43184,44387,42959,44060,88010737.7819
2021-09-27T04:00:00+00:00,1632715200000,44059,44269,43683,43711,38733123.9259
2021-09-27T08:00:00+00:00,1632729600000,43711,44134,43411,43771,57763383.5107
2021-09-27T12:00:00+00:00,1632744000000,43771,44121,43056,43311,96616558.8584
2021-09-27T16:00:00+00:00,1632758400000,43311,43424,42857,43037,106586415.0085
2021-09-27T20:00:00+00:00,1632772800000,43037,43435,42097,42154,77351968.2201
2021-09-28T00:00:00+00:00,1632787200000,42153,42624,41947,42564,68619336.854
2021-09-28T04:00:00+00:00,1632801600000,42565,42777,41661,41773,77380697.9306
2021-09-28T08:00:00+00:00,1632816000000,41773,42161,41527,42101,66278694.5724
2021-09-28T12:00:00+00:00,1632830400000,42101,42572,41277,41452,139503913.3764
2021-09-28T16:00:00+00:00,1632844800000,41451,41765,41116,41593,47520789.0494
2021-09-28T20:00:00+00:00,1632859200000,41593,42018,40878,41020,46506958.4031
2021-09-29T00:00:00+00:00,1632873600000,41019,42258,40751,42201,103853297.4749
2021-09-29T04:00:00+00:00,1632888000000,42202,42500,41986,42458,56483390.9706
2021-09-29T08:00:00+00:00,1632902400000,42458,42500,42119,42404,47604224.6443
2021-09-29T12:00:00+00:00,1632916800000,42404,42601,41615,41689,90467114.5874
2021-09-29T16:00:00+00:00,1632931200000,41689,41813,41042,41196,70611242.6669
2021-09-29T20:00:00+00:00,1632945600000,41196,41560,40900,41521,37104906.8435
2021-09-30T00:00:00+00:00,1632960000000,41521,43732,41411,43605,106885332.2625
2021-09-30T04:00:00+00:00,1632974400000,43605,43838,43220,43290,44822640.434
2021-09-30T08:00:00+00:00,1632988800000,43290,43448,42646,43072,75803132.4463
2021-09-30T12:00:00+00:00,1633003200000,43072,43776,42831,43147,82235366.8004
2021-09-30T16:00:00+00:00,1633017600000,43147,44136,42829,43527,83188994.7149
2021-09-30T20:00:00+00:00,1633032000000,43527,43921,43114,43830,37137709.8181
2021-10-01T00:00:00+00:00,1633046400000,43830,44077,43286,43641,57771555.2967
2021-10-01T04:00:00+00:00,1633060800000,43641,44828,43469,44799,89462245.2132
2021-10-01T08:00:00+00:00,1633075200000,44799,47761,44734,47518,218347243.9761
2021-10-01T12:00:00+00:00,1633089600000,47518,47897,46785,47378,123353702.2269
2021-10-01T16:00:00+00:00,1633104000000,47381,48221,47268,48071,112219843.1236
2021-10-01T20:00:00+00:00,1633118400000,48070,48498,47769,48168,146348645.9437
2021-10-02T00:00:00+00:00,1633132800000,48168,48266,47465,47542,96587682.8628
2021-10-02T04:00:00+00:00,1633147200000,47542,47925,47459,47750,65248074.0846
2021-10-02T08:00:00+00:00,1633161600000,47750,47915,47521,47712,57581411.6961
2021-10-02T12:00:00+00:00,1633176000000,47712,48367,47649,47859,92327984.4102
2021-10-02T16:00:00+00:00,1633190400000,47859,48280,47682,48265,72206374.0844
2021-10-02T20:00:00+00:00,1633204800000,48265,48342,47578,47668,61827544.8254
2021-10-03T00:00:00+00:00,1633219200000,47668,48000,47108,47931,83280672.4877
2021-10-03T04:00:00+00:00,1633233600000,47931,48132,47827,47924,42838879.1826
2021-10-03T08:00:00+00:00,1633248000000,47924,48066,47661,48006,29469577.1174
2021-10-03T12:00:00+00:00,1633262400000,48006,48180,47831,47904,30734763.0692
2021-10-03T16:00:00+00:00,1633276800000,47904,49261,47852,48811,80499988.6068
2021-10-03T20:00:00+00:00,1633291200000,48811,48860,47650,48232,120874493.9712
2021-10-04T00:00:00+00:00,1633305600000,48232,48300,47372,47494,96661865.8946
2021-10-04T04:00:00+00:00,1633320000000,47494,47895,47265,47864,68834457.997
2021-10-04T08:00:00+00:00,1633334400000,47864,47975,47388,47599,47355452.7442
2021-10-04T12:00:00+00:00,1633348800000,47599,48493,46918,47789,132861657.6104
2021-10-04T16:00:00+00:00,1633363200000,47787,49537,47723,49390,237808119.2727
2021-10-04T20:00:00+00:00,1633377600000,49390,49487,48596,49239,98265773.9699
2021-10-05T00:00:00+00:00,1633392000000,49239,49800,49053,49321,85617423.1943
2021-10-05T04:00:00+00:00,1633406400000,49321,49718,49105,49494,47838705.5076
2021-10-05T08:00:00+00:00,1633420800000,49494,50411,49406,49901,139190111.0212
2021-10-05T12:00:00+00:00,1633435200000,49902,50401,49616,49808,84425895.3944
2021-10-05T16:00:00+00:00,1633449600000,49809,51447,49658,51200,118675042.4711
2021-10-05T20:00:00+00:00,1633464000000,51200,51920,51141,51495,168538671.8207
2021-10-06T00:00:00+00:00,1633478400000,51496,51639,50945,51550,85585012.2425
2021-10-06T04:00:00+00:00,1633492800000,51549,51850,51223,51476,93088748.441
2021-10-06T08:00:00+00:00,1633507200000,51476,51527,50415,51348,160052522.6195
2021-10-06T12:00:00+00:00,1633521600000,51347,55541,51298,55000,458427842.3378
2021-10-06T16:00:00+00:00,1633536000000,55000,55123,54488,55080,175989222.7933
2021-10-06T20:00:00+00:00,1633550400000,55080,55781,54842,55341,151522911.2565
2021-10-07T00:00:00+00:00,1633564800000,55341,55352,54142,54833,166981441.0206
2021-10-07T04:00:00+00:00,1633579200000,54833,55251,54297,54798,102091855.2952
2021-10-07T08:00:00+00:00,1633593600000,54798,54812,53840,54345,176121008.394
2021-10-07T12:00:00+00:00,1633608000000,54344,54731,53395,53937,172443372.5165
2021-10-07T16:00:00+00:00,1633622400000,53937,54349,53447,53992,89596627.4136
2021-10-07T20:00:00+00:00,1633636800000,53992,54649,53632,53815,97445439.8063
2021-10-08T00:00:00+00:00,1633651200000,53815,54443,53725,53843,48601307.8207
2021-10-08T04:00:00+00:00,1633665600000,53843,54991,53651,54849,71963819.7113
2021-10-08T08:00:00+00:00,1633680000000,54849,56131,54785,55273,131027730.3889
2021-10-08T12:00:00+00:00,1633694400000,55273,55326,54000,54339,127627046.1341
2021-10-08T16:00:00+00:00,1633708800000,54338,54700,54053,54696,89367379.1511
2021-10-08T20:00:00+00:00,1633723200000,54696,54778,53787,53962,84460024.7473
2021-10-09T00:00:00+00:00,1633737600000,53962,54700,53682,54577,55139190.9893
2021-10-09T04:00:00+00:00,1633752000000,54577,55097,54413,54938,57916565.3252
2021-10-09T08:00:00+00:00,1633766400000,54938,55328,54508,54805,73583744.1339
2021-10-09T12:00:00+00:00,1633780800000,54807,55500,54805,54986,64033938.823
2021-10-09T16:00:00+00:00,1633795200000,54986,55138,54604,54661,48391140.6296
2021-10-09T20:00:00+00:00,1633809600000,54661,55172,54344,54963,38994574.8429
2021-10-10T00:00:00+00:00,1633824000000,54963,55200,54102,55058,66562128.4741
2021-10-10T04:00:00+00:00,1633838400000,55058,56081,54865,55683,101202430.0827
2021-10-10T08:00:00+00:00,1633852800000,55683,55929,54722,55174,60264189.579
2021-10-10T12:00:00+00:00,1633867200000,55174,55555,54661,55395,68311127.5138
2021-10-10T16:00:00+00:00,1633881600000,55395,55549,55010,55493,61770840.1414
2021-10-10T20:00:00+00:00,1633896000000,55493,56530,54346,54688,167830952.9724
2021-10-11T00:00:00+00:00,1633910400000,54684,56821,54455,56549,136826498.1378
2021-10-11T04:00:00+00:00,1633924800000,56550,57089,56183,56814,83366421.546
2021-10-11T08:00:00+00:00,1633939200000,56814,56891,55901,56418,98968284.2071
2021-10-11T12:00:00+00:00,1633953600000,56418,57680,56129,57511,133977603.7644
2021-10-11T16:00:00+00:00,1633968000000,57511,57850,57196,57501,114720103.394
2021-10-11T20:00:00+00:00,1633982400000,57501,57523,56806,57492,128210122.377
2021-10-12T00:00:00+00:00,1633996800000,57492,57493,56424,56720,99401528.6506
2021-10-12T04:00:00+00:00,1634011200000,56720,57684,56577,57360,97853261.6905
2021-10-12T08:00:00+00:00,1634025600000,57360,57630,56698,57263,108143226.5803
2021-10-12T12:00:00+00:00,1634040000000,57263,57458,56038,56328,170134432.7432
2021-10-12T16:00:00+00:00,1634054400000,56328,56380,55188,55334,132469364.3561
2021-10-12T20:00:00+00:00,1634068800000,55334,56531,53900,56004,185665695.6275
2021-10-13T00:00:00+00:00,1634083200000,56004,56600,55828,56285,55738691.5051
2021-10-13T04:00:00+00:00,1634097600000,56285,56370,54563,54614,172184137.5439
2021-10-13T08:00:00+00:00,1634112000000,54614,55301,54233,55213,146000955.3225
2021-10-13T12:00:00+00:00,1634126400000,55213,56432,54516,56171,173605116.2488
2021-10-13T16:00:00+00:00,1634140800000,56171,57309,56080,57285,176892933.9733
2021-10-13T20:00:00+00:00,1634155200000,57285,57790,56646,57382,123576562.0035
2021-10-14T00:00:00+00:00,1634169600000,57382,58549,57161,58081,175544492.9886
2021-10-14T04:00:00+00:00,1634184000000,58081,58175,57352,57387,70392897.0038
2021-10-14T08:00:00+00:00,1634198400000,57387,58171,57222,57643,59559831.6274
2021-10-14T12:00:00+00:00,1634212800000,57646,57902,56997,57349,123700789.7558
2021-10-14T16:00:00+00:00,1634227200000,57349,58157,56709,57850,158341356.9525
2021-10-14T20:00:00+00:00,1634241600000,57850,57881,57228,57360,49693704.2463
2021-10-15T00:00:00+00:00,1634256000000,57360,59478,56869,59442,198059700.6352
2021-10-15T04:00:00+00:00,1634270400000,59442,60080,59161,59236,171663949.9154
2021-10-15T08:00:00+00:00,1634284800000,59236,59549,58766,59541,116989312.6752
2021-10-15T12:00:00+00:00,1634299200000,59541,60391,59220,60035,167728018.2836
2021-10-15T16:00:00+00:00,1634313600000,60033,61868,59991,61434,212828250.2432
2021-10-15T20:00:00+00:00,1634328000000,61434,62891,60782,61700,196566244.0992
2021-10-16T00:00:00+00:00,1634342400000,61700,61781,61117,61646,66009235.5857
2021-10-16T04:00:00+00:00,1634356800000,61646,62359,61534,61758,103801272.6164
2021-10-16T08:00:00+00:00,1634371200000,61758,62050,61318,61602,71139878.7913
2021-10-16T12:00:00+00:00,1634385600000,61602,61602,60461,60942,115498930.3836
2021-10-16T16:00:00+00:00,1634400000000,60944,61224,60109,60836,77164565.832
2021-10-16T20:00:00+00:00,1634414400000,60836,61291,60502,60878,60201587.7295
2021-10-17T00:00:00+00:00,1634428800000,60878,61371,60472,61123,59847685.5681
2021-10-17T04:00:00+00:00,1634443200000,61123,61244,60310,60341,40008755.2688
2021-10-17T08:00:00+00:00,1634457600000,60341,61466,60331,60964,67081845.0418
2021-10-17T12:00:00+00:00,1634472000000,60964,61271,60480,60767,76839385.7577
2021-10-17T16:00:00+00:00,1634486400000,60767,61071,60381,60509,43448926.4189
2021-10-17T20:00:00+00:00,1634500800000,60509,61727,58974,61533,211466757.4038
2021-10-18T00:00:00+00:00,1634515200000,61533,62557,61421,62114,92728335.0031
2021-10-18T04:00:00+00:00,1634529600000,62114,62703,61754,61873,91270078.8312
2021-10-18T08:00:00+00:00,1634544000000,61873,62456,60504,60915,168450767.3834
2021-10-18T12:00:00+00:00,1634558400000,60915,62217,59882,62000,192822256.0476
2021-10-18T16:00:00+00:00,1634572800000,62000,62381,61006,61428,116033661.4787
2021-10-18T20:00:00+00:00,1634587200000,61428,62116,61104,62026,116200465.4463
2021-10-19T00:00:00+00:00,1634601600000,62026,63025,61631,62595,151554866.9737
2021-10-19T04:00:00+00:00,1634616000000,62603,62821,62000,62291,56787501.5868
2021-10-19T08:00:00+00:00,1634630400000,62291,62562,61741,62142,69596126.8681
2021-10-19T12:00:00+00:00,1634644800000,62142,63311,61210,62404,229550518.4992
2021-10-19T16:00:00+00:00,1634659200000,62404,64312,62329,64193,143587785.4605
2021-10-19T20:00:00+00:00,1634673600000,64193,64511,63686,64312,103519457.5405
2021-10-20T00:00:00+00:00,1634688000000,64312,64388,63732,63860,76367499.317
2021-10-20T04:00:00+00:00,1634702400000,63860,64180,63503,64012,65775170.2522
2021-10-20T08:00:00+00:00,1634716800000,64012,64259,63737,63812,71713858.0246
2021-10-20T12:00:00+00:00,1634731200000,63812,67082,63782,66897,323900814.1573
2021-10-20T16:00:00+00:00,1634745600000,66897,66961,66137,66405,129831474.2841
2021-10-20T20:00:00+00:00,1634760000000,66405,66447,65451,66022,99961407.6898
2021-10-21T00:00:00+00:00,1634774400000,66022,66057,64100,65088,253775736.6317
2021-10-21T04:00:00+00:00,1634788800000,65088,65275,64132,65118,120401501.1852
2021-10-21T08:00:00+00:00,1634803200000,65118,66660,58555,64822,221036210.9946
2021-10-21T12:00:00+00:00,1634817600000,64811,65607,61543,62981,274966503.8437
2021-10-21T16:00:00+00:00,1634832000000,62982,63649,62421,62819,137733540.3303
2021-10-21T20:00:00+00:00,1634846400000,62819,63111,62021,62212,116646327.3065
2021-10-22T00:00:00+00:00,1634860800000,62212,63342,62008,63244,96699813.3654
2021-10-22T04:00:00+00:00,1634875200000,63251,63411,62507,63404,75792311.6335
2021-10-22T08:00:00+00:00,1634889600000,63404,63760,62898,63384,64200044.0842
2021-10-22T12:00:00+00:00,1634904000000,63384,63720,60500,60668,225134026.6454
2021-10-22T16:00:00+00:00,1634918400000,60668,61379,60000,61011,174057985.8112
2021-10-22T20:00:00+00:00,1634932800000,61011,61206,60111,60680,59351997.0597
2021-10-23T00:00:00+00:00,1634947200000,60680,61239,60324,61221,43946722.6437
2021-10-23T04:00:00+00:00,1634961600000,61221,61543,60692,60875,44513201.9746
2021-10-23T08:00:00+00:00,1634976000000,60875,61689,59592,61546,109644776.4559
2021-10-23T12:00:00+00:00,1634990400000,61546,61733,60711,61450,54030892.585
2021-10-23T16:00:00+00:00,1635004800000,61450,61624,60911,61014,34902929.0664
2021-10-23T20:00:00+00:00,1635019200000,61014,61440,60816,61292,32750671.8645
2021-10-24T00:00:00+00:00,1635033600000,61292,61486,60813,61220,29177549.865
2021-10-24T04:00:00+00:00,1635048000000,61220,61240,60568,60700,39205889.6611
2021-10-24T08:00:00+00:00,1635062400000,60700,61288,60140,60255,75977956.4134
2021-10-24T12:00:00+00:00,1635076800000,60247,60811,59634,59870,141377652.1692
2021-10-24T16:00:00+00:00,1635091200000,59870,60739,59481,60645,74468251.5855
2021-10-24T20:00:00+00:00,1635105600000,60645,61350,60582,60858,44553932.6294
2021-10-25T00:00:00+00:00,1635120000000,60858,62231,60648,62092,89259331.6078
2021-10-25T04:00:00+00:00,1635134400000,62092,62900,61800,62661,76986383.7402
2021-10-25T08:00:00+00:00,1635148800000,62661,63179,62480,62754,69010754.3106
2021-10-25T12:00:00+00:00,1635163200000,62754,63648,62605,63613,95306767.633
2021-10-25T16:00:00+00:00,1635177600000,63613,63733,62651,62667,106552316.1419
2021-10-25T20:00:00+00:00,1635192000000,62667,63322,62524,63086,50881544.8191
2021-10-26T00:00:00+00:00,1635206400000,63086,63294,62618,62745,38223317.2693
2021-10-26T04:00:00+00:00,1635220800000,62745,62800,62159,62438,49215923.6781
2021-10-26T08:00:00+00:00,1635235200000,62438,63108,62426,62748,57646516.7259
2021-10-26T12:00:00+00:00,1635249600000,62748,62868,61810,62504,111961311.8013
2021-10-26T16:00:00+00:00,1635264000000,62504,62727,61825,61989,83212926.6738
2021-10-26T20:00:00+00:00,1635278400000,61989,62300,59811,60312,179509630.5535
2021-10-27T00:00:00+00:00,1635292800000,60318,60846,60139,60715,99412004.8859
2021-10-27T04:00:00+00:00,1635307200000,60715,61500,59924,59961,141791570.7825
2021-10-27T08:00:00+00:00,1635321600000,59961,59965,58000,58562,258327185.0035
2021-10-27T12:00:00+00:00,1635336000000,58562,59494,58213,58841,129637199.9859
2021-10-27T16:00:00+00:00,1635350400000,58841,59205,58201,59134,193348619.5796
2021-10-27T20:00:00+00:00,1635364800000,59134,59710,58428,58449,130689139.0672
2021-10-28T00:00:00+00:00,1635379200000,58449,59197,58121,58874,80013017.8711
2021-10-28T04:00:00+00:00,1635393600000,58874,59246,58714,59015,96752308.2416
2021-10-28T08:00:00+00:00,1635408000000,59015,61300,59011,60991,151027004.1456
2021-10-28T12:00:00+00:00,1635422400000,60991,61842,60895,61172,122423188.6649
2021-10-28T16:00:00+00:00,1635436800000,61172,61522,57556,61329,322267871.4588
2021-10-28T20:00:00+00:00,1635451200000,61311,62567,60349,60613,154072200.7415
2021-10-29T00:00:00+00:00,1635465600000,60613,62085,60171,61671,102291987.4836
2021-10-29T04:00:00+00:00,1635480000000,61671,61727,60369,60558,166529781.1759
2021-10-29T08:00:00+00:00,1635494400000,60558,61365,60403,60952,145661297.4514
2021-10-29T12:00:00+00:00,1635508800000,60952,62561,60725,62327,182602774.7825
2021-10-29T16:00:00+00:00,1635523200000,62324,62994,61872,62558,114587248.731
2021-10-29T20:00:00+00:00,1635537600000,62558,62766,62070,62256,47445251.5851
2021-10-30T00:00:00+00:00,1635552000000,62256,62381,61622,61686,47199385.5149
2021-10-30T04:00:00+00:00,1635566400000,61686,61919,61300,61608,39007226.0137
2021-10-30T08:00:00+00:00,1635580800000,61608,62010,61071,61624,52315248.3509
2021-10-30T12:00:00+00:00,1635595200000,61624,62301,60690,61397,98779427.0937
2021-10-30T16:00:00+00:00,1635609600000,61397,61826,61105,61759,37616361.9981
2021-10-30T20:00:00+00:00,1635624000000,61759,61990,61223,61897,45723313.343
2021-10-31T00:00:00+00:00,1635638400000,61897,62431,61635,61753,49668423.0046
2021-10-31T04:00:00+00:00,1635652800000,61753,61797,61097,61388,50584881.4425
2021-10-31T08:00:00+00:00,1635667200000,61390,61405,60300,60480,107819733.3109
2021-10-31T12:00:00+00:00,1635681600000,60480,60833,60000,60510,108541054.1586
2021-10-31T16:00:00+00:00,1635696000000,60510,60962,60239,60744,39264156.2862
2021-10-31T20:00:00+00:00,1635710400000,60744,61664,60563,61339,63883817.384
2021-11-01T00:00:00+00:00,1635724800000,61339,61803,59710,59966,101924383.8493
2021-11-01T04:00:00+00:00,1635739200000,59964,62350,59345,62226,145984019.5676
2021-11-01T08:00:00+00:00,1635753600000,62226,62500,61711,61857,107430802.1743
2021-11-01T12:00:00+00:00,1635768000000,61857,62224,61336,61600,101945187.403
2021-11-01T16:00:00+00:00,1635782400000,61600,61601,60351,61488,114143328.5254
2021-11-01T20:00:00+00:00,1635796800000,61488,61493,60455,60936,59995851.3777
2021-11-02T00:00:00+00:00,1635811200000,60936,61606,60634,61128,64334645.4339
2021-11-02T04:00:00+00:00,1635825600000,61126,61889,61114,61571,64153382.6207
2021-11-02T08:00:00+00:00,1635840000000,61598,63647,61425,62976,155659922.1412
2021-11-02T12:00:00+00:00,1635854400000,62977,64303,62976,64059,163596001.9006
2021-11-02T16:00:00+00:00,1635868800000,64062,64303,63266,63633,94940758.7478
2021-11-02T20:00:00+00:00,1635883200000,63633,63651,62774,62807,68717970.6281