2021-04-26T00:00:00+00:00,1619395200000,2322.3,2474.9,2305,2455.5,63815454.2497
2021-04-26T04:00:00+00:00,1619409600000,2455.5,2490.6,2431.2,2454.3,19171796.4341
2021-04-26T08:00:00+00:00,1619424000000,2454.4,2529.6,2424.2,2522.5,24468545.8738
2021-04-26T12:00:00+00:00,1619438400000,2522.5,2526.6,2475.1,2512.5,41208890.7621
2021-04-26T16:00:00+00:00,1619452800000,2512.5,2535.6,2454.3,2494.9,39343770.3143
2021-04-26T20:00:00+00:00,1619467200000,2494.9,2544.8,2430,2534.8,69985323.6064
2021-04-27T00:00:00+00:00,1619481600000,2534,2549.1,2483.4,2496.6,23956793.6223
2021-04-27T04:00:00+00:00,1619496000000,2496.6,2568.5,2493.4,2547.9,15786896.1469
2021-04-27T08:00:00+00:00,1619510400000,2547.9,2580.6,2533.4,2576.2,21369291.3888
2021-04-27T12:00:00+00:00,1619524800000,2576.2,2676.9,2533.5,2667.7,59264116.4787
2021-04-27T16:00:00+00:00,1619539200000,2667.7,2684,2600.9,2625.8,40626786.8198
2021-04-27T20:00:00+00:00,1619553600000,2625.8,2670.1,2610.7,2669.5,20900565.8288
2021-04-28T00:00:00+00:00,1619568000000,2669.5,2720.6,2630,2631.7,27839676.5462
2021-04-28T04:00:00+00:00,1619582400000,2631.7,2653.3,2563.4,2615.7,31433405.2858
2021-04-28T08:00:00+00:00,1619596800000,2615.7,2711.6,2580.1,2694,40240751.275
2021-04-28T12:00:00+00:00,1619611200000,2694,2738.8,2661.5,2684.5,66403943.4384
2021-04-28T16:00:00+00:00,1619625600000,2684.5,2749.9,2669.4,2740.6,43323024.4264
2021-04-28T20:00:00+00:00,1619640000000,2740.6,2765.2,2665.9,2748.4,51036511.4161
2021-04-29T00:00:00+00:00,1619654400000,2748.4,2761.4,2686,2696.1,23786028.2604
2021-04-29T04:00:00+00:00,1619668800000,2696.1,2739.8,2669.6,2732.3,28231796.4552
2021-04-29T08:00:00+00:00,1619683200000,2732.3,2776.8,2706.7,2765.1,37332173.6232
2021-04-29T12:00:00+00:00,1619697600000,2765.1,2800.7,2743.9,2780,40921913.89
2021-04-29T16:00:00+00:00,1619712000000,2780,2789.6,2698.7,2726.9,40386446.4071
2021-04-29T20:00:00+00:00,1619726400000,2726.9,2774.9,2683.4,2759,22018318.2944
2021-04-30T00:00:00+00:00,1619740800000,2759,2770.9,2726.6,2745.1,30042407.4162
2021-04-30T04:00:00+00:00,1619755200000,2745.1,2794.3,2743.7,2776,17680670.1646
2021-04-30T08:00:00+00:00,1619769600000,2776,2801.7,2731.2,2740.6,27574472.1782
2021-04-30T12:00:00+00:00,1619784000000,2740.6,2769.6,2726.3,2739.3,32276112.8618
2021-04-30T16:00:00+00:00,1619798400000,2739.3,2788.5,2735.2,2785.4,30703144.899
2021-04-30T20:00:00+00:00,1619812800000,2785.4,2786.5,2740.2,2775,23744912.6109
2021-05-01T00:00:00+00:00,1619827200000,2775,2851.8,2755.2,2842.2,46435543.3511
2021-05-01T04:00:00+00:00,1619841600000,2842.3,2873.1,2835.1,2862.5,21541064.975
2021-05-01T08:00:00+00:00,1619856000000,2862.5,2870.7,2808.3,2859.2,32997128.053
2021-05-01T12:00:00+00:00,1619870400000,2859.2,2884,2841.1,2869.1,27262247.5048
2021-05-01T16:00:00+00:00,1619884800000,2869.1,2945.8,2869.1,2927.1,44042480.5296
2021-05-01T20:00:00+00:00,1619899200000,2927.1,2957.3,2912.2,2947.8,15688467.1198
2021-05-02T00:00:00+00:00,1619913600000,2947.8,2956.4,2900,2904.3,20845608.4178
2021-05-02T04:00:00+00:00,1619928000000,2904.3,2929.7,2873.6,2894.4,33314463.1636
2021-05-02T08:00:00+00:00,1619942400000,2894.4,2937.8,2852.6,2937,25044437.0887
2021-05-02T12:00:00+00:00,1619956800000,2937,2939.5,2903.4,2931.2,19903124.3662
2021-05-02T16:00:00+00:00,1619971200000,2931.2,2978.2,2921.3,2965.8,27768196.1045
2021-05-02T20:00:00+00:00,1619985600000,2965.8,2985.8,2931.4,2951.3,31751900.2369
2021-05-03T00:00:00+00:00,1620000000000,2951.3,3060,2951.3,3054.3,47157499.1076
2021-05-03T04:00:00+00:00,1620014400000,3054.3,3149,3037.6,3148.6,42810663.8112
2021-05-03T08:00:00+00:00,1620028800000,3148.6,3204.4,3128.6,3153.2,53076546.853
2021-05-03T12:00:00+00:00,1620043200000,3153.2,3195.7,3087.7,3166.1,52274475.0323
2021-05-03T16:00:00+00:00,1620057600000,3166.1,3340.8,3150.9,3302.7,88813091.8798
2021-05-03T20:00:00+00:00,1620072000000,3302.7,3456.6,3251.4,3431.3,111661993.6492
2021-05-04T00:00:00+00:00,1620086400000,3431.3,3453.1,3183.8,3233.8,123055033.2859
2021-05-04T04:00:00+00:00,1620100800000,3233.8,3406.9,3221.3,3316,70490544.2262
2021-05-04T08:00:00+00:00,1620115200000,3316,3490,3277.8,3485.4,80764769.8763
2021-05-04T12:00:00+00:00,1620129600000,3485.5,3528.6,3220.4,3227,179238718.0248
2021-05-04T16:00:00+00:00,1620144000000,3225.1,3415.3,3162.1,3415.3,134361518.2156
2021-05-04T20:00:00+00:00,1620158400000,3415.4,3430.1,3209.8,3238.6,103809755.1809
2021-05-05T00:00:00+00:00,1620172800000,3238.4,3380.2,3207.7,3298,69124263.8191
2021-05-05T04:00:00+00:00,1620187200000,3298,3357,3224.1,3341.4,70599840.0603
2021-05-05T08:00:00+00:00,1620201600000,3341.4,3412,3320.1,3354.6,59560222.6648
2021-05-05T12:00:00+00:00,1620216000000,3354.6,3389.9,3285.1,3308.6,80234072.7937
2021-05-05T16:00:00+00:00,1620230400000,3308.6,3485.9,3282.1,3484.4,94575154.03
2021-05-05T20:00:00+00:00,1620244800000,3484.2,3548.6,3422.5,3529.8,85889800.4165
2021-05-06T00:00:00+00:00,1620259200000,3529.8,3543.6,3443.4,3474,51991762.1229
2021-05-06T04:00:00+00:00,1620273600000,3473.9,3504.8,3378.2,3442.4,41596604.6982
2021-05-06T08:00:00+00:00,1620288000000,3442.9,3529.3,3421.3,3528.8,32572798.9518
2021-05-06T12:00:00+00:00,1620302400000,3528.8,3584.4,3464.3,3554.7,62966317.8282
2021-05-06T16:00:00+00:00,1620316800000,3554.7,3611.6,3400,3482.8,82754453.7063
2021-05-06T20:00:00+00:00,1620331200000,3482.8,3544,3435.7,3490.9,49706582.6542
2021-05-07T00:00:00+00:00,1620345600000,3490.9,3538,3399.3,3426.1,54236053.674
2021-05-07T04:00:00+00:00,1620360000000,3426.1,3480.2,3352.8,3434.9,51628129.5258
2021-05-07T08:00:00+00:00,1620374400000,3434.9,3478.4,3408.8,3445.6,27235496.821
2021-05-07T12:00:00+00:00,1620388800000,3445.6,3575.7,3424.5,3565.4,51469058.5056
2021-05-07T16:00:00+00:00,1620403200000,3565.4,3590.8,3501.8,3515,50909977.9342
2021-05-07T20:00:00+00:00,1620417600000,3515,3529.3,3423.3,3482.2,37464526.9153
2021-05-08T00:00:00+00:00,1620432000000,3482.2,3560.8,3452.3,3536.9,31886874.2506
2021-05-08T04:00:00+00:00,1620446400000,3536.9,3585,3510.6,3531.5,40671602.1425
2021-05-08T08:00:00+00:00,1620460800000,3531.5,3588.9,3527.5,3545.7,44207043.3797
2021-05-08T12:00:00+00:00,1620475200000,3545.7,3685.2,3531.1,3638.9,89701515.3218
2021-05-08T16:00:00+00:00,1620489600000,3638.9,3852.6,3638.9,3815.7,78987340.3569
2021-05-08T20:00:00+00:00,1620504000000,3815.7,3963.6,3805.4,3915.7,49102165.3298
2021-05-09T00:00:00+00:00,1620518400000,3915.7,3963.7,3821,3872.1,39566859.543
2021-05-09T04:00:00+00:00,1620532800000,3872.1,3986,3824.9,3939.9,61497268.8796
2021-05-09T08:00:00+00:00,1620547200000,3939.9,3970.8,3852.4,3852.8,39533994.2858
2021-05-09T12:00:00+00:00,1620561600000,3852.8,3883.4,3725,3880.9,82629076.0815
2021-05-09T16:00:00+00:00,1620576000000,3880.9,3969.8,3847.6,3867.9,38877228.9904
2021-05-09T20:00:00+00:00,1620590400000,3867.9,3947.8,3858.3,3928.5,18516750.4561
2021-05-10T00:00:00+00:00,1620604800000,3928.5,4079.8,3890.9,4061.8,45950510.6448
2021-05-10T04:00:00+00:00,1620619200000,4061.8,4149.6,4033.8,4110.3,123788614.1193
2021-05-10T08:00:00+00:00,1620633600000,4110.8,4174.6,3982.5,4071.1,86860562.9284
2021-05-10T12:00:00+00:00,1620648000000,4071.1,4170.8,4032.5,4162.3,95177073.8371
2021-05-10T16:00:00+00:00,1620662400000,4162.3,4213.3,3968.2,3989.4,94838507.1766
2021-05-10T20:00:00+00:00,1620676800000,3989.4,4066.1,3610.7,3948.9,192471559.823
2021-05-11T00:00:00+00:00,1620691200000,3948.9,4032.1,3775.9,3856.4,207440140.8562
2021-05-11T04:00:00+00:00,1620705600000,3856.5,3971,3834,3966.4,59698125.2157
2021-05-11T08:00:00+00:00,1620720000000,3966.4,4088.2,3900,3976.1,65662626.3071
2021-05-11T12:00:00+00:00,1620734400000,3976.1,4039.9,3897.9,4027.2,115650945.565
2021-05-11T16:00:00+00:00,1620748800000,4027.2,4103,3992,4073.3,74340842.0249
2021-05-11T20:00:00+00:00,1620763200000,4073.3,4185.9,4050.1,4179.1,65455264.6815
2021-05-12T00:00:00+00:00,1620777600000,4179.1,4362,4154.2,4340.9,69602258.1273
2021-05-12T04:00:00+00:00,1620792000000,4340.6,4373.2,4280.5,4312.7,67665799.9886
2021-05-12T08:00:00+00:00,1620806400000,4312.7,4325.9,4227.6,4280.5,56483126.6016
2021-05-12T12:00:00+00:00,1620820800000,4280.5,4381.4,4146.2,4193.8,90280985.1979
2021-05-12T16:00:00+00:00,1620835200000,4195.1,4220,3937.1,4087.9,148351401.6692
2021-05-12T20:00:00+00:00,1620849600000,4087.9,4248.2,3735,3824.2,211495892.2819
2021-05-13T00:00:00+00:00,1620864000000,3823.6,4039.6,3530.5,3945.4,361035798.3678
2021-05-13T04:00:00+00:00,1620878400000,3945.4,4029.8,3891.2,3972.1,63575740.3025
2021-05-13T08:00:00+00:00,1620892800000,3972.1,3992,3601,3748.1,245159344.6144
2021-05-13T12:00:00+00:00,1620907200000,3748.1,3900.9,3705.2,3750.4,113075745.7233
2021-05-13T16:00:00+00:00,1620921600000,3750.4,3876.8,3550,3650.4,177237931.9151
2021-05-13T20:00:00+00:00,1620936000000,3650.4,3784.5,3602.6,3719,114341448.5259
2021-05-14T00:00:00+00:00,1620950400000,3719,3903.6,3691.8,3794,69802435.5271
2021-05-14T04:00:00+00:00,1620964800000,3794,3892.2,3759.7,3886,46702442.8279
2021-05-14T08:00:00+00:00,1620979200000,3886,4034.8,3863,4007.7,59271821.4949
2021-05-14T12:00:00+00:00,1620993600000,4007.7,4172.3,3956.9,4138.1,107225147.9592
2021-05-14T16:00:00+00:00,1621008000000,4138.1,4178.2,4044.7,4051.2,79106267.1259
2021-05-14T20:00:00+00:00,1621022400000,4051.2,4110.3,3975,4080.6,76878728.4771
2021-05-15T00:00:00+00:00,1621036800000,4080.6,4137.6,4018.7,4030.3,89273062.3782
2021-05-15T04:00:00+00:00,1621051200000,4030.3,4063.6,3895.4,3912.6,101343465.3682
2021-05-15T08:00:00+00:00,1621065600000,3912.6,3965.1,3801.3,3905.3,99688307.3726
2021-05-15T12:00:00+00:00,1621080000000,3905.3,3939.2,3831.5,3880,73646809.7265
2021-05-15T16:00:00+00:00,1621094400000,3880,3880.3,3655.4,3754.9,93452941.4229
2021-05-15T20:00:00+00:00,1621108800000,3754.9,3833.1,3632,3648,66130923.3022
2021-05-16T00:00:00+00:00,1621123200000,3648,3853.5,3623,3828.8,67766026.4473
2021-05-16T04:00:00+00:00,1621137600000,3828.8,3883.4,3775.1,3868.2,53120575.2971
2021-05-16T08:00:00+00:00,1621152000000,3868.2,3869.9,3788.1,3792.4,57442261.7838
2021-05-16T12:00:00+00:00,1621166400000,3792.4,3806.6,3632.7,3635.1,81966707.2012
2021-05-16T16:00:00+00:00,1621180800000,3635.4,3673,3350.3,3419.8,193728884.0248
2021-05-16T20:00:00+00:00,1621195200000,3419.8,3591.8,3349.2,3584.8,259611528.6651
2021-05-17T00:00:00+00:00,1621209600000,3584.8,3589.4,3214.6,3243.3,176347826.5584
2021-05-17T04:00:00+00:00,1621224000000,3243.3,3534.8,3118.4,3526.6,206951713.4774
2021-05-17T08:00:00+00:00,1621238400000,3526.6,3581.3,3436,3521.6,92257215.6856
2021-05-17T12:00:00+00:00,1621252800000,3522.2,3549,3268.6,3286.8,97807471.8458
2021-05-17T16:00:00+00:00,1621267200000,3286.8,3405.5,3121.8,3381.9,136050253.865
2021-05-17T20:00:00+00:00,1621281600000,3381.9,3455.4,3193.6,3282.9,95122018.4249
2021-05-18T00:00:00+00:00,1621296000000,3283.9,3420,3240.9,3388.1,70144769.0766
2021-05-18T04:00:00+00:00,1621310400000,3388.1,3565.8,3383,3514.7,69219868.4505
2021-05-18T08:00:00+00:00,1621324800000,3514.8,3567.7,3438.4,3539.4,56352253.2157
2021-05-18T12:00:00+00:00,1621339200000,3539.4,3545.6,3262.6,3350.4,158340462.2766
2021-05-18T16:00:00+00:00,1621353600000,3350.4,3441.6,3315.4,3405.9,98689378.1934
2021-05-18T20:00:00+00:00,1621368000000,3405.9,3467.9,3325,3377.3,70621609.3169
2021-05-19T00:00:00+00:00,1621382400000,3377.3,3442.4,3056,3099.4,152456692.5479
2021-05-19T04:00:00+00:00,1621396800000,3100.2,3134.5,2856,2985.4,217055417.3018
2021-05-19T08:00:00+00:00,1621411200000,2985.5,3007.7,2430,2722.3,195363083.483
2021-05-19T12:00:00+00:00,1621425600000,2722.7,2932.3,1821.8,2740.3,582559257.517
2021-05-19T16:00:00+00:00,1621440000000,2745.8,2945,2500,2605.1,299889509.819
2021-05-19T20:00:00+00:00,1621454400000,2605.1,2721,2401,2454,190968966.0226
2021-05-20T00:00:00+00:00,1621468800000,2443,2550.1,2154,2475.6,262487725.8204
2021-05-20T04:00:00+00:00,1621483200000,2475.6,2780,2457.8,2716.8,139291616.2587
2021-05-20T08:00:00+00:00,1621497600000,2716.8,2763.3,2502.3,2757.8,98766368.9502
2021-05-20T12:00:00+00:00,1621512000000,2757.9,2993.8,2711.9,2909.4,181647543.9404
2021-05-20T16:00:00+00:00,1621526400000,2908,2910.5,2562,2788.3,162258021.7748
2021-05-20T20:00:00+00:00,1621540800000,2787.9,2863.5,2716.9,2773.2,86297497.0668
2021-05-21T00:00:00+00:00,1621555200000,2773.2,2944.1,2766.7,2794.1,82641905.9012
2021-05-21T04:00:00+00:00,1621569600000,2794.9,2810.8,2683.3,2690.4,90215889.3687
2021-05-21T08:00:00+00:00,1621584000000,2690.4,2786.8,2630,2714.1,104652193.2638
2021-05-21T12:00:00+00:00,1621598400000,2714.1,2765,2367.2,2423.3,242373423.5431
2021-05-21T16:00:00+00:00,1621612800000,2424.4,2521.1,2310.3,2349.2,152382616.8975
2021-05-21T20:00:00+00:00,1621627200000,2349.2,2438.7,2105,2434.7,158712568.1675
2021-05-22T00:00:00+00:00,1621641600000,2434.7,2489,2306.8,2332.1,88839027.8733
2021-05-22T04:00:00+00:00,1621656000000,2332.1,2354,2153.3,2249.5,171535340.5756
2021-05-22T08:00:00+00:00,1621670400000,2249.5,2500,2247.3,2417.6,126491473.0337
2021-05-22T12:00:00+00:00,1621684800000,2417.6,2500,2291.8,2369.4,103602474.583
2021-05-22T16:00:00+00:00,1621699200000,2369.4,2398.1,2253.8,2257.6,69967160.9758
2021-05-22T20:00:00+00:00,1621713600000,2257.6,2386.2,2256.4,2296.7,45843685.0014
2021-05-23T00:00:00+00:00,1621728000000,2296.7,2382.2,2254.7,2319.2,70578750.1076
2021-05-23T04:00:00+00:00,1621742400000,2319.2,2319.2,2128,2157.9,90250865.1848
2021-05-23T08:00:00+00:00,1621756800000,2157.9,2282.7,1989,2118.9,224165045.318
2021-05-23T12:00:00+00:00,1621771200000,2118.9,2140.9,1870,1924.9,209783471.1852
2021-05-23T16:00:00+00:00,1621785600000,1924.9,2001.9,1730,1970.5,225520570.266
2021-05-23T20:00:00+00:00,1621800000000,1970.5,2153.7,1970.4,2098.5,92016785.9992
2021-05-24T00:00:00+00:00,1621814400000,2098.5,2200,2051,2144.5,87625480.6585
2021-05-24T04:00:00+00:00,1621828800000,2144.5,2301.4,2070,2294.9,98296753.7271
2021-05-24T08:00:00+00:00,1621843200000,2294.7,2389,2225.4,2371,79081211.8215
2021-05-24T12:00:00+00:00,1621857600000,2371,2530,2342.7,2511.8,134482640.2145
2021-05-24T16:00:00+00:00,1621872000000,2511.8,2665.6,2365.3,2653.1,169964860.4322
2021-05-24T20:00:00+00:00,1621886400000,2653.1,2676.2,2533.6,2652.1,181251853.2389
2021-05-25T00:00:00+00:00,1621900800000,2652.1,2754,2538.5,2588.5,150643448.553
2021-05-25T04:00:00+00:00,1621915200000,2588.6,2687.7,2525.5,2664.5,108357936.7206
2021-05-25T08:00:00+00:00,1621929600000,2664.5,2677.6,2386.1,2395.9,136343357.3888
2021-05-25T12:00:00+00:00,1621944000000,2395.9,2654,2386.6,2615.5,179384352.7233
2021-05-25T16:00:00+00:00,1621958400000,2615.4,2624,2493.2,2515.9,80662736.9644
2021-05-25T20:00:00+00:00,1621972800000,2515.9,2736.9,2509.9,2708.5,117536157.3278
2021-05-26T00:00:00+00:00,1621987200000,2708.5,2849.9,2650,2844.4,132223987.6338
2021-05-26T04:00:00+00:00,1622001600000,2844.4,2900.4,2777,2895.3,79077994.0553
2021-05-26T08:00:00+00:00,1622016000000,2895.4,2915.5,2780,2837.2,90347291.1876
2021-05-26T12:00:00+00:00,1622030400000,2837.2,2871.9,2690,2748.8,100891220.0297
2021-05-26T16:00:00+00:00,1622044800000,2748.8,2794.9,2670,2743.6,57494064.0654
2021-05-26T20:00:00+00:00,1622059200000,2743.6,2892.1,2724.3,2890.6,96314792.362
2021-05-27T00:00:00+00:00,1622073600000,2890.6,2895,2643,2685.1,189904145.8181
2021-05-27T04:00:00+00:00,1622088000000,2685.1,2762.3,2650,2739.6,71478570.6811
2021-05-27T08:00:00+00:00,1622102400000,2739.6,2844.2,2690.3,2829.8,54632677.7906
2021-05-27T12:00:00+00:00,1622116800000,2829.8,2871.7,2777.8,2806.4,58565758.8797
2021-05-27T16:00:00+00:00,1622131200000,2806.4,2818.4,2711,2760.3,59155152.3276
2021-05-27T20:00:00+00:00,1622145600000,2760.3,2860,2703.9,2745.7,71193713.3541
2021-05-28T00:00:00+00:00,1622160000000,2745.7,2764.4,2671.5,2718.7,83996091.9064
2021-05-28T04:00:00+00:00,1622174400000,2718.7,2718.7,2515.5,2568.5,144568838.0909
2021-05-28T08:00:00+00:00,1622188800000,2568.5,2585.3,2421.2,2438.2,127560130.9213
2021-05-28T12:00:00+00:00,1622203200000,2438.2,2622,2423.8,2560.9,107174609.9807
2021-05-28T16:00:00+00:00,1622217600000,2560.9,2575.7,2460.8,2502.2,79050611.4242
2021-05-28T20:00:00+00:00,1622232000000,2502.2,2525.7,2330,2413,135424274.6349
2021-05-29T00:00:00+00:00,1622246400000,2413,2549.8,2396.7,2527.3,92614412.5351
2021-05-29T04:00:00+00:00,1622260800000,2527.3,2575.4,2465.2,2491.4,96654794.9457
2021-05-29T08:00:00+00:00,1622275200000,2491.2,2499.3,2380.9,2452.9,93429547.3546
2021-05-29T12:00:00+00:00,1622289600000,2452.9,2461,2286.6,2329.4,110322994.1566
2021-05-29T16:00:00+00:00,1622304000000,2329.4,2389.7,2219.9,2249.5,116180670.5106
2021-05-29T20:00:00+00:00,1622318400000,2249.5,2323.6,2208.3,2279.9,86881055.3469
2021-05-30T00:00:00+00:00,1622332800000,2280,2364.4,2182.3,2298.5,82783709.3964
2021-05-30T04:00:00+00:00,1622347200000,2298.5,2463.7,2277.5,2454.7,82751826.5174
2021-05-30T08:00:00+00:00,1622361600000,2454.8,2478.9,2388.3,2462.8,73328361.421
2021-05-30T12:00:00+00:00,1622376000000,2462.8,2469.6,2339.9,2383.7,64549856.3062
2021-05-30T16:00:00+00:00,1622390400000,2383.9,2469.4,2365.5,2443.7,65267488.9639
2021-05-30T20:00:00+00:00,1622404800000,2443.7,2460,2379.7,2387.5,56264387.6201
2021-05-31T00:00:00+00:00,1622419200000,2387.5,2416.9,2269,2302.8,96068524.1302
2021-05-31T04:00:00+00:00,1622433600000,2302.8,2460,2283.5,2453.3,83386923.5414
2021-05-31T08:00:00+00:00,1622448000000,2453.1,2587.5,2420,2553.3,95846963.1816
2021-05-31T12:00:00+00:00,1622462400000,2553.3,2646,2510,2639.8,102661856.3063
2021-05-31T16:00:00+00:00,1622476800000,2639.8,2679.5,2575.4,2628.2,57514369.423
2021-05-31T20:00:00+00:00,1622491200000,2628.2,2720,2595.6,2707.1,68260762.8767
2021-06-01T00:00:00+00:00,1622505600000,2707.1,2741.3,2613.9,2631.4,85884714.9986
2021-06-01T04:00:00+00:00,1622520000000,2631.4,2717.1,2617.3,2653.9,68404426.116
2021-06-01T08:00:00+00:00,1622534400000,2653.9,2675.3,2547.6,2623.6,96209522.8977
2021-06-01T12:00:00+00:00,1622548800000,2624.1,2673.9,2527.2,2567.7,102473305.1972
2021-06-01T16:00:00+00:00,1622563200000,2567.7,2587,2527,2543,57057218.5781
2021-06-01T20:00:00+00:00,1622577600000,2543,2650,2535.7,2634.5,52546868.0471
2021-06-02T00:00:00+00:00,1622592000000,2634.5,2650.6,2551.7,2615.3,63019933.6012
2021-06-02T04:00:00+00:00,1622606400000,2615.3,2708.7,2608,2693.3,59012838.6145
2021-06-02T08:00:00+00:00,1622620800000,2693.3,2721.7,2661.7,2695.9,67837905.4981
2021-06-02T12:00:00+00:00,1622635200000,2695.9,2799,2661.8,2791.2,78750122.7351
2021-06-02T16:00:00+00:00,1622649600000,2791.3,2803.2,2741.1,2758.5,55954834.2453
2021-06-02T20:00:00+00:00,1622664000000,2758.2,2764.8,2673.1,2706.8,48332544.4504
2021-06-03T00:00:00+00:00,1622678400000,2706.8,2734.2,2662.9,2725.8,62603392.5034
2021-06-03T04:00:00+00:00,1622692800000,2725.9,2850,2723.8,2819.9,78859278.0852
2021-06-03T08:00:00+00:00,1622707200000,2819.9,2896.5,2800.8,2808,71607328.6125
2021-06-03T12:00:00+00:00,1622721600000,2808.1,2848,2747.4,2789.8,95600823.9501
2021-06-03T16:00:00+00:00,1622736000000,2789.8,2888.9,2780.3,2794.2,54093596.4598
2021-06-03T20:00:00+00:00,1622750400000,2794.2,2873.1,2790.1,2857.1,34525965.3396
2021-06-04T00:00:00+00:00,1622764800000,2857.1,2860.4,2677,2754.2,104376601.3815
2021-06-04T04:00:00+00:00,1622779200000,2754.2,2783.4,2568.8,2620.2,139135668.471
2021-06-04T08:00:00+00:00,1622793600000,2620.3,2665.7,2580,2624.8,63713224.1024
2021-06-04T12:00:00+00:00,1622808000000,2624.8,2674.4,2552,2659.1,124001569.1939
2021-06-04T16:00:00+00:00,1622822400000,2659.1,2713.9,2651.6,2682.7,44997147.4302
2021-06-04T20:00:00+00:00,1622836800000,2682.7,2740.5,2650.4,2691,39606446.1455
2021-06-05T00:00:00+00:00,1622851200000,2691,2782.3,2675.4,2764.6,41877913.262
2021-06-05T04:00:00+00:00,1622865600000,2764.6,2813.4,2754.6,2782.8,35254762.9253
2021-06-05T08:00:00+00:00,1622880000000,2782.8,2817.6,2624.1,2641.5,79535016.8157
2021-06-05T12:00:00+00:00,1622894400000,2641.5,2664.5,2582,2653.6,108363761.2618
2021-06-05T16:00:00+00:00,1622908800000,2653.6,2654.8,2600,2604.1,29903584.5706
2021-06-05T20:00:00+00:00,1622923200000,2604.1,2647.7,2553.2,2627.3,61707318.4171
2021-06-06T00:00:00+00:00,1622937600000,2627.3,2695.5,2614.6,2676,49374979.9189
2021-06-06T04:00:00+00:00,1622952000000,2675.9,2711,2650.8,2691.3,33654941.9524
2021-06-06T08:00:00+00:00,1622966400000,2691.3,2746.9,2689.6,2692.1,51420212.666
2021-06-06T12:00:00+00:00,1622980800000,2692.1,2734.3,2650.7,2721.3,43605632.6247
2021-06-06T16:00:00+00:00,1622995200000,2721.3,2737.7,2672.6,2673.8,26674332.4332
2021-06-06T20:00:00+00:00,1623009600000,2673.8,2719.7,2666.2,2712.8,25296547.042
2021-06-07T00:00:00+00:00,1623024000000,2712.8,2800,2691.1,2767.8,57766005.0638
2021-06-07T04:00:00+00:00,1623038400000,2767.8,2798.7,2738,2766.9,32505898.615
2021-06-07T08:00:00+00:00,1623052800000,2766.9,2859,2746.8,2814.2,112484857.6716
2021-06-07T12:00:00+00:00,1623067200000,2814.3,2849,2753.3,2783.8,62369079.8123
2021-06-07T16:00:00+00:00,1623081600000,2783.8,2790.8,2674.1,2731.5,102086873.8687
2021-06-07T20:00:00+00:00,1623096000000,2731.5,2741.3,2570,2592.3,131120117.9747
2021-06-08T00:00:00+00:00,1623110400000,2592.3,2622.1,2424.7,2490.5,143431249.9191
2021-06-08T04:00:00+00:00,1623124800000,2490.5,2542.6,2439.1,2516.9,118640601.9047
2021-06-08T08:00:00+00:00,1623139200000,2516.9,2561.1,2474.5,2532.8,93693749.8945
2021-06-08T12:00:00+00:00,1623153600000,2532.8,2540.8,2308.8,2376.6,119958601.4952
2021-06-08T16:00:00+00:00,1623168000000,2376.6,2512.6,2357.2,2503.1,97012411.2311
2021-06-08T20:00:00+00:00,1623182400000,2503.1,2551.3,2485.7,2509.6,69075121.6063
2021-06-09T00:00:00+00:00,1623196800000,2509.6,2526.1,2415.3,2456.4,57923124.4936
2021-06-09T04:00:00+00:00,1623211200000,2456.4,2545,2406.8,2505.9,49318811.2776
2021-06-09T08:00:00+00:00,1623225600000,2505.9,2548.9,2471.3,2537.4,46660621.8002
2021-06-09T12:00:00+00:00,1623240000000,2537.3,2581.7,2449,2568.4,96384979.688
2021-06-09T16:00:00+00:00,1623254400000,2568.4,2628.6,2551.3,2564.8,56199991.7812
2021-06-09T20:00:00+00:00,1623268800000,2564.8,2628.5,2550.7,2612.3,29448702.7618
2021-06-10T00:00:00+00:00,1623283200000,2611.8,2625.9,2563.2,2564.1,34910902.5758
2021-06-10T04:00:00+00:00,1623297600000,2564.1,2577,2523.1,2549.6,32096259.5447
2021-06-10T08:00:00+00:00,1623312000000,2549.6,2607.2,2495,2567.3,47859525.6364
2021-06-10T12:00:00+00:00,1623326400000,2567.3,2571.3,2498,2513.4,42322457.0951
2021-06-10T16:00:00+00:00,1623340800000,2513.4,2524.5,2446.4,2460.7,36464602.0553
2021-06-10T20:00:00+00:00,1623355200000,2460.7,2506.2,2427.4,2472.1,27240763.6575
2021-06-11T00:00:00+00:00,1623369600000,2472.1,2498.5,2403.4,2465.9,40387339.115
2021-06-11T04:00:00+00:00,1623384000000,2465.9,2490.5,2415.8,2446.4,26729775.3442
2021-06-11T08:00:00+00:00,1623398400000,2446.4,2486.8,2440.6,2472.3,26455625.2723
2021-06-11T12:00:00+00:00,1623412800000,2472.3,2481.2,2410.6,2416.4,24015917.538
2021-06-11T16:00:00+00:00,1623427200000,2416.4,2429.9,2368.5,2398.5,31839686.3705
2021-06-11T20:00:00+00:00,1623441600000,2398.5,2411.2,2319.9,2353.9,30460061.4425
2021-06-12T00:00:00+00:00,1623456000000,2353.8,2365,2256.7,2301.8,52844694.7304
2021-06-12T04:00:00+00:00,1623470400000,2301.8,2326.2,2276.1,2322.9,25708338.0143
2021-06-12T08:00:00+00:00,1623484800000,2322.9,2397.6,2300.4,2389.5,40062556.3395
2021-06-12T12:00:00+00:00,1623499200000,2389.9,2454.4,2382.8,2393.9,28451228.8129
2021-06-12T16:00:00+00:00,1623513600000,2393.9,2427.8,2381.7,2410.8,19354671.4355
2021-06-12T20:00:00+00:00,1623528000000,2410.8,2422.7,2364.7,2371.2,12324288.8573
2021-06-13T00:00:00+00:00,1623542400000,2371.2,2419.8,2322,2333.4,28304028.7072
2021-06-13T04:00:00+00:00,1623556800000,2333.4,2347.5,2309,2325.2,19291517.4701
2021-06-13T08:00:00+00:00,1623571200000,2325.2,2380.2,2321.2,2363.6,21955721.6055
2021-06-13T12:00:00+00:00,1623585600000,2363.6,2382.9,2329.6,2351.8,16174679.7555
2021-06-13T16:00:00+00:00,1623600000000,2351.8,2446.9,2345.1,2431.1,35962170.7354
2021-06-13T20:00:00+00:00,1623614400000,2431.2,2549.9,2429.2,2509.8,39297136.3637
2021-06-14T00:00:00+00:00,1623628800000,2509.9,2526.9,2466.9,2478.4,16437692.1048
2021-06-14T04:00:00+00:00,1623643200000,2478.4,2510,2470.1,2500.9,10958350.116
2021-06-14T08:00:00+00:00,1623657600000,2500.9,2502.8,2462.3,2479.1,13843800.33
2021-06-14T12:00:00+00:00,1623672000000,2479.1,2581.6,2471.1,2577.8,36778237.8986
2021-06-14T16:00:00+00:00,1623686400000,2577.8,2637.6,2519.9,2539.2,34120232.0336
2021-06-14T20:00:00+00:00,1623700800000,2539.2,2588.2,2533.2,2582.1,29742744.7949
2021-06-15T00:00:00+00:00,1623715200000,2582.1,2625,2567.4,2588.2,19907439.5573
2021-06-15T04:00:00+00:00,1623729600000,2588.2,2640.9,2582.8,2622.9,25841067.2813
2021-06-15T08:00:00+00:00,1623744000000,2622.9,2625.7,2563.9,2577.5,31172308.8238
2021-06-15T12:00:00+00:00,1623758400000,2577.5,2605.9,2529.2,2551.6,30207519.8566
2021-06-15T16:00:00+00:00,1623772800000,2551.5,2615,2524.3,2531.8,38946135.2985
2021-06-15T20:00:00+00:00,1623787200000,2531.8,2566.1,2508,2543.3,21382491.0143
2021-06-16T00:00:00+00:00,1623801600000,2543.3,2543.3,2501.2,2521.9,16900885.1284
2021-06-16T04:00:00+00:00,1623816000000,2521.9,2557.4,2513,2527.8,13684868.0441
2021-06-16T08:00:00+00:00,1623830400000,2527.8,2542,2457.8,2461.3,41668773.2423
2021-06-16T12:00:00+00:00,1623844800000,2461.3,2468.2,2406.7,2416.4,33821425.5181
2021-06-16T16:00:00+00:00,1623859200000,2416.4,2457.8,2376,2427.6,54172565.1779
2021-06-16T20:00:00+00:00,1623873600000,2427.6,2427.6,2351.1,2367.3,33987376.4318
2021-06-17T00:00:00+00:00,1623888000000,2367.3,2440.4,2358.2,2434,22647465.1205
2021-06-17T04:00:00+00:00,1623902400000,2434,2461.1,2412,2441.3,21968121.3674
2021-06-17T08:00:00+00:00,1623916800000,2441.3,2454.7,2423.4,2425.6,16275509.5928
2021-06-17T12:00:00+00:00,1623931200000,2425.6,2427,2366.5,2417,46007720.7816
2021-06-17T16:00:00+00:00,1623945600000,2417,2424.6,2304.5,2340,51340064.3889
2021-06-17T20:00:00+00:00,1623960000000,2340,2378.9,2320.7,2373.3,15768967.8158
2021-06-18T00:00:00+00:00,1623974400000,2373.3,2377.3,2311.1,2340.8,23546765.2486
2021-06-18T04:00:00+00:00,1623988800000,2340.8,2368,2323.3,2340.7,25062186.8034
2021-06-18T08:00:00+00:00,1624003200000,2340.7,2358.6,2278.9,2319.2,59261015.9932
2021-06-18T12:00:00+00:00,1624017600000,2319.2,2325.5,2211.2,2214.6,80275132.7017
2021-06-18T16:00:00+00:00,1624032000000,2214.6,2245.9,2137.6,2154.5,66103887.894
2021-06-18T20:00:00+00:00,1624046400000,2154.5,2235.9,2151.3,2234,43211516.1857
2021-06-19T00:00:00+00:00,1624060800000,2234,2255.4,2168.1,2188.9,28938118.016
2021-06-19T04:00:00+00:00,1624075200000,2188.9,2249.7,2180.9,2246.3,30017946.4284
2021-06-19T08:00:00+00:00,1624089600000,2246.3,2260.2,2219.1,2241.8,17215035.3834
2021-06-19T12:00:00+00:00,1624104000000,2241.8,2278.6,2220.4,2247.2,22541943.4989
2021-06-19T16:00:00+00:00,1624118400000,2247.2,2253.9,2188.5,2221.5,25457805.2675
2021-06-19T20:00:00+00:00,1624132800000,2221.5,2229.3,2161.4,2163.8,18020671.7399
2021-06-20T00:00:00+00:00,1624147200000,2163.8,2194,2142.7,2184.2,18353076.1734
2021-06-20T04:00:00+00:00,1624161600000,2184.2,2220.3,2180.8,2203.4,9935508.5691
2021-06-20T08:00:00+00:00,1624176000000,2203.4,2209.9,2061,2074.2,46529568.4701
2021-06-20T12:00:00+00:00,1624190400000,2074.2,2126.2,2042,2110.5,39323072.3935
2021-06-20T16:00:00+00:00,1624204800000,2110.5,2240.4,2102.4,2222.5,31831712.2052
2021-06-20T20:00:00+00:00,1624219200000,2222.6,2276.5,2216,2243.3,27667550.9707
2021-06-21T00:00:00+00:00,1624233600000,2243.3,2259.6,2154.7,2156.7,24907425.7902
2021-06-21T04:00:00+00:00,1624248000000,2156.7,2161.5,1960,2012.5,155123774.9137
2021-06-21T08:00:00+00:00,1624262400000,2012.5,2057,1891.8,1969.6,171031314.4644
2021-06-21T12:00:00+00:00,1624276800000,1969.6,2023.8,1913.9,1983,56548552.1769
2021-06-21T16:00:00+00:00,1624291200000,1983,2000.4,1910.5,1943.3,61024883.8134
2021-06-21T20:00:00+00:00,1624305600000,1943.3,1956,1860,1885,80648885.168
2021-06-22T00:00:00+00:00,1624320000000,1885.6,1997.4,1860,1976.6,53490709.2913
2021-06-22T04:00:00+00:00,1624334400000,1976.6,1982.2,1927,1944.9,18140558.9606
2021-06-22T08:00:00+00:00,1624348800000,1944.9,1946.3,1855,1866.1,74005112.9172
2021-06-22T12:00:00+00:00,1624363200000,1866.2,1892,1699.9,1862,187591800.4356
2021-06-22T16:00:00+00:00,1624377600000,1862.1,1955.8,1854.3,1897.4,62398915.5532
2021-06-22T20:00:00+00:00,1624392000000,1897.4,1936.3,1848.1,1880.1,36107245.4802
2021-06-23T00:00:00+00:00,1624406400000,1880.1,2034.8,1822.9,2012.6,74627701.0578
2021-06-23T04:00:00+00:00,1624420800000,2012.6,2045.1,1990.6,2006.4,29150444.7131
2021-06-23T08:00:00+00:00,1624435200000,2006.4,2024.9,1967.9,1991.9,24271266.9778
2021-06-23T12:00:00+00:00,1624449600000,1991.9,2041.6,1968.6,1975.2,43665059.8058
2021-06-23T16:00:00+00:00,1624464000000,1975.2,2002.7,1916.8,1916.8,32417854.9731
2021-06-23T20:00:00+00:00,1624478400000,1916.8,1974,1909.1,1968.6,25791270.9174
2021-06-24T00:00:00+00:00,1624492800000,1968.6,1982.6,1885.7,1905.5,26530702.2716
2021-06-24T04:00:00+00:00,1624507200000,1905.5,1943.5,1896.5,1920.1,16794389.9601
2021-06-24T08:00:00+00:00,1624521600000,1920.1,1969.5,1916.6,1965.6,21391864.9842
2021-06-24T12:00:00+00:00,1624536000000,1965.6,2019,1958.1,1986.3,22968514.0827
2021-06-24T16:00:00+00:00,1624550400000,1986.3,2037.4,1974.6,2012.2,22083600.5353
2021-06-24T20:00:00+00:00,1624564800000,2012.2,2019.9,1970.4,1990.1,18873981.886
2021-06-25T00:00:00+00:00,1624579200000,1990.1,2021,1961.4,1996.2,26996908.0921
2021-06-25T04:00:00+00:00,1624593600000,1996.2,2001.2,1926.7,1943.9,20543124.8968
2021-06-25T08:00:00+00:00,1624608000000,1943.9,1947.5,1849.1,1852.4,36543485.2813
2021-06-25T12:00:00+00:00,1624622400000,1852.4,1879.5,1790.5,1826,60414039.3828
2021-06-25T16:00:00+00:00,1624636800000,1826.2,1870,1790.6,1852,65739692.5732
2021-06-25T20:00:00+00:00,1624651200000,1852,1869,1799.8,1809.2,39129832.3087
2021-06-26T00:00:00+00:00,1624665600000,1809.2,1840.5,1794.1,1818.7,29095833.4168
2021-06-26T04:00:00+00:00,1624680000000,1818.8,1852.3,1744.7,1751.1,37703584.581
2021-06-26T08:00:00+00:00,1624694400000,1751.1,1810.7,1716.1,1802.4,54492154.94
2021-06-26T12:00:00+00:00,1624708800000,1802.3,1815.6,1727.9,1779.6,40408802.0077
2021-06-26T16:00:00+00:00,1624723200000,1779.6,1799,1729.3,1785.3,29793803.0245
2021-06-26T20:00:00+00:00,1624737600000,1785.3,1834.3,1752,1829.5,17459438.0576
2021-06-27T00:00:00+00:00,1624752000000,1829.5,1889.7,1812.2,1883.3,32517694.3495
2021-06-27T04:00:00+00:00,1624766400000,1883.3,1895.6,1846.6,1867.5,19344415.7833
2021-06-27T08:00:00+00:00,1624780800000,1867.5,1875.8,1812.2,1839.7,22849046.1303
2021-06-27T12:00:00+00:00,1624795200000,1839.7,1866.5,1823.4,1844.6,19734167.1691
2021-06-27T16:00:00+00:00,1624809600000,1844.6,1852.6,1806.2,1823.4,14351775.846
2021-06-27T20:00:00+00:00,1624824000000,1823.4,1986.3,1813,1983.1,44165339.1813
2021-06-28T00:00:00+00:00,1624838400000,1983.1,1997.9,1962,1968.1,34130292.4288
2021-06-28T04:00:00+00:00,1624852800000,1968.1,2056.2,1965.1,2050.5,41256875.4032
2021-06-28T08:00:00+00:00,1624867200000,2050.5,2084.9,1976.5,2000.4,49910406.2736
2021-06-28T12:00:00+00:00,1624881600000,2000.4,2124.3,1987.2,2116.8,43960126.4804
2021-06-28T16:00:00+00:00,1624896000000,2116.8,2147.4,2071.1,2115.1,43520299.3346
2021-06-28T20:00:00+00:00,1624910400000,2115.1,2143.9,2061.9,2084.5,27722343.7055
2021-06-29T00:00:00+00:00,1624924800000,2084.5,2140.4,2074.1,2104.7,32227479.5616
2021-06-29T04:00:00+00:00,1624939200000,2104.7,2171.5,2099,2131.1,38331949.6952
2021-06-29T08:00:00+00:00,1624953600000,2131.1,2190.1,2114,2177.2,40838262.7698
2021-06-29T12:00:00+00:00,1624968000000,2177.2,2236,2153.6,2219,74136201.9174
2021-06-29T16:00:00+00:00,1624982400000,2219,2246.3,2202.2,2222.6,41980996.0112
2021-06-29T20:00:00+00:00,1624996800000,2222.6,2231.8,2156.6,2165.7,31574729.275
2021-06-30T00:00:00+00:00,1625011200000,2165.7,2186.9,2120.4,2126.8,30473106.6363
2021-06-30T04:00:00+00:00,1625025600000,2126.8,2167.8,2089.3,2162.3,34861831.1353
2021-06-30T08:00:00+00:00,1625040000000,2162.3,2167.7,2106.9,2156.7,39610962.1924
2021-06-30T12:00:00+00:00,1625054400000,2156.7,2164.4,2091.3,2103.2,37911008.6628
2021-06-30T16:00:00+00:00,1625068800000,2103.2,2250,2094.3,2244.1,48425067.9446
2021-06-30T20:00:00+00:00,1625083200000,2244.1,2289.9,2224.3,2276.6,64268240.6417
2021-07-01T00:00:00+00:00,1625097600000,2276.6,2277.3,2184.3,2185.1,43762578.5499
2021-07-01T04:00:00+00:00,1625112000000,2185.1,2235,2128.2,2129.4,35344666.518
2021-07-01T08:00:00+00:00,1625126400000,2129.4,2146.1,2088.3,2138.9,47148950.3801
2021-07-01T12:00:00+00:00,1625140800000,2138.3,2145.6,2072,2119.3,55487515.9426
2021-07-01T16:00:00+00:00,1625155200000,2119.3,2130.5,2076,2100.3,56572316.1293
2021-07-01T20:00:00+00:00,1625169600000,2100.3,2141.6,2100.3,2106.3,20733865.1465
2021-07-02T00:00:00+00:00,1625184000000,2106.3,2139.5,2034.1,2040.3,34386656.2681
2021-07-02T04:00:00+00:00,1625198400000,2040.2,2070,2018.4,2061,31735030.0064
2021-07-02T08:00:00+00:00,1625212800000,2062.1,2080,2016.9,2038.7,29686534.4724
2021-07-02T12:00:00+00:00,1625227200000,2038.7,2128.5,2031.4,2124.7,43659466.4217
2021-07-02T16:00:00+00:00,1625241600000,2124.7,2125.2,2083.5,2103.4,24514087.4864
2021-07-02T20:00:00+00:00,1625256000000,2103.4,2160,2082.6,2155,24261878.2028
2021-07-03T00:00:00+00:00,1625270400000,2155,2167.3,2113,2131.3,15997673.5392
2021-07-03T04:00:00+00:00,1625284800000,2131.3,2208.6,2125,2196.4,21763746.7159
2021-07-03T08:00:00+00:00,1625299200000,2196.4,2224.4,2188.1,2214.1,26474451.4823
2021-07-03T12:00:00+00:00,1625313600000,2214.1,2240,2207.4,2225.1,19356287.9681
2021-07-03T16:00:00+00:00,1625328000000,2225.1,2237.9,2211.2,2226.5,18233412.2592
2021-07-03T20:00:00+00:00,1625342400000,2226.5,2235,2188.6,2227.6,35586323.2264
2021-07-04T00:00:00+00:00,1625356800000,2227.6,2232.2,2190,2210.7,20266312.7502
2021-07-04T04:00:00+00:00,1625371200000,2210.7,2398.2,2210,2335,74600545.8616
2021-07-04T08:00:00+00:00,1625385600000,2335,2346.8,2310.6,2331.6,23487687.8516
2021-07-04T12:00:00+00:00,1625400000000,2331.8,2333.8,2307.3,2330.9,18818904.9036
2021-07-04T16:00:00+00:00,1625414400000,2330.9,2376.2,2328,2357.5,39283995.9703
2021-07-04T20:00:00+00:00,1625428800000,2357.5,2398.2,2301.9,2323.5,45098505.9599
2021-07-05T00:00:00+00:00,1625443200000,2323.2,2324.8,2244,2264.9,59232872.0193
2021-07-05T04:00:00+00:00,1625457600000,2264.9,2292.8,2250.3,2274.4,34819849.9248
2021-07-05T08:00:00+00:00,1625472000000,2274.4,2309.1,2182,2195.3,73366384.3836
2021-07-05T12:00:00+00:00,1625486400000,2195.3,2235.5,2185.9,2206.7,43302321.7428
2021-07-05T16:00:00+00:00,1625500800000,2206.7,2251.8,2159.2,2246.4,56903168.5832
2021-07-05T20:00:00+00:00,1625515200000,2246.4,2255.9,2194.5,2196.8,39386005.5779
2021-07-06T00:00:00+00:00,1625529600000,2196.8,2251,2193.8,2238.3,35832110.0289
2021-07-06T04:00:00+00:00,1625544000000,2238.3,2344.7,2238.2,2337.4,57926736.6608
2021-07-06T08:00:00+00:00,1625558400000,2337.4,2350.6,2255.8,2293.9,74266499.9679
2021-07-06T12:00:00+00:00,1625572800000,2293.9,2380,2280.5,2305.7,71905993.1204
2021-07-06T16:00:00+00:00,1625587200000,2305.9,2337.2,2285,2328,48685878.3343
2021-07-06T20:00:00+00:00,1625601600000,2328,2332.1,2272.7,2322.8,38525329.9254
2021-07-07T00:00:00+00:00,1625616000000,2322.8,2343.4,2294.2,2340.2,52397547.4838
2021-07-07T04:00:00+00:00,1625630400000,2340.2,2410.4,2331.2,2379.3,56391236.0772
2021-07-07T08:00:00+00:00,1625644800000,2379.3,2400.7,2364.3,2385,39743307.02
2021-07-07T12:00:00+00:00,1625659200000,2385,2399.4,2326.5,2343.1,44730472.031
2021-07-07T16:00:00+00:00,1625673600000,2343.1,2373.2,2331.2,2366.8,29831701.4375
2021-07-07T20:00:00+00:00,1625688000000,2366.8,2368.1,2306.8,2316.8,46269511.0725
2021-07-08T00:00:00+00:00,1625702400000,2316.8,2325.6,2237.9,2254.5,54934952.5065
2021-07-08T04:00:00+00:00,1625716800000,2254.5,2254.5,2164,2181.7,82815452.1821
2021-07-08T08:00:00+00:00,1625731200000,2181.7,2199.4,2122.8,2168.8,69425286.7437
2021-07-08T12:00:00+00:00,1625745600000,2168.8,2180,2131.2,2175.3,59078089.0324
2021-07-08T16:00:00+00:00,1625760000000,2175.3,2180.5,2136.2,2158.5,44371030.341
2021-07-08T20:00:00+00:00,1625774400000,2158.5,2161.5,2083.7,2116,40289795.7967
2021-07-09T00:00:00+00:00,1625788800000,2116,2133.4,2048.5,2121,61451047.5898
2021-07-09T04:00:00+00:00,1625803200000,2121,2159.8,2107.3,2126.8,35277357.0914
2021-07-09T08:00:00+00:00,1625817600000,2126.8,2127.6,2072,2080.4,48804982.9418
2021-07-09T12:00:00+00:00,1625832000000,2080.4,2189.1,2064.9,2172,72313483.5476
2021-07-09T16:00:00+00:00,1625846400000,2172,2183.6,2121.7,2134.3,42542342.6937
2021-07-09T20:00:00+00:00,1625860800000,2134.3,2168.8,2123.5,2147.7,38011690.7147
2021-07-10T00:00:00+00:00,1625875200000,2147.7,2194,2123.9,2133.8,49215515.4546
2021-07-10T04:00:00+00:00,1625889600000,2133.7,2141.7,2096.5,2122.2,32306147.929
2021-07-10T08:00:00+00:00,1625904000000,2122.2,2139.3,2085.5,2109.5,38891025.9862
2021-07-10T12:00:00+00:00,1625918400000,2109.5,2125.8,2091.8,2118.5,24701645.1379
2021-07-10T16:00:00+00:00,1625932800000,2118.5,2158.4,2075,2093.8,44823432.7823
2021-07-10T20:00:00+00:00,1625947200000,2093.8,2128.1,2078.4,2111,19660753.0571
2021-07-11T00:00:00+00:00,1625961600000,2111,2138.5,2084.7,2091.1,23105668.0947
2021-07-11T04:00:00+00:00,1625976000000,2091.1,2108.1,2081.1,2099.3,13281272.4838
2021-07-11T08:00:00+00:00,1625990400000,2099.3,2134.6,2091.3,2129.4,25107398.9299
2021-07-11T12:00:00+00:00,1626004800000,2129.4,2150.5,2113.1,2145.6,22280101.4409
2021-07-11T16:00:00+00:00,1626019200000,2145.6,2155.7,2128.7,2135.4,18610189.2114
2021-07-11T20:00:00+00:00,1626033600000,2135.4,2176.2,2124.1,2140.7,28096985.3656
2021-07-12T00:00:00+00:00,1626048000000,2140.7,2168.1,2126.2,2164.3,16770782.1603
2021-07-12T04:00:00+00:00,1626062400000,2164.3,2167.8,2139.2,2145.6,25726216.5134
2021-07-12T08:00:00+00:00,1626076800000,2145.6,2157,2101,2101.2,31364580.2692
2021-07-12T12:00:00+00:00,1626091200000,2101.2,2110.9,2084.1,2087.5,22190352.6286
2021-07-12T16:00:00+00:00,1626105600000,2087.5,2097.4,2007.4,2020.2,59886864.3715
2021-07-12T20:00:00+00:00,1626120000000,2020.2,2043,2003,2032.4,19203204.4504
2021-07-13T00:00:00+00:00,1626134400000,2032.4,2043.5,2013.6,2030,22500448.7871
2021-07-13T04:00:00+00:00,1626148800000,2030,2034.3,1977.1,2027.9,44848452.7455
2021-07-13T08:00:00+00:00,1626163200000,2027.9,2047,1992.8,1996.4,31001575.0888
2021-07-13T12:00:00+00:00,1626177600000,1996.4,2007,1960.4,1997.4,55876740.5767
2021-07-13T16:00:00+00:00,1626192000000,1997.4,2006.3,1917.3,1923.4,43335613.8939
2021-07-13T20:00:00+00:00,1626206400000,1923.4,1956.5,1918.8,1940.5,24183429.0682
2021-07-14T00:00:00+00:00,1626220800000,1940.5,1944.9,1864,1883.8,67379891.5635
2021-07-14T04:00:00+00:00,1626235200000,1883.8,1906.4,1864.8,1899.9,28278119.2718
2021-07-14T08:00:00+00:00,1626249600000,1899.9,1957.5,1870.8,1948.9,39876547.329
2021-07-14T12:00:00+00:00,1626264000000,1948.9,2018.4,1939,1995.6,80382240.7927
2021-07-14T16:00:00+00:00,1626278400000,1995.6,2013.9,1971.5,1980.4,32384645.2766
2021-07-14T20:00:00+00:00,1626292800000,1980.4,2010.1,1980.4,1995.1,18596403.872
2021-07-15T00:00:00+00:00,1626307200000,1995,2042.2,1974.2,1979.6,36987775.6442
2021-07-15T04:00:00+00:00,1626321600000,1979.5,1985.2,1943.1,1953.8,26001018.5199
2021-07-15T08:00:00+00:00,1626336000000,1953.8,1978.7,1905,1913,47539797.3944
2021-07-15T12:00:00+00:00,1626350400000,1912.8,1939.4,1883.9,1913,47688508.5819
2021-07-15T16:00:00+00:00,1626364800000,1913,1928.5,1880.4,1916.9,43552630.1195
2021-07-15T20:00:00+00:00,1626379200000,1916.9,1935.1,1900.8,1919.3,16959748.5472
2021-07-16T00:00:00+00:00,1626393600000,1919.3,1957.5,1896.1,1949.8,31005703.5808
2021-07-16T04:00:00+00:00,1626408000000,1950.1,1965,1897.6,1912.4,22230007.2893
2021-07-16T08:00:00+00:00,1626422400000,1912,1913,1850,1852.2,38394506.1179
2021-07-16T12:00:00+00:00,1626436800000,1852.1,1936,1850.5,1936,147408895.2704
2021-07-16T16:00:00+00:00,1626451200000,1936.5,1942.2,1905.5,1913.5,29955412.0166
2021-07-16T20:00:00+00:00,1626465600000,1913.5,1920,1870.4,1876.9,15589089.5691
2021-07-17T00:00:00+00:00,1626480000000,1876.9,1900.8,1856.6,1867.1,22738387.4911
2021-07-17T04:00:00+00:00,1626494400000,1867.1,1895.6,1862.3,1877.8,13093202.8165
2021-07-17T08:00:00+00:00,1626508800000,1877.8,1909,1845.6,1864.9,30246901.9817
2021-07-17T12:00:00+00:00,1626523200000,1864.9,1894.4,1860.6,1887.3,19551691.1123
2021-07-17T16:00:00+00:00,1626537600000,1887.3,1920,1880.9,1908.8,27784341.6972
2021-07-17T20:00:00+00:00,1626552000000,1909,1915.7,1889.4,1899.5,25629964.6971
2021-07-18T00:00:00+00:00,1626566400000,1899.5,1994.4,1897.9,1981.8,67891970.0844
2021-07-18T04:00:00+00:00,1626580800000,1981.8,1989.7,1954.1,1959.3,22964555.701
2021-07-18T08:00:00+00:00,1626595200000,1959.3,1973.8,1951.5,1965.6,10636458.3151
2021-07-18T12:00:00+00:00,1626609600000,1965.6,1973,1880,1891,33687065.1585
2021-07-18T16:00:00+00:00,1626624000000,1891,1910.9,1878.6,1901.3,25498708.3659
2021-07-18T20:00:00+00:00,1626638400000,1901.3,1928.5,1881,1891.6,24476493.8995
2021-07-19T00:00:00+00:00,1626652800000,1891.6,1907.5,1865.6,1885.3,21723263.7994
2021-07-19T04:00:00+00:00,1626667200000,1885.3,1918.4,1881.3,1891.1,17175775.0279
2021-07-19T08:00:00+00:00,1626681600000,1891.1,1901.8,1855.2,1861.6,30731672.08
2021-07-19T12:00:00+00:00,1626696000000,1861.6,1867.8,1803.3,1819.2,64940065.6726
2021-07-19T16:00:00+00:00,1626710400000,1819.2,1831.6,1807.7,1824.8,18666987.7044
2021-07-19T20:00:00+00:00,1626724800000,1824.8,1829.6,1810.9,1818.6,10771846.4348
2021-07-20T00:00:00+00:00,1626739200000,1818.6,1841.1,1719.4,1728.9,72100345.0689
2021-07-20T04:00:00+00:00,1626753600000,1728.9,1771.3,1723.6,1761.7,31665090.0464
2021-07-20T08:00:00+00:00,1626768000000,1761.7,1764.5,1718.8,1756.2,56002370.4971
2021-07-20T12:00:00+00:00,1626782400000,1756.2,1811.6,1736,1806.5,51675365.4447
2021-07-20T16:00:00+00:00,1626796800000,1806.5,1821.2,1777.2,1789.8,24001358.1891
2021-07-20T20:00:00+00:00,1626811200000,1789.8,1806.1,1765.9,1786.3,34247402.9011
2021-07-21T00:00:00+00:00,1626825600000,1786.3,1809.9,1754.8,1801.9,25692212.1181
2021-07-21T04:00:00+00:00,1626840000000,1801.9,1888.8,1801.1,1876.5,59825956.7485
2021-07-21T08:00:00+00:00,1626854400000,1876.5,1914.4,1856.3,1906.5,47585821.86
2021-07-21T12:00:00+00:00,1626868800000,1906.6,1960,1893.2,1956,45409019.445
2021-07-21T16:00:00+00:00,1626883200000,1956.2,2042.3,1937,1938,106820906.9565
2021-07-21T20:00:00+00:00,1626897600000,1938,1996.2,1930,1996.2,43820009.1478
2021-07-22T00:00:00+00:00,1626912000000,1996.3,2023.5,1961.7,1976.6,42716527.2056
2021-07-22T04:00:00+00:00,1626926400000,1976.6,2100,1964.7,1992.7,37884241.1448
2021-07-22T08:00:00+00:00,1626940800000,1992.8,2019.2,1968.2,1985,43503845.2122
2021-07-22T12:00:00+00:00,1626955200000,1985,2044.5,1948.7,2034.5,63119699.1416
2021-07-22T16:00:00+00:00,1626969600000,2034.5,2048.4,2015.1,2029.9,42001630.3218
2021-07-22T20:00:00+00:00,1626984000000,2029.9,2031.1,1991.6,2024.6,23539398.0659
2021-07-23T00:00:00+00:00,1626998400000,2024.6,2077.6,2015.1,2060.7,50586068.1759
2021-07-23T04:00:00+00:00,1627012800000,2060.7,2094.9,2054.8,2065.7,40127202.7467
2021-07-23T08:00:00+00:00,1627027200000,2065.7,2083.8,2041,2055.3,27317537.6972
2021-07-23T12:00:00+00:00,1627041600000,2055.3,2078.4,2048,2049,19736289.0062
2021-07-23T16:00:00+00:00,1627056000000,2049,2050.4,1997,2021.6,49703703.0122
2021-07-23T20:00:00+00:00,1627070400000,2021.7,2132.7,2017.3,2125.2,43760040.9989
2021-07-24T00:00:00+00:00,1627084800000,2125.2,2142.7,2106.4,2140.7,21718390.2966
2021-07-24T04:00:00+00:00,1627099200000,2140.7,2146.4,2124.8,2133.5,16945391.7051
2021-07-24T08:00:00+00:00,1627113600000,2133.5,2169.7,2117.6,2156.2,22995276.0469
2021-07-24T12:00:00+00:00,1627128000000,2156.2,2181.5,2146.1,2152.4,24159441.4289
2021-07-24T16:00:00+00:00,1627142400000,2152.4,2199.9,2140,2146.6,42898607.8743
2021-07-24T20:00:00+00:00,1627156800000,2146.6,2189.3,2127.9,2185.8,27704003.2796
2021-07-25T00:00:00+00:00,1627171200000,2185.8,2196.1,2070,2153.9,41113890.4996
2021-07-25T04:00:00+00:00,1627185600000,2153.9,2187.1,2147.5,2177,29430932.8237
2021-07-25T08:00:00+00:00,1627200000000,2177,2184.9,2152.7,2160.5,25583294.5896
2021-07-25T12:00:00+00:00,1627214400000,2160.5,2160.6,2109,2139.3,34473391.3504
2021-07-25T16:00:00+00:00,1627228800000,2139.3,2166.1,2123,2154.2,26669383.2429
2021-07-25T20:00:00+00:00,1627243200000,2154.2,2199,2145.8,2192,29603775.6073
2021-07-26T00:00:00+00:00,1627257600000,2192,2369.3,2174.1,2318.6,164761456.024
2021-07-26T04:00:00+00:00,1627272000000,2318.6,2394.6,2279.5,2327.5,106814462.1309
2021-07-26T08:00:00+00:00,1627286400000,2327.5,2362,2301.7,2343.8,50829210.4801
2021-07-26T12:00:00+00:00,1627300800000,2343.8,2360.3,2309.9,2342.8,55973906.5631
2021-07-26T16:00:00+00:00,1627315200000,2342.8,2558,2336.3,2363.3,91976023.8193
2021-07-26T20:00:00+00:00,1627329600000,2363.3,2368.2,2205,2228.9,162139072.4363
2021-07-27T00:00:00+00:00,1627344000000,2228.9,2241.5,2152.5,2173.8,75261836.7608
2021-07-27T04:00:00+00:00,1627358400000,2173.8,2211.8,2166.7,2203.7,37072480.263
2021-07-27T08:00:00+00:00,1627372800000,2203.6,2279.5,2194.9,2279.5,38643494.55
2021-07-27T12:00:00+00:00,1627387200000,2279.5,2319.5,2243.2,2277.5,97015829.5343
2021-07-27T16:00:00+00:00,1627401600000,2277.5,2283.8,2202.6,2230,56543876.8993
2021-07-27T20:00:00+00:00,1627416000000,2230.5,2314.8,2229.4,2300.3,144635459.1985
2021-07-28T00:00:00+00:00,1627430400000,2300.3,2336.7,2266.8,2289.2,65155097.2197
2021-07-28T04:00:00+00:00,1627444800000,2289.2,2305,2246.2,2297.3,44974231.0272
2021-07-28T08:00:00+00:00,1627459200000,2297.3,2346.8,2277.7,2332.7,45079615.4217
2021-07-28T12:00:00+00:00,1627473600000,2332.7,2335.4,2269,2292.3,46243873.0701
2021-07-28T16:00:00+00:00,1627488000000,2292.3,2330,2251.1,2310.9,62273681.722
2021-07-28T20:00:00+00:00,1627502400000,2310.5,2313.9,2282.4,2300.8,24659572.1135
2021-07-29T00:00:00+00:00,1627516800000,2301.7,2308,2267.4,2278.4,21827348.7235
2021-07-29T04:00:00+00:00,1627531200000,2278.4,2306.9,2271.2,2295.9,17236136.6508
2021-07-29T08:00:00+00:00,1627545600000,2295.9,2329.9,2281.5,2294.6,33909495.3583
2021-07-29T12:00:00+00:00,1627560000000,2294.6,2336.1,2283.8,2324.5,35108779.5763
2021-07-29T16:00:00+00:00,1627574400000,2324.5,2343.1,2303.5,2311.6,52351627.9165
2021-07-29T20:00:00+00:00,1627588800000,2311.6,2406.3,2305.1,2384.1,63252243.0263
2021-07-30T00:00:00+00:00,1627603200000,2384.1,2453,2368.7,2423.7,80146278.8628
2021-07-30T04:00:00+00:00,1627617600000,2423.7,2430.6,2387.1,2405.7,41369148.7399
2021-07-30T08:00:00+00:00,1627632000000,2405.7,2407.3,2317.4,2336.5,77938575.9431
2021-07-30T12:00:00+00:00,1627646400000,2336.5,2359.1,2324.6,2348.5,27334403.4056
2021-07-30T16:00:00+00:00,1627660800000,2348.6,2380.7,2334.8,2380.2,27853484.0419
2021-07-30T20:00:00+00:00,1627675200000,2380.2,2473.9,2376.4,2463.4,91808348.5837
2021-07-31T00:00:00+00:00,1627689600000,2463.3,2484.8,2442,2465.1,41130155.0431
2021-07-31T04:00:00+00:00,1627704000000,2465.1,2469.3,2423.4,2443,23578514.9496
2021-07-31T08:00:00+00:00,1627718400000,2443,2478.8,2440.1,2459.6,31501663.3545
2021-07-31T12:00:00+00:00,1627732800000,2459.6,2468.9,2434.3,2459.5,22285026.5648
2021-07-31T16:00:00+00:00,1627747200000,2459.5,2468.1,2436.7,2458.5,19670541.3168
2021-07-31T20:00:00+00:00,1627761600000,2458.4,2555.3,2447,2533.8,60361356.3664
2021-08-01T00:00:00+00:00,1627776000000,2533.9,2622,2516,2617,49457895.9736
2021-08-01T04:00:00+00:00,1627790400000,2617,2638.8,2583.2,2588.1,37183487.2391
2021-08-01T08:00:00+00:00,1627804800000,2588.2,2616.7,2563.3,2588.2,35606122.9121
2021-08-01T12:00:00+00:00,1627819200000,2588.1,2607.8,2573.5,2583.1,35503871.998
2021-08-01T16:00:00+00:00,1627833600000,2583.1,2665,2530,2656.2,79981635.3655
2021-08-01T20:00:00+00:00,1627848000000,2656.2,2698.5,2528,2555.9,93522180.6771
2021-08-02T00:00:00+00:00,1627862400000,2556,2578.9,2505,2559.9,59419987.1039
2021-08-02T04:00:00+00:00,1627876800000,2559.9,2639.6,2542.9,2617.7,49064246.452
2021-08-02T08:00:00+00:00,1627891200000,2617.7,2623.7,2558.3,2589.9,61281161.1996
2021-08-02T12:00:00+00:00,1627905600000,2589.9,2655.7,2562,2634.1,75410717.0363
2021-08-02T16:00:00+00:00,1627920000000,2634.1,2666,2592.9,2602.7,63836743.9701
2021-08-02T20:00:00+00:00,1627934400000,2602.7,2637.7,2580.7,2607.7,57175927.3714
2021-08-03T00:00:00+00:00,1627948800000,2607.7,2632.9,2518.1,2533.8,101307366.3264
2021-08-03T04:00:00+00:00,1627963200000,2533.8,2543.8,2444,2493.2,135088187.5547
2021-08-03T08:00:00+00:00,1627977600000,2493.2,2524.2,2469.7,2488.7,60046109.6355
2021-08-03T12:00:00+00:00,1627992000000,2488.7,2539.7,2455.7,2496.2,79471856.5796
2021-08-03T16:00:00+00:00,1628006400000,2496.2,2509.4,2449,2474.5,66635119.8011
2021-08-03T20:00:00+00:00,1628020800000,2474.5,2529.7,2449.7,2507.3,87678891.2554
2021-08-04T00:00:00+00:00,1628035200000,2507.3,2538,2481.8,2483.2,93290403.5833
2021-08-04T04:00:00+00:00,1628049600000,2483.2,2515.7,2465,2478.4,47063026.8095
2021-08-04T08:00:00+00:00,1628064000000,2478.9,2513.1,2458,2505.4,45432293.7984
2021-08-04T12:00:00+00:00,1628078400000,2505.4,2698,2504.2,2673.3,143407384.518
2021-08-04T16:00:00+00:00,1628092800000,2673.3,2727.5,2666.1,2695.6,73080620.6443
2021-08-04T20:00:00+00:00,1628107200000,2695.6,2773,2689.5,2726,82346744.6256
2021-08-05T00:00:00+00:00,1628121600000,2726,2742.4,2666.2,2712.7,58288053.8016
2021-08-05T04:00:00+00:00,1628136000000,2712.7,2721.3,2667,2682.7,41287728.1191
2021-08-05T08:00:00+00:00,1628150400000,2682.7,2691.7,2575,2622.1,98276395.3584
2021-08-05T12:00:00+00:00,1628164800000,2622.1,2822.9,2529.1,2756.4,235588528.2929
2021-08-05T16:00:00+00:00,1628179200000,2756.4,2835,2746.4,2797.9,63795230.085
2021-08-05T20:00:00+00:00,1628193600000,2797.9,2846.2,2788.5,2829.2,32471188.5484
2021-08-06T00:00:00+00:00,1628208000000,2829.2,2849,2753.8,2762.3,63174989.9716
2021-08-06T04:00:00+00:00,1628222400000,2762.3,2808.5,2750.5,2769.1,43703427.8267
2021-08-06T08:00:00+00:00,1628236800000,2769.1,2783.5,2734.2,2737.6,28270546.7696
2021-08-06T12:00:00+00:00,1628251200000,2737.6,2849.9,2721.6,2840.4,56916207.0173
2021-08-06T16:00:00+00:00,1628265600000,2840.4,2951.1,2840,2930.7,97418136.1117
2021-08-06T20:00:00+00:00,1628280000000,2931.1,2942,2875.3,2892.9,32840476.5678
2021-08-07T00:00:00+00:00,1628294400000,2892.9,2940,2866.7,2937.2,45497818.9093
2021-08-07T04:00:00+00:00,1628308800000,2937.2,2987.8,2929.5,2957.1,104958993.751
2021-08-07T08:00:00+00:00,1628323200000,2957.1,3117.3,2945.2,3107.1,84992040.32
2021-08-07T12:00:00+00:00,1628337600000,3107.4,3173.2,3057.2,3085,105947656.8335
2021-08-07T16:00:00+00:00,1628352000000,3085,3097.7,3001,3077.6,77487605.2474
2021-08-07T20:00:00+00:00,1628366400000,3077.6,3174.5,3060,3163.1,54358498.1254
2021-08-08T00:00:00+00:00,1628380800000,3163.1,3194.4,3075.3,3122.6,98533449.3038
2021-08-08T04:00:00+00:00,1628395200000,3122.6,3190,3096.2,3139.9,88152515.0166
2021-08-08T08:00:00+00:00,1628409600000,3139.9,3158,3082.8,3102.2,56042654.3804
2021-08-08T12:00:00+00:00,1628424000000,3102.2,3152.6,3017.1,3032.9,72856376.8335
2021-08-08T16:00:00+00:00,1628438400000,3032.9,3070,2950.2,2986.4,77898738.0806
2021-08-08T20:00:00+00:00,1628452800000,2986,3073.5,2963.4,3013.7,64471982.0731
2021-08-09T00:00:00+00:00,1628467200000,3013.7,3035.6,2901.9,2950,68395709.5481
2021-08-09T04:00:00+00:00,1628481600000,2950,2966.6,2895,2944.2,50931993.5584
2021-08-09T08:00:00+00:00,1628496000000,2944.2,3142.6,2933,3134.8,125742043.4446
2021-08-09T12:00:00+00:00,1628510400000,3134.8,3176.6,3083.9,3169,73149859.7933
2021-08-09T16:00:00+00:00,1628524800000,3169,3190,3131,3148.2,62667229.1672
2021-08-09T20:00:00+00:00,1628539200000,3148.2,3181.2,3037.3,3162.1,85814524.6002
2021-08-10T00:00:00+00:00,1628553600000,3162.1,3202.6,3092.9,3116,63982276.5283
2021-08-10T04:00:00+00:00,1628568000000,3116,3149.1,3089.8,3143.4,46940453.0512
2021-08-10T08:00:00+00:00,1628582400000,3143.4,3170,3113.1,3124.1,49888692.9907
2021-08-10T12:00:00+00:00,1628596800000,3124.1,3236,3071.8,3121.6,123895407.2302
2021-08-10T16:00:00+00:00,1628611200000,3121.6,3146.3,3052.7,3144.2,54499033.1818
2021-08-10T20:00:00+00:00,1628625600000,3144.2,3195.1,3123.1,3142.6,63719564.8811
2021-08-11T00:00:00+00:00,1628640000000,3142.6,3189.2,3120.2,3159.7,60575227.9481
2021-08-11T04:00:00+00:00,1628654400000,3159.7,3252,3144.1,3233.1,111122560.3788
2021-08-11T08:00:00+00:00,1628668800000,3233.1,3251.3,3206.1,3215.8,40621719.4615
2021-08-11T12:00:00+00:00,1628683200000,3215.8,3276.5,3208.2,3246.2,54297396.1677
2021-08-11T16:00:00+00:00,1628697600000,3246.2,3256.7,3222.4,3251,36535435.1588
2021-08-11T20:00:00+00:00,1628712000000,3251,3267.2,3147.2,3161.9,92351546.116
2021-08-12T00:00:00+00:00,1628726400000,3161.9,3240.5,3147.6,3213.6,45960442.0242
2021-08-12T04:00:00+00:00,1628740800000,3213.6,3222.5,3084.9,3143.8,100623392.7862
2021-08-12T08:00:00+00:00,1628755200000,3143.8,3175,3088.8,3094,51493376.4342
2021-08-12T12:00:00+00:00,1628769600000,3094,3118.1,3021.5,3030.1,86597400.7664
2021-08-12T16:00:00+00:00,1628784000000,3030.1,3068.8,2982.3,3050.6,72107228.2009
2021-08-12T20:00:00+00:00,1628798400000,3050.6,3075,2987.2,3046.9,46120013.6824
2021-08-13T00:00:00+00:00,1628812800000,3046.9,3146.2,3035.3,3117.6,62600140.2053
2021-08-13T04:00:00+00:00,1628827200000,3117.6,3235.9,3094.1,3227.1,68972370.3873
2021-08-13T08:00:00+00:00,1628841600000,3227.1,3265.3,3215.4,3215.7,71451098.3209
2021-08-13T12:00:00+00:00,1628856000000,3215.7,3248,3181.6,3216.3,62128590.4854
2021-08-13T16:00:00+00:00,1628870400000,3216.3,3247,3200.2,3227.1,37402083.1574
2021-08-13T20:00:00+00:00,1628884800000,3227.1,3330.7,3218.2,3325,74584892.9265
2021-08-14T00:00:00+00:00,1628899200000,3325,3328.4,3285.3,3296.7,41116778.5435
2021-08-14T04:00:00+00:00,1628913600000,3296.7,3326.4,3280.5,3310.4,31475725.1769
2021-08-14T08:00:00+00:00,1628928000000,3310.4,3334.8,3208.1,3246.4,76048108.8794
2021-08-14T12:00:00+00:00,1628942400000,3246.4,3281,3214.1,3273.1,34727356.0836
2021-08-14T16:00:00+00:00,1628956800000,3273.1,3291.6,3234.1,3265.8,24712018.1287
2021-08-14T20:00:00+00:00,1628971200000,3265.8,3282.3,3216.1,3266.1,36122589.5701
2021-08-15T00:00:00+00:00,1628985600000,3266.1,3290.1,3247.3,3249.3,24363737.3219
2021-08-15T04:00:00+00:00,1629000000000,3249.3,3258.8,3155.4,3161.8,54139129.7795
2021-08-15T08:00:00+00:00,1629014400000,3161.8,3177.5,3134,3162.8,75794493.3018
2021-08-15T12:00:00+00:00,1629028800000,3162.8,3198.9,3134.9,3158.1,50176602.3557
2021-08-15T16:00:00+00:00,1629043200000,3158.2,3213.8,3112.1,3210,52050579.1265
2021-08-15T20:00:00+00:00,1629057600000,3210.7,3327.4,3204.8,3312.4,107411783.4184
2021-08-16T00:00:00+00:00,1629072000000,3312.4,3341.3,3262.4,3263.3,75782866.5405
2021-08-16T04:00:00+00:00,1629086400000,3263.3,3314.4,3260.5,3278.7,43451111.389
2021-08-16T08:00:00+00:00,1629100800000,3278.7,3312,3251,3292.1,65275644.6441
2021-08-16T12:00:00+00:00,1629115200000,3292.3,3299.7,3183.4,3226.2,84763913.9112
2021-08-16T16:00:00+00:00,1629129600000,3226.2,3246.2,3167.1,3177,58740903.9763
2021-08-16T20:00:00+00:00,1629144000000,3176.8,3201.9,3134.3,3147.2,64778557.2874
2021-08-17T00:00:00+00:00,1629158400000,3147.2,3210,3114.4,3196.1,72629848.5975
2021-08-17T04:00:00+00:00,1629172800000,3196.1,3215.9,3136.4,3172.6,50128459.1524
2021-08-17T08:00:00+00:00,1629187200000,3172.6,3282,3170.5,3259.6,61554083.3003
2021-08-17T12:00:00+00:00,1629201600000,3259.6,3292.6,3161.9,3165.6,87973521.2675
2021-08-17T16:00:00+00:00,1629216000000,3165.6,3190.1,3096.3,3118.5,92179017.6767
2021-08-17T20:00:00+00:00,1629230400000,3118.5,3126.4,2989,3011.5,188464350.2565
2021-08-18T00:00:00+00:00,1629244800000,3011.5,3051.6,2950,3051.1,83143593.2734
2021-08-18T04:00:00+00:00,1629259200000,3051.1,3087.8,3023.6,3030.7,80332292.3772
2021-08-18T08:00:00+00:00,1629273600000,3030.6,3069.3,2990.5,3000.9,40327056.9465
2021-08-18T12:00:00+00:00,1629288000000,3000.9,3116.4,2995.2,3112.1,57639188.6257
2021-08-18T16:00:00+00:00,1629302400000,3112.1,3127.4,3022.6,3031.6,59589056.9602
2021-08-18T20:00:00+00:00,1629316800000,3031.5,3060.9,2997,3014.9,70703779.1053
2021-08-19T00:00:00+00:00,1629331200000,3014.8,3052.4,2966.5,2967.1,59752186.2838
2021-08-19T04:00:00+00:00,1629345600000,2967.1,3017.3,2959.4,2995.3,38907280.5182
2021-08-19T08:00:00+00:00,1629360000000,2995.4,3021.8,2973.6,2973.6,59881554.9251
2021-08-19T12:00:00+00:00,1629374400000,2973.4,3079.1,2963.5,3068.6,70400758.428
2021-08-19T16:00:00+00:00,1629388800000,3068.6,3165.3,3025.3,3148.1,77024043.7413
2021-08-19T20:00:00+00:00,1629403200000,3148.7,3200,3143.1,3185.5,68174510.8926
2021-08-20T00:00:00+00:00,1629417600000,3185.5,3244.7,3179.1,3218.6,67193348.7339
2021-08-20T04:00:00+00:00,1629432000000,3218.6,3236.1,3202,3217.8,60382746.756
2021-08-20T08:00:00+00:00,1629446400000,3217.8,3228.1,3189.2,3205.1,37830218.5315
2021-08-20T12:00:00+00:00,1629460800000,3205.1,3303.1,3203.8,3284.3,65429738.81
2021-08-20T16:00:00+00:00,1629475200000,3284.3,3299.8,3220,3253.8,45978118.9981
2021-08-20T20:00:00+00:00,1629489600000,3253.8,3297.2,3246.4,3286.9,35208873.7593
2021-08-21T00:00:00+00:00,1629504000000,3286.9,3288.1,3236.8,3278.6,33407230.2748
2021-08-21T04:00:00+00:00,1629518400000,3278.6,3308.6,3258.1,3295.4,34221461.0305
2021-08-21T08:00:00+00:00,1629532800000,3295.4,3311.9,3242.8,3252.7,43719477.2043
2021-08-21T12:00:00+00:00,1629547200000,3252.5,3299.6,3247.1,3275,33809789.5889
2021-08-21T16:00:00+00:00,1629561600000,3275,3294.8,3208.1,3218.8,60247244.9212
2021-08-21T20:00:00+00:00,1629576000000,3218.8,3263.7,3214.1,3226.4,39731432.8562
2021-08-22T00:00:00+00:00,1629590400000,3226.3,3258.3,3219.3,3228,45408803.2313
2021-08-22T04:00:00+00:00,1629604800000,3228,3275.1,3227.8,3264.6,22665879.7601
2021-08-22T08:00:00+00:00,1629619200000,3264.6,3276.2,3242.8,3257.9,21289074.749
2021-08-22T12:00:00+00:00,1629633600000,3257.9,3264.9,3156.4,3183.2,63350820.9649
2021-08-22T16:00:00+00:00,1629648000000,3182.9,3195,3127.1,3176.5,48086176.1993
2021-08-22T20:00:00+00:00,1629662400000,3176.5,3257.1,3134,3241.7,46370476.8249
2021-08-23T00:00:00+00:00,1629676800000,3241.7,3358.3,3234,3343.9,94349012.0433
2021-08-23T04:00:00+00:00,1629691200000,3344,3357.9,3315.1,3325.8,75352920.728
2021-08-23T08:00:00+00:00,1629705600000,3325.8,3367.2,3318.5,3346.1,53123971.0334
2021-08-23T12:00:00+00:00,1629720000000,3346.1,3400,3301.3,3327.8,95346144.7065
2021-08-23T16:00:00+00:00,1629734400000,3327.8,3358.5,3304.3,3311.8,84474459.4762
2021-08-23T20:00:00+00:00,1629748800000,3311.5,3346.2,3277.6,3322.5,47115021.8612
2021-08-24T00:00:00+00:00,1629763200000,3322.5,3351,3283.9,3326,46590493.185
2021-08-24T04:00:00+00:00,1629777600000,3326,3360.7,3317.6,3348.7,30858895.4341
2021-08-24T08:00:00+00:00,1629792000000,3348.5,3354.6,3300,3323.9,36192426.7447
2021-08-24T12:00:00+00:00,1629806400000,3323.9,3325,3201.6,3211.3,87498344.412
2021-08-24T16:00:00+00:00,1629820800000,3211.3,3229.4,3148.2,3218,110213061.1293
2021-08-24T20:00:00+00:00,1629835200000,3218,3226.6,3167,3170.9,56758002.1081
2021-08-25T00:00:00+00:00,1629849600000,3170.9,3216.9,3168.4,3175.7,56823478.5814
2021-08-25T04:00:00+00:00,1629864000000,3175.7,3222.1,3159.3,3183.7,63204912.597
2021-08-25T08:00:00+00:00,1629878400000,3183.7,3187.9,3077.4,3139.7,94105800.9236
2021-08-25T12:00:00+00:00,1629892800000,3139.7,3229.5,3103.1,3218,87652946.2832
2021-08-25T16:00:00+00:00,1629907200000,3218,3249.1,3201.3,3215.4,53645465.239
2021-08-25T20:00:00+00:00,1629921600000,3215.4,3240,3199.9,3228.2,46658258.2137
2021-08-26T00:00:00+00:00,1629936000000,3228.2,3250,3141.8,3149.1,60546646.6695
2021-08-26T04:00:00+00:00,1629950400000,3149.1,3167.5,3060,3104.9,80458608.065
2021-08-26T08:00:00+00:00,1629964800000,3104.9,3118.5,3076.3,3088.8,57245465.7173
2021-08-26T12:00:00+00:00,1629979200000,3088.8,3148.6,3055,3105,84183786.0102
2021-08-26T16:00:00+00:00,1629993600000,3105,3135.7,3076,3109.6,57298580.8809
2021-08-26T20:00:00+00:00,1630008000000,3109.6,3148.8,3089.2,3093.4,35057470.829
2021-08-27T00:00:00+00:00,1630022400000,3092.9,3146.9,3061.5,3094.6,72648024.1757
2021-08-27T04:00:00+00:00,1630036800000,3094.6,3132.1,3077.2,3127.8,56421019.2745
2021-08-27T08:00:00+00:00,1630051200000,3127.8,3175.3,3103.7,3157.5,54066628.6134
2021-08-27T12:00:00+00:00,1630065600000,3157.7,3250,3134.4,3241.9,111339267.9024
2021-08-27T16:00:00+00:00,1630080000000,3241.9,3250.2,3222.2,3234.1,50921743.674
2021-08-27T20:00:00+00:00,1630094400000,3234.1,3283.6,3225.5,3275.9,52032135.6496
2021-08-28T00:00:00+00:00,1630108800000,3275.9,3287.7,3243,3247,42469613.7827
2021-08-28T04:00:00+00:00,1630123200000,3247,3260.7,3228.3,3232.1,31260166.7279
2021-08-28T08:00:00+00:00,1630137600000,3232.1,3259.3,3213,3224.3,32949795.1925
2021-08-28T12:00:00+00:00,1630152000000,3224.3,3249.4,3213.3,3249,49942611.4111
2021-08-28T16:00:00+00:00,1630166400000,3249,3268.8,3222.3,3232.6,29894759.8361
2021-08-28T20:00:00+00:00,1630180800000,3232.6,3257.1,3228.9,3247.1,20377736.0645
2021-08-29T00:00:00+00:00,1630195200000,3247.1,3289.2,3120,3182.1,116081407.1477
2021-08-29T04:00:00+00:00,1630209600000,3182.1,3211.8,3152.8,3208.8,51545714.724
2021-08-29T08:00:00+00:00,1630224000000,3209.5,3221,3183.4,3183.9,32705467.4776
2021-08-29T12:00:00+00:00,1630238400000,3183.9,3208.3,3167.2,3188.9,41354825.5177
2021-08-29T16:00:00+00:00,1630252800000,3188.9,3226.8,3183.8,3222.4,31275587.5434
2021-08-29T20:00:00+00:00,1630267200000,3222.4,3259.5,3217,3226.1,43403170.573
2021-08-30T00:00:00+00:00,1630281600000,3226.1,3231.7,3145,3161.9,70334774.1587
2021-08-30T04:00:00+00:00,1630296000000,3161.8,3188.5,3146.9,3182.3,55284955.312
2021-08-30T08:00:00+00:00,1630310400000,3182.3,3205.6,3168.5,3189.2,42242290.2822
2021-08-30T12:00:00+00:00,1630324800000,3189.2,3226.7,3150.9,3220.3,83364402.2404
2021-08-30T16:00:00+00:00,1630339200000,3220.3,3343.7,3216.3,3343.7,133647767.5689
2021-08-30T20:00:00+00:00,1630353600000,3343.7,3349,3211.5,3228.8,97222961.4321
2021-08-31T00:00:00+00:00,1630368000000,3228.8,3248.5,3188.1,3238.9,78682305.2622
2021-08-31T04:00:00+00:00,1630382400000,3238.9,3372.2,3216.6,3361.1,120463202.9538
2021-08-31T08:00:00+00:00,1630396800000,3361,3442.3,3311.8,3432.2,217834277.6198
2021-08-31T12:00:00+00:00,1630411200000,3432.3,3476,3366.5,3389.2,192555989.7965
2021-08-31T16:00:00+00:00,1630425600000,3389.2,3424.9,3340.7,3416.1,105521345.7182
2021-08-31T20:00:00+00:00,1630440000000,3415.7,3447,3371.4,3431.3,79518476.1859
2021-09-01T00:00:00+00:00,1630454400000,3431.2,3447.1,3383.3,3444,100533724.1632
2021-09-01T04:00:00+00:00,1630468800000,3444,3546.2,3428.5,3519.1,105776405.1857
2021-09-01T08:00:00+00:00,1630483200000,3519.1,3560.8,3514.4,3532.7,77276956.2749
2021-09-01T12:00:00+00:00,1630497600000,3532.7,3588,3518.4,3583.3,95853754.5202
2021-09-01T16:00:00+00:00,1630512000000,3583.3,3794.4,3580.4,3714.9,202790200.5719
2021-09-01T20:00:00+00:00,1630526400000,3714.9,3844,3712.2,3829.3,130713961.8368
2021-09-02T00:00:00+00:00,1630540800000,3829.3,3838.5,3738.6,3765.9,106117086.5804
2021-09-02T04:00:00+00:00,1630555200000,3765.9,3773.7,3725,3736.5,136834695.1678
2021-09-02T08:00:00+00:00,1630569600000,3736.5,3768.2,3729,3762.5,84963079.2178
2021-09-02T12:00:00+00:00,1630584000000,3762.5,3835.2,3738.6,3757.8,127389849.6383
2021-09-02T16:00:00+00:00,1630598400000,3757.8,3809,3756.9,3784.7,53717930.2583
2021-09-02T20:00:00+00:00,1630612800000,3784.7,3833,3778.4,3787.8,53913404.6485
2021-09-03T00:00:00+00:00,1630627200000,3787.8,3817.4,3709.1,3808.6,86014759.157
2021-09-03T04:00:00+00:00,1630641600000,3808.6,3826.4,3779.3,3797.3,51313125.2473
2021-09-03T08:00:00+00:00,1630656000000,3797.3,3984.6,3791.5,3955.5,138782364.1585
2021-09-03T12:00:00+00:00,1630670400000,3955.5,4030.2,3927.5,3969.4,203939971.1209
2021-09-03T16:00:00+00:00,1630684800000,3969.4,3985.5,3925.8,3946.4,62224100.6746
2021-09-03T20:00:00+00:00,1630699200000,3946.4,3946.4,3860,3941.1,66418852.4326
2021-09-04T00:00:00+00:00,1630713600000,3941.1,3971.2,3905.2,3919.5,62893705.03
2021-09-04T04:00:00+00:00,1630728000000,3919.5,3938.7,3894.7,3917.8,43895946.963
2021-09-04T08:00:00+00:00,1630742400000,3917.9,3954.2,3885.3,3888.4,50191011.6933
2021-09-04T12:00:00+00:00,1630756800000,3888.4,3928.6,3880.6,3922,53949891.738
2021-09-04T16:00:00+00:00,1630771200000,3922,3927,3833.1,3860.9,69999501.3402
2021-09-04T20:00:00+00:00,1630785600000,3860.9,3903.7,3854.6,3887.1,28366100.0944
2021-09-05T00:00:00+00:00,1630800000000,3887.1,3916.4,3844.4,3846.9,41648671.1914
2021-09-05T04:00:00+00:00,1630814400000,3846.9,3890.9,3835.7,3873,38382121.2361
2021-09-05T08:00:00+00:00,1630828800000,3873,3958.8,3863.1,3926.5,53836652.3114
2021-09-05T12:00:00+00:00,1630843200000,3926.5,3954.9,3900.4,3909.4,49869962.3912
2021-09-05T16:00:00+00:00,1630857600000,3909.4,3953.3,3899.6,3929.1,33592803.7715
2021-09-05T20:00:00+00:00,1630872000000,3929.1,3983,3919.5,3952.6,68048946.6124
2021-09-06T00:00:00+00:00,1630886400000,3952.6,3964,3898.4,3906.8,40147378.1233
2021-09-06T04:00:00+00:00,1630900800000,3906.8,3958,3899.9,3946.5,32893026.1933
2021-09-06T08:00:00+00:00,1630915200000,3946.5,3972.2,3900.6,3905.6,50123157.3012
2021-09-06T12:00:00+00:00,1630929600000,3905.6,3948.1,3866.5,3927.1,61575354.0553
2021-09-06T16:00:00+00:00,1630944000000,3927.1,3961.2,3914.6,3939.3,35721481.4381
2021-09-06T20:00:00+00:00,1630958400000,3939.3,3970.6,3921.3,3928.4,37741753.4697
2021-09-07T00:00:00+00:00,1630972800000,3928.4,3948.3,3889.5,3914,61689059.9247
2021-09-07T04:00:00+00:00,1630987200000,3914,3936.4,3880,3885,57128424.2456
2021-09-07T08:00:00+00:00,1631001600000,3885,3885,3670.2,3749.1,176391051.9096
2021-09-07T12:00:00+00:00,1631016000000,3749.1,3774.6,2994.1,3456,349034344.4361
2021-09-07T16:00:00+00:00,1631030400000,3456,3577.7,3333,3413.9,290607299.2665
2021-09-07T20:00:00+00:00,1631044800000,3413.9,3462.3,3318.5,3435.6,127910494.119
2021-09-08T00:00:00+00:00,1631059200000,3435.6,3542.7,3378.4,3430.8,109462155.8482
2021-09-08T04:00:00+00:00,1631073600000,3430.8,3482.1,3250,3260,159375731.0355
2021-09-08T08:00:00+00:00,1631088000000,3260,3456.5,3216.2,3407.1,152332672.0244
2021-09-08T12:00:00+00:00,1631102400000,3407.4,3455.1,3344.6,3420.1,135403290.4178
2021-09-08T16:00:00+00:00,1631116800000,3420.3,3544,3400.9,3523.4,123061262.2615
2021-09-08T20:00:00+00:00,1631131200000,3523.4,3568.1,3444.1,3498.4,96748371.7026
2021-09-09T00:00:00+00:00,1631145600000,3498.4,3522.3,3427.5,3469.7,101537170.234
2021-09-09T04:00:00+00:00,1631160000000,3469.7,3514.7,3454.5,3500.1,43596576.8708
2021-09-09T08:00:00+00:00,1631174400000,3500.1,3567.8,3451,3481.7,53383841.0558
2021-09-09T12:00:00+00:00,1631188800000,3481.6,3555.5,3391.5,3524.1,115074955.8135
2021-09-09T16:00:00+00:00,1631203200000,3524.3,3558.1,3451.5,3464.7,87413391.1389
2021-09-09T20:00:00+00:00,1631217600000,3464.6,3480.5,3415,3424.5,55408961.621
2021-09-10T00:00:00+00:00,1631232000000,3424.5,3514.6,3405.6,3465.3,48703670.4892
2021-09-10T04:00:00+00:00,1631246400000,3465.4,3480.8,3373.1,3402.1,44656589.1371
2021-09-10T08:00:00+00:00,1631260800000,3402.1,3424.1,3352.3,3400.3,39499307.5443
2021-09-10T12:00:00+00:00,1631275200000,3400.3,3416,3204,3297.9,160289218.1107
2021-09-10T16:00:00+00:00,1631289600000,3297.9,3343.3,3280.7,3310.4,43524141.2626
2021-09-10T20:00:00+00:00,1631304000000,3310.4,3329,3144.4,3209.3,99770456.7392
2021-09-11T00:00:00+00:00,1631318400000,3209.3,3297,3199.7,3240.3,60293282.5405
2021-09-11T04:00:00+00:00,1631332800000,3240.3,3284.2,3219.5,3247.3,51439562.4908
2021-09-11T08:00:00+00:00,1631347200000,3247.5,3316.9,3219.3,3293.1,46480476.2715
2021-09-11T12:00:00+00:00,1631361600000,3293.1,3348.6,3283.8,3310.4,45163878.1954
2021-09-11T16:00:00+00:00,1631376000000,3310.4,3346,3283.3,3299,41957021.504
2021-09-11T20:00:00+00:00,1631390400000,3299,3308.8,3243.4,3266.8,28421029.6747
2021-09-12T00:00:00+00:00,1631404800000,3266.8,3330.1,3231.4,3327.8,36596518.2206
2021-09-12T04:00:00+00:00,1631419200000,3327.9,3340,3293.2,3322.1,27996566.3552
2021-09-12T08:00:00+00:00,1631433600000,3322.1,3453.5,3316.6,3438,78520478.7452
2021-09-12T12:00:00+00:00,1631448000000,3438.3,3473.8,3392.9,3416.9,43944432.6598
2021-09-12T16:00:00+00:00,1631462400000,3416.4,3440.8,3376.6,3406.6,38071748.4012
2021-09-12T20:00:00+00:00,1631476800000,3406.6,3448.1,3305,3404.4,79058741.024
2021-09-13T00:00:00+00:00,1631491200000,3404.4,3438.9,3251.7,3256.8,95169997.8949
2021-09-13T04:00:00+00:00,1631505600000,3256.8,3297.3,3175.8,3202.8,77908887.4413
2021-09-13T08:00:00+00:00,1631520000000,3202.8,3256.9,3167.1,3251.8,73529336.3873
2021-09-13T12:00:00+00:00,1631534400000,3252.5,3388.3,3099.9,3202.8,256587941.4019
2021-09-13T16:00:00+00:00,1631548800000,3202.8,3261.5,3185,3254.5,70671590.7681
2021-09-13T20:00:00+00:00,1631563200000,3254.5,3306.6,3254.5,3285.7,54702309.9387
2021-09-14T00:00:00+00:00,1631577600000,3285.7,3339.2,3270.4,3291.2,55505142.5088
2021-09-14T04:00:00+00:00,1631592000000,3291.2,3336.7,3274.1,3312.5,42389582.6886
2021-09-14T08:00:00+00:00,1631606400000,3312.5,3362.5,3311.2,3330.2,46436182.5056
2021-09-14T12:00:00+00:00,1631620800000,3330.2,3420.5,3292.1,3388.9,90753356.0424
2021-09-14T16:00:00+00:00,1631635200000,3389.1,3401.7,3341.8,3350.6,42725764.4329
2021-09-14T20:00:00+00:00,1631649600000,3350.9,3438.6,3330.6,3436.7,78543708.7396
2021-09-15T00:00:00+00:00,1631664000000,3436.1,3452.1,3389.3,3398,67953650.7853
2021-09-15T04:00:00+00:00,1631678400000,3398,3410,3359.4,3404.5,33903348.7248
2021-09-15T08:00:00+00:00,1631692800000,3404.3,3436.2,3380,3411.5,50622032.5302
2021-09-15T12:00:00+00:00,1631707200000,3411.8,3510.8,3398.1,3499.9,97601118.562
2021-09-15T16:00:00+00:00,1631721600000,3499.6,3555.8,3497.4,3535.5,55819782.9505
2021-09-15T20:00:00+00:00,1631736000000,3535.8,3620.4,3535.8,3616.3,48585441.8385
2021-09-16T00:00:00+00:00,1631750400000,3616.3,3622.3,3527.2,3544.3,58150162.2917
2021-09-16T04:00:00+00:00,1631764800000,3544.2,3677.3,3539.4,3635,119123709.4893
2021-09-16T08:00:00+00:00,1631779200000,3635,3637.8,3569.1,3621.6,54048154.2939
2021-09-16T12:00:00+00:00,1631793600000,3621,3645.8,3535.7,3619.8,103718696.9947
2021-09-16T16:00:00+00:00,1631808000000,3619.3,3635.8,3540.3,3563.9,88087621.1443
2021-09-16T20:00:00+00:00,1631822400000,3563.9,3579.6,3482.3,3569.3,69326462.939
2021-09-17T00:00:00+00:00,1631836800000,3569.3,3594.7,3528.7,3563.8,70201951.0986
2021-09-17T04:00:00+00:00,1631851200000,3563.8,3585.6,3514.7,3521.6,64315367.6907
2021-09-17T08:00:00+00:00,1631865600000,3520.8,3542.3,3426.3,3449.6,109198237.3312
2021-09-17T12:00:00+00:00,1631880000000,3449.5,3482.1,3404.5,3450.4,75793758.2014
2021-09-17T16:00:00+00:00,1631894400000,3450.4,3471.3,3361.7,3424.4,115608590.6443
2021-09-17T20:00:00+00:00,1631908800000,3424.4,3427.3,3349,3399.4,83401684.2787
2021-09-18T00:00:00+00:00,1631923200000,3399.9,3453.8,3369.2,3451.3,76079668.8684
2021-09-18T04:00:00+00:00,1631937600000,3452.7,3524.5,3447.7,3502.7,100085929.9381
2021-09-18T08:00:00+00:00,1631952000000,3503.1,3543.1,3491.2,3496.8,69984762.7044
2021-09-18T12:00:00+00:00,1631966400000,3496.8,3518.1,3462,3474.7,83919951.6207
2021-09-18T16:00:00+00:00,1631980800000,3475.3,3490,3421.1,3446.4,66832552.2805
2021-09-18T20:00:00+00:00,1631995200000,3446,3448,3376.7,3435.7,85715311.2603
2021-09-19T00:00:00+00:00,1632009600000,3435.7,3441.5,3375.3,3413.7,49626053.1298
2021-09-19T04:00:00+00:00,1632024000000,3413.7,3457,3396,3441,39101823.8585
2021-09-19T08:00:00+00:00,1632038400000,3441,3453.9,3302.3,3326.2,99312832.5506
2021-09-19T12:00:00+00:00,1632052800000,3325,3380.8,3310.7,3364.3,77793177.4573
2021-09-19T16:00:00+00:00,1632067200000,3364.3,3379.1,3326.2,3337.7,56646263.0899
2021-09-19T20:00:00+00:00,1632081600000,3337.7,3364.6,3280,3328.4,76431111.1677
2021-09-20T00:00:00+00:00,1632096000000,3328.7,3346.7,3156.2,3186.2,157244040.8687
2021-09-20T04:00:00+00:00,1632110400000,3186.2,3219.5,3099.6,3126.9,122890462.8657
2021-09-20T08:00:00+00:00,1632124800000,3126.1,3180.7,3010,3040.7,232672453.8913
2021-09-20T12:00:00+00:00,1632139200000,3040.8,3098.3,2915,3087.5,256367698.3487
2021-09-20T16:00:00+00:00,1632153600000,3087.5,3123.2,2975,3072.4,165732593.0746
2021-09-20T20:00:00+00:00,1632168000000,3072.4,3081.5,2944.6,2977,135716080.6872
2021-09-21T00:00:00+00:00,1632182400000,2976.8,3031.1,2807.6,2999.1,237874088.0734
2021-09-21T04:00:00+00:00,1632196800000,2998.1,3073.9,2948.1,3073.5,92399888.0898
2021-09-21T08:00:00+00:00,1632211200000,3073.5,3105.7,3039.8,3062.2,81649723.8797
2021-09-21T12:00:00+00:00,1632225600000,3062.2,3084.5,2900,3035,150514289.7265
2021-09-21T16:00:00+00:00,1632240000000,3035,3047.9,2859.6,2886.6,218325026.2618
2021-09-21T20:00:00+00:00,1632254400000,2886.6,2920.1,2650,2765.4,252196206.6069
2021-09-22T00:00:00+00:00,1632268800000,2765.5,2896,2737.3,2867.7,158835302.7362
2021-09-22T04:00:00+00:00,1632283200000,2867.7,2960.8,2833.1,2943.6,112819903.1364
2021-09-22T08:00:00+00:00,1632297600000,2943.5,2957.4,2883.4,2895,79238836.786
2021-09-22T12:00:00+00:00,1632312000000,2894.8,3012.9,2882,3008.4,123023995.4313
2021-09-22T16:00:00+00:00,1632326400000,3008.4,3091.1,2993.2,3026.2,169828664.1902
2021-09-22T20:00:00+00:00,1632340800000,3025.7,3080.7,3008,3078.5,60177886.1244
2021-09-23T00:00:00+00:00,1632355200000,3078.5,3123.5,3035.2,3120.3,76190088.2699
2021-09-23T04:00:00+00:00,1632369600000,3120.3,3148,3098.7,3147.3,60541809.0856
2021-09-23T08:00:00+00:00,1632384000000,3147.3,3151.2,3043.6,3061.6,67004653.5246
2021-09-23T12:00:00+00:00,1632398400000,3061.6,3144,3048.4,3093.7,95314916.6122
2021-09-23T16:00:00+00:00,1632412800000,3093.7,3174.9,3086.8,3149.5,101961325.5886
2021-09-23T20:00:00+00:00,1632427200000,3149.5,3164.4,3121.5,3154.5,47896725.0866
2021-09-24T00:00:00+00:00,1632441600000,3154.5,3160.7,3067.4,3076.3,66551041.7787
2021-09-24T04:00:00+00:00,1632456000000,3076.3,3118.3,3039.9,3089.5,93319216.0804
2021-09-24T08:00:00+00:00,1632470400000,3089.4,3114.2,2732,2829,324555421.7949
2021-09-24T12:00:00+00:00,1632484800000,2829,2943.2,2771,2878.8,228609184.4394
2021-09-24T16:00:00+00:00,1632499200000,2878.8,2923.8,2864,2903.8,91324392.114
2021-09-24T20:00:00+00:00,1632513600000,2903.8,2983.2,2902,2930.6,59773278.6419
2021-09-25T00:00:00+00:00,1632528000000,2930.6,2957.7,2874.5,2914.3,51763548.8447
2021-09-25T04:00:00+00:00,1632542400000,2914.3,2945.6,2883.6,2889.2,32338902.1445
2021-09-25T08:00:00+00:00,1632556800000,2889.2,2968.8,2800,2914.6,107598802.9185
2021-09-25T12:00:00+00:00,1632571200000,2914.6,2948.4,2849,2924.1,85708851.3292
2021-09-25T16:00:00+00:00,1632585600000,2924.1,2934,2850.8,2918.4,61358587.1233
2021-09-25T20:00:00+00:00,1632600000000,2918.4,2949.1,2895.5,2923.8,31969246.1347
2021-09-26T00:00:00+00:00,1632614400000,2923.8,2932.9,2843.8,2867.7,48518703.9473
2021-09-26T04:00:00+00:00,1632628800000,2867.7,2867.7,2740.1,2775.1,111161237.7838
2021-09-26T08:00:00+00:00,1632643200000,2774.9,3030,2740,2975.8,187311456.9077
2021-09-26T12:00:00+00:00,1632657600000,2975.8,3058.5,2975.8,3054.6,79480115.7539
2021-09-26T16:00:00+00:00,1632672000000,3054.6,3076.4,3030.4,3058.5,51469119.7239
2021-09-26T20:00:00+00:00,1632686400000,3058.6,3118,3012,3060.9,68060933.3748
2021-09-27T00:00:00+00:00,1632700800000,3060.9,3166.6,3029,3133.1,83193973.5341
2021-09-27T04:00:00+00:00,1632715200000,3133.1,3150.3,3077.1,3092.2,51197868.6135
2021-09-27T08:00:00+00:00,1632729600000,3092.2,3138.9,3077.2,3094.2,63772012.6424
2021-09-27T12:00:00+00:00,1632744000000,3094.2,3128.3,3033.2,3060.2,61934778.4453
2021-09-27T16:00:00+00:00,1632758400000,3060.3,3063,2984.7,2995.7,49691307.0233
2021-09-27T20:00:00+00:00,1632772800000,2995.1,3029,2924.5,2926,54664420.0856
2021-09-28T00:00:00+00:00,1632787200000,2926,2960.4,2893.1,2949.5,65727423.7767
2021-09-28T04:00:00+00:00,1632801600000,2949.5,2970.8,2882.5,2894.6,49013762.039
2021-09-28T08:00:00+00:00,1632816000000,2894.5,2941.2,2875.4,2926.9,62453331.4369
2021-09-28T12:00:00+00:00,1632830400000,2926.9,2957.8,2836,2843.4,113695104.5236
2021-09-28T16:00:00+00:00,1632844800000,2843.4,2873.6,2803,2838.3,79489432.1728
2021-09-28T20:00:00+00:00,1632859200000,2838.3,2889.4,2788.1,2805,53494313.6684
2021-09-29T00:00:00+00:00,1632873600000,2805,2899.5,2790.4,2895.7,57089227.5662
2021-09-29T04:00:00+00:00,1632888000000,2895.7,2930.9,2890.1,2924,40453001.457
2021-09-29T08:00:00+00:00,1632902400000,2924,2949,2895.5,2933.4,43206871.8605
2021-09-29T12:00:00+00:00,1632916800000,2933.4,2949.4,2851.5,2860.7,75209941.4041
2021-09-29T16:00:00+00:00,1632931200000,2860.7,2871.4,2801,2809.8,67977382.6195
2021-09-29T20:00:00+00:00,1632945600000,2809.8,2853.3,2780.6,2849.2,56065659.6839
2021-09-30T00:00:00+00:00,1632960000000,2849.2,3037.9,2836.9,3028.1,127689079.45
2021-09-30T04:00:00+00:00,1632974400000,3028.4,3051.2,2992.3,3001.8,69209652.2071
2021-09-30T08:00:00+00:00,1632988800000,3001.8,3013.4,2939.7,2963,57141762.7418
2021-09-30T12:00:00+00:00,1633003200000,2963,3031.7,2953.8,2985,79414434.4025
2021-09-30T16:00:00+00:00,1633017600000,2985,3050.1,2964.4,2992.5,83941366.797
2021-09-30T20:00:00+00:00,1633032000000,2992.5,3021.9,2954,3000.4,62934838.8246
2021-10-01T00:00:00+00:00,1633046400000,3000.4,3041.3,2968.4,3002.8,64955154.9752
2021-10-01T04:00:00+00:00,1633060800000,3002.8,3097.6,2989.8,3092.6,60366467.5672
2021-10-01T08:00:00+00:00,1633075200000,3092.6,3250,3092.6,3236.7,162364274.585
2021-10-01T12:00:00+00:00,1633089600000,3236.7,3279.8,3176.2,3236.3,96641148.0417
2021-10-01T16:00:00+00:00,1633104000000,3236.8,3321.4,3225.1,3299.4,66387606.6128
2021-10-01T20:00:00+00:00,1633118400000,3299.4,3333,3272.6,3311,63983453.3388
2021-10-02T00:00:00+00:00,1633132800000,3311.1,3345.1,3263.5,3268.8,82391296.4994
2021-10-02T04:00:00+00:00,1633147200000,3268.7,3299.2,3258.6,3281.3,42636892.4076
2021-10-02T08:00:00+00:00,1633161600000,3281.3,3321.1,3267.2,3298.2,57549656.4273
2021-10-02T12:00:00+00:00,1633176000000,3298.2,3400,3291,3388.8,75813146.1096
2021-10-02T16:00:00+00:00,1633190400000,3388.8,3469.1,3374.1,3468.1,91456821.492
2021-10-02T20:00:00+00:00,1633204800000,3468,3472.3,3368.1,3389.1,47092947.4314
2021-10-03T00:00:00+00:00,1633219200000,3389.1,3426.7,3345.1,3406.9,60004529.0231
2021-10-03T04:00:00+00:00,1633233600000,3406.9,3427.5,3390.8,3394.1,35359815.4626
2021-10-03T08:00:00+00:00,1633248000000,3394.1,3423.9,3372.2,3416.5,38300424.5144
2021-10-03T12:00:00+00:00,1633262400000,3416.5,3448.9,3395.7,3406.2,41194314.1533
2021-10-03T16:00:00+00:00,1633276800000,3406.2,3490,3402.7,3469.6,59297303.1269
2021-10-03T20:00:00+00:00,1633291200000,3469.6,3475.2,3386.4,3419.9,52606924.8353
2021-10-04T00:00:00+00:00,1633305600000,3419.9,3428.5,3329,3337.1,52360890.2388
2021-10-04T04:00:00+00:00,1633320000000,3337.1,3382.5,3323.8,3379.8,37745105.3171
2021-10-04T08:00:00+00:00,1633334400000,3379.8,3385.8,3295,3314.6,62163995.6581
2021-10-04T12:00:00+00:00,1633348800000,3315.1,3425.8,3270,3324.2,99980901.9249
2021-10-04T16:00:00+00:00,1633363200000,3324.2,3442.8,3312.5,3417.2,99370030.744
2021-10-04T20:00:00+00:00,1633377600000,3417.2,3424.6,3356.9,3386.9,55751766.3878
2021-10-05T00:00:00+00:00,1633392000000,3386.9,3419.1,3365,3388.5,44150547.8103
2021-10-05T04:00:00+00:00,1633406400000,3388.5,3406.1,3365.3,3389.2,28845320.3978
2021-10-05T08:00:00+00:00,1633420800000,3389.2,3475,3382.6,3446.8,74986344.4469
2021-10-05T12:00:00+00:00,1633435200000,3446.8,3470.4,3416.3,3419.9,56583281.4048
2021-10-05T16:00:00+00:00,1633449600000,3419.9,3497.6,3409.3,3491.7,60312485.1697
2021-10-05T20:00:00+00:00,1633464000000,3491.7,3547.3,3490.9,3516.9,70311976.3678
2021-10-06T00:00:00+00:00,1633478400000,3517.1,3539.8,3474.7,3488.8,56088983.4534
2021-10-06T04:00:00+00:00,1633492800000,3488.8,3503.5,3439.3,3457.4,56986499.8198
2021-10-06T08:00:00+00:00,1633507200000,3457.4,3459.9,3343,3382.9,85506375.8957
2021-10-06T12:00:00+00:00,1633521600000,3382.9,3632.3,3373.2,3614.1,207639960.86
2021-10-06T16:00:00+00:00,1633536000000,3614.1,3622.4,3562.3,3588.9,69327200.7791
2021-10-06T20:00:00+00:00,1633550400000,3588.9,3610.9,3550.4,3575.5,54312678.0642
2021-10-07T00:00:00+00:00,1633564800000,3575.6,3577.2,3471.8,3521.1,69127198.0685
2021-10-07T04:00:00+00:00,1633579200000,3521.1,3615.3,3506.3,3613.1,49672295.8039
2021-10-07T08:00:00+00:00,1633593600000,3613,3615.3,3536.2,3577.4,63305848.0594
2021-10-07T12:00:00+00:00,1633608000000,3577.4,3644.1,3522.3,3585.9,106478770.2893
2021-10-07T16:00:00+00:00,1633622400000,3585.9,3625.1,3557.7,3607.1,44647635.4876
2021-10-07T20:00:00+00:00,1633636800000,3607.1,3656.7,3561,3588.4,50018517.7954
2021-10-08T00:00:00+00:00,1633651200000,3588.3,3617.9,3552.2,3575.4,41840682.7583
2021-10-08T04:00:00+00:00,1633665600000,3575.4,3612.3,3547.4,3603,44946698.7
2021-10-08T08:00:00+00:00,1633680000000,3603,3677.3,3598,3612.1,68795693.1915
2021-10-08T12:00:00+00:00,1633694400000,3612.1,3661,3580.1,3622.3,80218458.2873
2021-10-08T16:00:00+00:00,1633708800000,3622.3,3648,3606.5,3626.2,58225031.8767
2021-10-08T20:00:00+00:00,1633723200000,3626.2,3629.9,3532.3,3563.2,58020430.5722
2021-10-09T00:00:00+00:00,1633737600000,3563.2,3589.5,3538,3580.4,36058394.1019
2021-10-09T04:00:00+00:00,1633752000000,3580.4,3620,3570,3606.6,37396556.7977
2021-10-09T08:00:00+00:00,1633766400000,3606.6,3620.2,3570.2,3597.7,38425036.7677
2021-10-09T12:00:00+00:00,1633780800000,3597.7,3635.1,3595.1,3601.4,39091189.6525
2021-10-09T16:00:00+00:00,1633795200000,3601.4,3610,3576.4,3583.6,35471092.4226
2021-10-09T20:00:00+00:00,1633809600000,3583.6,3594,3556.7,3576.5,24438428.3835
2021-10-10T00:00:00+00:00,1633824000000,3576.5,3586,3483,3530.9,71421733.348
2021-10-10T04:00:00+00:00,1633838400000,3530.9,3604.6,3506,3583.5,38360084.2763
2021-10-10T08:00:00+00:00,1633852800000,3583.5,3598.4,3552,3564.8,35163949.621
2021-10-10T12:00:00+00:00,1633867200000,3564.8,3580.5,3524.6,3559,48914336.7645
2021-10-10T16:00:00+00:00,1633881600000,3559,3570,3503.1,3529.5,51558894.6314
2021-10-10T20:00:00+00:00,1633896000000,3529.5,3570.8,3408.1,3414.8,98864666.5926
2021-10-11T00:00:00+00:00,1633910400000,3414.8,3524.9,3372,3520.2,79576716.2574
2021-10-11T04:00:00+00:00,1633924800000,3520.6,3586.9,3504.1,3579.9,49312652.7525
2021-10-11T08:00:00+00:00,1633939200000,3579.9,3623,3534.5,3559.6,92966001.2088
2021-10-11T12:00:00+00:00,1633953600000,3559.6,3609.4,3549.9,3595.1,65158892.6619
2021-10-11T16:00:00+00:00,1633968000000,3595.1,3601.1,3515,3515.7,43103420.5446
2021-10-11T20:00:00+00:00,1633982400000,3515.7,3546,3465.9,3542.5,64628478.9708
2021-10-12T00:00:00+00:00,1633996800000,3542.4,3542.9,3448.9,3486.9,58451534.5254
2021-10-12T04:00:00+00:00,1634011200000,3486.9,3522.1,3455.6,3482.4,49252750.865
2021-10-12T08:00:00+00:00,1634025600000,3482.4,3509.5,3413.9,3458,60473678.9061
2021-10-12T12:00:00+00:00,1634040000000,3458,3548.2,3404.1,3504.8,110980022.4566
2021-10-12T16:00:00+00:00,1634054400000,3504.8,3528.3,3460.6,3465.8,49347695.0477
2021-10-12T20:00:00+00:00,1634068800000,3465.8,3511.1,3415.5,3490.8,51110173.3566
2021-10-13T00:00:00+00:00,1634083200000,3490.8,3532.3,3482.5,3501.6,58392639.0863
2021-10-13T04:00:00+00:00,1634097600000,3501.6,3524.9,3426.5,3428.2,55201417.6355
2021-10-13T08:00:00+00:00,1634112000000,3428.2,3470.1,3413.2,3469.2,43546529.1384
2021-10-13T12:00:00+00:00,1634126400000,3469.2,3513.8,3407.9,3485.9,87768540.2852
2021-10-13T16:00:00+00:00,1634140800000,3485.9,3537,3481.3,3522.2,54586683.4186
2021-10-13T20:00:00+00:00,1634155200000,3522.2,3613.8,3521.3,3608.7,81534011.1965
2021-10-14T00:00:00+00:00,1634169600000,3608.7,3657.4,3589,3644.4,97302042.6322
2021-10-14T04:00:00+00:00,1634184000000,3644.4,3663.5,3613.2,3631.2,49771603.0971
2021-10-14T08:00:00+00:00,1634198400000,3631.2,3749.1,3621.1,3735.8,91593119.7613
2021-10-14T12:00:00+00:00,1634212800000,3735.8,3826,3722.3,3809.5,137346980.5569
2021-10-14T16:00:00+00:00,1634227200000,3809.5,3826.5,3754.5,3792.3,112540973.3348
2021-10-14T20:00:00+00:00,1634241600000,3792.3,3796.5,3756.3,3791.5,37330456.5032
2021-10-15T00:00:00+00:00,1634256000000,3791.5,3842.3,3732,3821.9,108843089.28
2021-10-15T04:00:00+00:00,1634270400000,3821.9,3859.8,3798.9,3805.5,94704668.4067
2021-10-15T08:00:00+00:00,1634284800000,3805.5,3810.2,3744.3,3780.1,92657206.5577
2021-10-15T12:00:00+00:00,1634299200000,3780.1,3834.6,3765.5,3790.2,78800800.427
2021-10-15T16:00:00+00:00,1634313600000,3790.2,3893.1,3788.7,3848.2,106679206.46
2021-10-15T20:00:00+00:00,1634328000000,3848.2,3907.3,3820.4,3869.8,93405787.1891
2021-10-16T00:00:00+00:00,1634342400000,3869.8,3872.5,3822.3,3842.7,57870651.0735
2021-10-16T04:00:00+00:00,1634356800000,3842.6,3866.7,3831,3852.9,44115491.5168
2021-10-16T08:00:00+00:00,1634371200000,3852.9,3965.3,3849.5,3956.2,100673922.1408
2021-10-16T12:00:00+00:00,1634385600000,3956.2,3969.6,3881,3908.7,114626998.6583
2021-10-16T16:00:00+00:00,1634400000000,3908.7,3914.6,3834.6,3839.5,55859565.816
2021-10-16T20:00:00+00:00,1634414400000,3839.4,3853.1,3803.6,3830.5,32698821.4726
2021-10-17T00:00:00+00:00,1634428800000,3830.5,3888.4,3804.8,3878.4,61800014.1469
2021-10-17T04:00:00+00:00,1634443200000,3878.4,3919.1,3853.9,3877.7,90381360.8164
2021-10-17T08:00:00+00:00,1634457600000,3877.7,3910.3,3855,3859.2,46879282.7467
2021-10-17T12:00:00+00:00,1634472000000,3859.2,3874.2,3765.5,3788.1,62393007.3843
2021-10-17T16:00:00+00:00,1634486400000,3788.1,3814.8,3753.6,3766,48463833.3146
2021-10-17T20:00:00+00:00,1634500800000,3766,3864.1,3640,3847.3,163445561.1997
2021-10-18T00:00:00+00:00,1634515200000,3847.3,3893.8,3832.3,3852.9,72539716.8369
2021-10-18T04:00:00+00:00,1634529600000,3852.9,3885.5,3833.3,3836.9,60780204.4665
2021-10-18T08:00:00+00:00,1634544000000,3836.9,3862.4,3699.9,3744.3,144196315.4803
2021-10-18T12:00:00+00:00,1634558400000,3744.3,4002.3,3675,3760.6,143788504.8559
2021-10-18T16:00:00+00:00,1634572800000,3760.6,3779.2,3600,3747,102409143.1201
2021-10-18T20:00:00+00:00,1634587200000,3747,3765.3,3714.4,3745.3,53670887.7291
2021-10-19T00:00:00+00:00,1634601600000,3745.3,3833.1,3732.4,3822.9,74254523.3498
2021-10-19T04:00:00+00:00,1634616000000,3822.9,3844.5,3768,3809.4,62440174.3921
2021-10-19T08:00:00+00:00,1634630400000,3809.4,3820.3,3771.7,3798.2,47767409.0683
2021-10-19T12:00:00+00:00,1634644800000,3798.2,3860.5,3744.7,3774.8,120892927.6944
2021-10-19T16:00:00+00:00,1634659200000,3774.8,3839.4,3774.7,3817,69426531.6102
2021-10-19T20:00:00+00:00,1634673600000,3817,3888.1,3799.6,3878.3,79508247.4336
2021-10-20T00:00:00+00:00,1634688000000,3878.3,3903,3842.9,3845.5,61317091.7155
2021-10-20T04:00:00+00:00,1634702400000,3845.5,3861.8,3829.2,3859.5,42451074.7638
2021-10-20T08:00:00+00:00,1634716800000,3859.5,3873.8,3846.8,3862.2,51363302.1142
2021-10-20T12:00:00+00:00,1634731200000,3862.2,4082.3,3860.5,4081.3,249477739.077
2021-10-20T16:00:00+00:00,1634745600000,4081.3,4137.5,4054.1,4101.2,120472159.945
2021-10-20T20:00:00+00:00,1634760000000,4101.2,4169.4,4069.6,4162.8,85979920.2304
2021-10-21T00:00:00+00:00,1634774400000,4162.8,4242.2,4136.5,4185.9,244945282.971
2021-10-21T04:00:00+00:00,1634788800000,4185.9,4196.2,4125,4163.2,97893534.6256
2021-10-21T08:00:00+00:00,1634803200000,4163.2,4374,3477,4211.2,266158179.6883
2021-10-21T12:00:00+00:00,1634817600000,4209.9,4274.4,4013,4089.5,281531318.3873
2021-10-21T16:00:00+00:00,1634832000000,4089.2,4136.7,4042.3,4080.7,152230868.3398
2021-10-21T20:00:00+00:00,1634846400000,4080.7,4118.9,4041.7,4053.9,88635100.2878
2021-10-22T00:00:00+00:00,1634860800000,4053.9,4163.1,4053.4,4156.6,104056743.3016
2021-10-22T04:00:00+00:00,1634875200000,4156.6,4169,4105.5,4143.6,75116237.8258
2021-10-22T08:00:00+00:00,1634889600000,4143.6,4157,4090,4125.3,77992517.7729
2021-10-22T12:00:00+00:00,1634904000000,4125.3,4145.8,3961.8,3965.1,191706864.959
2021-10-22T16:00:00+00:00,1634918400000,3965.1,3984.8,3887.3,3982.1,186193561.0258
2021-10-22T20:00:00+00:00,1634932800000,3982.1,3997.8,3927.7,3971.7,51738690.8574
2021-10-23T00:00:00+00:00,1634947200000,3971.7,4036,3944.2,4023.3,71820867.7288
2021-10-23T04:00:00+00:00,1634961600000,4023.3,4052,3999.5,4013.9,61988649.5339
2021-10-23T08:00:00+00:00,1634976000000,4012.7,4047,3934.5,4039.3,104919551.697
2021-10-23T12:00:00+00:00,1634990400000,4039.3,4096.4,4016.7,4086.3,107465142.4968
2021-10-23T16:00:00+00:00,1635004800000,4086.3,4127.2,4065.3,4082.8,65202450.9472
2021-10-23T20:00:00+00:00,1635019200000,4082.8,4171.4,4069.1,4167,56555351.8027
2021-10-24T00:00:00+00:00,1635033600000,4167,4186,4115.8,4132.5,52874770.6621
2021-10-24T04:00:00+00:00,1635048000000,4132.5,4135.6,4076.5,4094.7,49003114.935
2021-10-24T08:00:00+00:00,1635062400000,4094.7,4123,4024.1,4025.2,89818910.7984
2021-10-24T12:00:00+00:00,1635076800000,4025.2,4071,3984.8,3998.9,127640164.2819
2021-10-24T16:00:00+00:00,1635091200000,3999.1,4048.3,3961.6,4044.1,74813303.9962
2021-10-24T20:00:00+00:00,1635105600000,4044.1,4099.1,4037,4082.4,57990001.5952
2021-10-25T00:00:00+00:00,1635120000000,4082.4,4144,4068.5,4134.8,92574878.7206
2021-10-25T04:00:00+00:00,1635134400000,4134.8,4177.2,4113.6,4148.6,69544336.121
2021-10-25T08:00:00+00:00,1635148800000,4148.6,4161.5,4105.3,4126.6,47090045.7977
2021-10-25T12:00:00+00:00,1635163200000,4126.6,4214.1,4107.4,4212.2,90106812.4928
2021-10-25T16:00:00+00:00,1635177600000,4212.2,4235.7,4170.7,4184.5,89746090.5729
2021-10-25T20:00:00+00:00,1635192000000,4184.5,4224.7,4171.3,4220.5,59442327.6987
2021-10-26T00:00:00+00:00,1635206400000,4220.8,4258.5,4205,4224.9,73006959.7406
2021-10-26T04:00:00+00:00,1635220800000,4224.9,4230.8,4177.1,4198.3,48520866.9815
2021-10-26T08:00:00+00:00,1635235200000,4198.3,4233.8,4196.6,4213.8,41447502.9145
2021-10-26T12:00:00+00:00,1635249600000,4213.8,4222.3,4132.6,4187,82102861.4531
2021-10-26T16:00:00+00:00,1635264000000,4187,4230.5,4139.6,4211.5,85375145.1187
2021-10-26T20:00:00+00:00,1635278400000,4211.5,4298.3,4089.6,4130.8,155804810.1418
2021-10-27T00:00:00+00:00,1635292800000,4130.8,4227.3,4115,4209.9,100244228.7747
2021-10-27T04:00:00+00:00,1635307200000,4209.9,4322.6,4135,4137.2,260686852.1591
2021-10-27T08:00:00+00:00,1635321600000,4137.2,4137.3,3945,3992.7,215655958.5838
2021-10-27T12:00:00+00:00,1635336000000,3992.7,4041.6,3960.5,3995.3,108664385.5075
2021-10-27T16:00:00+00:00,1635350400000,3995,4009.7,3939.1,4000.6,96405508.858
2021-10-27T20:00:00+00:00,1635364800000,4000.5,4025.4,3911.7,3922.5,100184662.7586
2021-10-28T00:00:00+00:00,1635379200000,3922.5,4023.5,3890.8,3996.9,88253745.6971
2021-10-28T04:00:00+00:00,1635393600000,3996.9,4043.5,3983.3,4011.4,83242501.2315
2021-10-28T08:00:00+00:00,1635408000000,4011.4,4176.4,4011,4154.4,118166585.3763
2021-10-28T12:00:00+00:00,1635422400000,4154.4,4209,4138.9,4153.2,96628107.0695
2021-10-28T16:00:00+00:00,1635436800000,4153.2,4270.8,4124.6,4262,197511198.6797
2021-10-28T20:00:00+00:00,1635451200000,4262,4296.9,4211.2,4288.2,113111028.7405
2021-10-29T00:00:00+00:00,1635465600000,4288.2,4407.1,4267.9,4381.6,189014756.1734
2021-10-29T04:00:00+00:00,1635480000000,4381.6,4390.8,4289.2,4308.5,97504111.1988
2021-10-29T08:00:00+00:00,1635494400000,4308.5,4367.7,4277,4321.5,119609141.4253
2021-10-29T12:00:00+00:00,1635508800000,4321.5,4449.8,4297.5,4442,146641926.3884
2021-10-29T16:00:00+00:00,1635523200000,4441.3,4462.2,4283,4404.3,144564347.0456
2021-10-29T20:00:00+00:00,1635537600000,4404.3,4430.6,4388.2,4418.7,51731345.6011
2021-10-30T00:00:00+00:00,1635552000000,4418.7,4436.2,4331.6,4343.7,60131683.8598
2021-10-30T04:00:00+00:00,1635566400000,4343.7,4382.5,4331.4,4349.7,75877300.6195
2021-10-30T08:00:00+00:00,1635580800000,4349.7,4359.3,4290.8,4334.8,59302106.354
2021-10-30T12:00:00+00:00,1635595200000,4334.8,4352.3,4235,4284.5,104740992.2453
2021-10-30T16:00:00+00:00,1635609600000,4284.5,4341.5,4268,4338.4,43290390.223
2021-10-30T20:00:00+00:00,1635624000000,4338.4,4346,4250.6,4324.7,49049787.6923
2021-10-31T00:00:00+00:00,1635638400000,4324.7,4396.7,4320,4372.9,71374801.2413
2021-10-31T04:00:00+00:00,1635652800000,4372.9,4385,4300.5,4319.8,53432177.1077
2021-10-31T08:00:00+00:00,1635667200000,4319.9,4321.6,4192.3,4209.4,109207020.3855
2021-10-31T12:00:00+00:00,1635681600000,4209.4,4236,4167.3,4217.3,92864568.0911
2021-10-31T16:00:00+00:00,1635696000000,4217.3,4262,4194,4250.7,52010416.2911
2021-10-31T20:00:00+00:00,1635710400000,4250.7,4331.4,4232,4290,60392977.1485
2021-11-01T00:00:00+00:00,1635724800000,4290,4328.2,4176.7,4193.6,88959041.1087
2021-11-01T04:00:00+00:00,1635739200000,4193.6,4323.1,4150.1,4306.3,113817731.5439
2021-11-01T08:00:00+00:00,1635753600000,4306.3,4359.5,4298.9,4318.4,98514527.5151
2021-11-01T12:00:00+00:00,1635768000000,4318.4,4383,4314.1,4351.9,94466369.5962
2021-11-01T16:00:00+00:00,1635782400000,4352.1,4370.6,4266.6,4366.8,90280285.2225
2021-11-01T20:00:00+00:00,1635796800000,4366.8,4368.7,4280,4322,52100825.3505
2021-11-02T00:00:00+00:00,1635811200000,4322,4351.9,4287.6,4321.7,54882569.2233
2021-11-02T04:00:00+00:00,1635825600000,4321.7,4392.9,4318,4344.2,62744210.2447
2021-11-02T08:00:00+00:00,1635840000000,4344.3,4481.5,4332.3,4416.3,106799808.424
2021-11-02T12:00:00+00:00,1635854400000,4416.3,4523.6,4416.3,4515.7,116651880.4463
2021-11-02T16:00:00+00:00,1635868800000,4515.7,4524,4477.6,4512.9,68325746.4227
2021-11-02T20:00:00+00:00,1635883200000,4512.9,4573.7,4485.8,4573.7,74418783.8308