2021-04-26T00:00:00+00:00,1619395200000,47.45,48.265,44.9,47.1925,12949300.264
2021-04-26T04:00:00+00:00,1619409600000,47.1925,48.5,45.765,47.93,9733486.01475
2021-04-26T08:00:00+00:00,1619424000000,47.93,48.3725,45.4525,45.5275,9291889.13825
2021-04-26T12:00:00+00:00,1619438400000,45.5275,47.59,45.23,46.93,11059934.3075
2021-04-26T16:00:00+00:00,1619452800000,46.93,47.315,44.85,45.3375,7607339.58375
2021-04-26T20:00:00+00:00,1619467200000,45.3375,45.6,43.3675,43.9475,12992355.1125
2021-04-27T00:00:00+00:00,1619481600000,43.9475,46.5875,43.7575,45.105,10855376.45675
2021-04-27T04:00:00+00:00,1619496000000,45.105,46.4,44.4225,45.745,9909340.7765
2021-04-27T08:00:00+00:00,1619510400000,45.745,46.35,44.69,45.2375,8819202.587
2021-04-27T12:00:00+00:00,1619524800000,45.2375,45.345,42.6525,43.93,17543632.83925
2021-04-27T16:00:00+00:00,1619539200000,43.93,44.0625,42.5475,43.5,12121707.4465
2021-04-27T20:00:00+00:00,1619553600000,43.5,44.735,43.095,43.255,10086414.692
2021-04-28T00:00:00+00:00,1619568000000,43.255,45.095,42,43.2475,13966309.0335
2021-04-28T04:00:00+00:00,1619582400000,43.2475,43.7025,40.7325,42.5375,13740038.35225
2021-04-28T08:00:00+00:00,1619596800000,42.5375,44.095,41.535,44.095,12283168.0105
2021-04-28T12:00:00+00:00,1619611200000,44.095,46.8575,43.885,45.8175,24218325.96275
2021-04-28T16:00:00+00:00,1619625600000,45.8175,46.9,45.015,45.625,8427957.7745
2021-04-28T20:00:00+00:00,1619640000000,45.625,46.04,44.125,44.845,8928133.1875
2021-04-29T00:00:00+00:00,1619654400000,44.845,46.105,43.0475,43.2675,10981145.7925
2021-04-29T04:00:00+00:00,1619668800000,43.2675,44.47,42.93,43.67,8034160.66
2021-04-29T08:00:00+00:00,1619683200000,43.67,44.59,42.7275,44.1025,8468197.4
2021-04-29T12:00:00+00:00,1619697600000,44.1025,44.75,43.395,44.3075,7995123.38625
2021-04-29T16:00:00+00:00,1619712000000,44.3075,44.665,40.765,41.97,24957834.36325
2021-04-29T20:00:00+00:00,1619726400000,41.97,42.6875,41.28,42.53,7790591.682
2021-04-30T00:00:00+00:00,1619740800000,42.53,42.99,41.2375,42.28,12261493.043
2021-04-30T04:00:00+00:00,1619755200000,42.28,43.1,42.25,43.0275,8778784.49125
2021-04-30T08:00:00+00:00,1619769600000,43.0275,44.31,42.7375,43.0075,13413087.07775
2021-04-30T12:00:00+00:00,1619784000000,43.0075,43.7675,42.1,42.69,11827381.607
2021-04-30T16:00:00+00:00,1619798400000,42.69,43.97,42.35,43.77,10059280.1005
2021-04-30T20:00:00+00:00,1619812800000,43.77,43.78,42.6275,42.8725,7128331.18125
2021-05-01T00:00:00+00:00,1619827200000,42.8725,43.08,42.0275,43.08,7706540.16475
2021-05-01T04:00:00+00:00,1619841600000,43.08,43.55,42.6075,42.9425,6649198.854
2021-05-01T08:00:00+00:00,1619856000000,42.9425,44.605,42.445,44.395,7611104.85
2021-05-01T12:00:00+00:00,1619870400000,44.395,47.9175,43.735,47.4575,17148105.5255
2021-05-01T16:00:00+00:00,1619884800000,47.4575,49.485,46.69,49.4025,13982263.60325
2021-05-01T20:00:00+00:00,1619899200000,49.4025,49.9,47.225,49.57,7795693.30775
2021-05-02T00:00:00+00:00,1619913600000,49.57,49.9625,47.1925,47.5175,6859702.75575
2021-05-02T04:00:00+00:00,1619928000000,47.5175,48.32,46.0425,46.5675,7758485.9175
2021-05-02T08:00:00+00:00,1619942400000,46.5675,47.6475,46.0425,46.7225,7262307.28125
2021-05-02T12:00:00+00:00,1619956800000,46.7225,47.52,46.1025,47.1,8738107.15
2021-05-02T16:00:00+00:00,1619971200000,47.1,48.25,46.75,47.955,5332739.203
2021-05-02T20:00:00+00:00,1619985600000,47.955,48.1225,46.3625,46.9175,5440805.2095
2021-05-03T00:00:00+00:00,1620000000000,46.9175,48,46.725,47.695,6948257.25275
2021-05-03T04:00:00+00:00,1620014400000,47.72,48.995,47.505,48.5275,12956907.7065
2021-05-03T08:00:00+00:00,1620028800000,48.5275,49.3525,47.6725,48.3125,11744234.9915
2021-05-03T12:00:00+00:00,1620043200000,48.3125,48.5925,46.88,47.92,11411696.0735
2021-05-03T16:00:00+00:00,1620057600000,47.92,48.05,46.8,47.005,12289281.79625
2021-05-03T20:00:00+00:00,1620072000000,47.005,47.005,44.7,46.06,22903404.66975
2021-05-04T00:00:00+00:00,1620086400000,46.0375,46.0625,43.2,45.01,13314180.49
2021-05-04T04:00:00+00:00,1620100800000,45.01,47.325,44.8125,46.0075,11755087.709
2021-05-04T08:00:00+00:00,1620115200000,46.0075,47.8225,45.4775,47.115,10614324.12075
2021-05-04T12:00:00+00:00,1620129600000,47.115,47.445,42.9775,43.57,20041736.026
2021-05-04T16:00:00+00:00,1620144000000,43.57,44.77,42.3025,44.57,13549494.24775
2021-05-04T20:00:00+00:00,1620158400000,44.57,44.8725,42.53,42.635,9051031.3645
2021-05-05T00:00:00+00:00,1620172800000,42.635,45.1675,42.3,43.8775,8453989.83725
2021-05-05T04:00:00+00:00,1620187200000,43.8775,44.53,42.9975,44.53,8745077.8615
2021-05-05T08:00:00+00:00,1620201600000,44.53,45.8,44.015,44.36,9898996.01525
2021-05-05T12:00:00+00:00,1620216000000,44.36,45.32,43.92,44.21,11930754.72175
2021-05-05T16:00:00+00:00,1620230400000,44.21,46,44.12,45.9575,9354233.9925
2021-05-05T20:00:00+00:00,1620244800000,45.9625,46.7475,44.5,44.9775,9450789.277
2021-05-06T00:00:00+00:00,1620259200000,44.98,44.98,43.5825,44.265,9303407.5415
2021-05-06T04:00:00+00:00,1620273600000,44.265,44.65,42.5475,43.79,9065877.5715
2021-05-06T08:00:00+00:00,1620288000000,43.79,44.85,43.335,44.61,9949725.9525
2021-05-06T12:00:00+00:00,1620302400000,44.61,44.6425,43.5425,43.775,7677787.2025
2021-05-06T16:00:00+00:00,1620316800000,43.775,43.93,42.6125,43.805,9576121.56525
2021-05-06T20:00:00+00:00,1620331200000,43.805,43.9,43.1,43.52,5067054.48225
2021-05-07T00:00:00+00:00,1620345600000,43.52,43.78,41.7325,42.0475,9080628.02325
2021-05-07T04:00:00+00:00,1620360000000,42.0475,42.79,41.5,42.31,6719955.23275
2021-05-07T08:00:00+00:00,1620374400000,42.31,43.09,42.0175,42.75,5416889.187
2021-05-07T12:00:00+00:00,1620388800000,42.75,45.185,42.4075,45,10233697.45325
2021-05-07T16:00:00+00:00,1620403200000,45,46.23,43.3775,43.7825,18943607.7985
2021-05-07T20:00:00+00:00,1620417600000,43.7825,44.5675,42.27,43.2,7652728.03425
2021-05-08T00:00:00+00:00,1620432000000,43.2,43.6875,42.3925,43.56,5175445.319
2021-05-08T04:00:00+00:00,1620446400000,43.5775,43.6575,42.74,43.6225,4653949.19425
2021-05-08T08:00:00+00:00,1620460800000,43.6225,44.6825,43.6,44.3175,7613031.99325
2021-05-08T12:00:00+00:00,1620475200000,44.3175,45.49,43.5275,43.6325,11489681.99675
2021-05-08T16:00:00+00:00,1620489600000,43.6325,45.39,43.6025,44.95,8707661.4075
2021-05-08T20:00:00+00:00,1620504000000,44.95,46.75,44.4225,45.72,10428720.41375
2021-05-09T00:00:00+00:00,1620518400000,45.72,47.15,44.62,44.625,8481172.123
2021-05-09T04:00:00+00:00,1620532800000,44.625,46.22,43,44.755,11752754.51625
2021-05-09T08:00:00+00:00,1620547200000,44.755,45.4175,44.3375,44.8025,6689164.40875
2021-05-09T12:00:00+00:00,1620561600000,44.8025,44.8975,43.2975,44.195,11557862.18475
2021-05-09T16:00:00+00:00,1620576000000,44.195,45.0325,44.0325,44.2975,7736136.94275
2021-05-09T20:00:00+00:00,1620590400000,44.2975,44.99,44.1075,44.34,5666262.67625
2021-05-10T00:00:00+00:00,1620604800000,44.34,45.4925,44.275,45.05,7440345.3645
2021-05-10T04:00:00+00:00,1620619200000,45.05,45.9575,44.8625,45.53,6895068.66425
2021-05-10T08:00:00+00:00,1620633600000,45.53,45.535,43.645,43.9825,8330958.822
2021-05-10T12:00:00+00:00,1620648000000,43.9825,44.4,43.18,43.915,9513332.07225
2021-05-10T16:00:00+00:00,1620662400000,43.915,43.9575,41.345,42,13100138.5385
2021-05-10T20:00:00+00:00,1620676800000,42,44.0675,38.8425,42.9375,21001622.799
2021-05-11T00:00:00+00:00,1620691200000,42.9375,43.045,39.53,40.3775,14504133.39
2021-05-11T04:00:00+00:00,1620705600000,40.3775,41.5475,39.705,41.53,11521427.1205
2021-05-11T08:00:00+00:00,1620720000000,41.53,42.2375,40.26,41.3725,7510356.8325
2021-05-11T12:00:00+00:00,1620734400000,41.3725,41.75,40.055,41.5175,7963191.51575
2021-05-11T16:00:00+00:00,1620748800000,41.5175,43.1475,41.33,42.9825,7343810.149
2021-05-11T20:00:00+00:00,1620763200000,42.9825,45.175,42.765,44.6525,11296618.14975
2021-05-12T00:00:00+00:00,1620777600000,44.6525,45.6975,44,44.4975,12302222.578
2021-05-12T04:00:00+00:00,1620792000000,44.4975,45.7,43.7725,44.8725,9644875.64275
2021-05-12T08:00:00+00:00,1620806400000,44.8725,46.7,44.7525,46.0825,14422189.247
2021-05-12T12:00:00+00:00,1620820800000,46.0825,48.1675,44.9575,47.4675,26200047.35225
2021-05-12T16:00:00+00:00,1620835200000,47.4675,47.8225,42.5175,44.85,20288642.30425
2021-05-12T20:00:00+00:00,1620849600000,44.85,49.1,41.195,43.2475,39917378.82025
2021-05-13T00:00:00+00:00,1620864000000,43.2475,45.4325,40,42.53,24363574.8795
2021-05-13T04:00:00+00:00,1620878400000,42.53,45.0525,42.335,44.2425,9395124.22325
2021-05-13T08:00:00+00:00,1620892800000,44.2425,44.6075,40.45,41.59,16869057.78425
2021-05-13T12:00:00+00:00,1620907200000,41.59,43.4275,41.1325,41.4875,11958758.01375
2021-05-13T16:00:00+00:00,1620921600000,41.4875,42.085,37.435,39.1175,28045310.67925
2021-05-13T20:00:00+00:00,1620936000000,39.1175,41.61,38.71,41,7080815.16175
2021-05-14T00:00:00+00:00,1620950400000,41,42.2425,40.23,40.7575,5173358.802
2021-05-14T04:00:00+00:00,1620964800000,40.7575,41.25,39.91,41.1025,4631475.0575
2021-05-14T08:00:00+00:00,1620979200000,41.105,43.2375,41.105,42.86,5417979.89025
2021-05-14T12:00:00+00:00,1620993600000,42.86,45,41.9175,44.675,9330591.617
2021-05-14T16:00:00+00:00,1621008000000,44.6375,44.92,43.165,43.225,4334270.3355
2021-05-14T20:00:00+00:00,1621022400000,43.225,43.3125,41.4225,42.75,8416663.4175
2021-05-15T00:00:00+00:00,1621036800000,42.75,43.0425,41.6975,42.14,3362895.4725
2021-05-15T04:00:00+00:00,1621051200000,42.14,42.74,40.6,40.865,3805705.083
2021-05-15T08:00:00+00:00,1621065600000,40.865,41.5,40.385,41.27,4391573.90325
2021-05-15T12:00:00+00:00,1621080000000,41.27,41.955,40.1725,41.41,3634050.81
2021-05-15T16:00:00+00:00,1621094400000,41.41,42.3425,39.4175,42.3025,10484559.95
2021-05-15T20:00:00+00:00,1621108800000,42.3025,45.5825,41.895,43.49,10738175.4255
2021-05-16T00:00:00+00:00,1621123200000,43.49,47.9,43.0175,47.6,15300108.5675
2021-05-16T04:00:00+00:00,1621137600000,47.585,47.845,45.8125,46.465,10680958.9885
2021-05-16T08:00:00+00:00,1621152000000,46.465,47.9475,45.97,47.2175,9913059.934
2021-05-16T12:00:00+00:00,1621166400000,47.2175,52.4575,47.0225,48.52,30031047.1015
2021-05-16T16:00:00+00:00,1621180800000,48.52,49.85,41.8775,43.6625,46478099.8975
2021-05-16T20:00:00+00:00,1621195200000,43.6625,48.7375,42.2125,46.8475,26306652.82975
2021-05-17T00:00:00+00:00,1621209600000,46.8475,47.35,43.75,44.095,20518699.2865
2021-05-17T04:00:00+00:00,1621224000000,44.05,51.0575,43.155,50.5775,36224906.61175
2021-05-17T08:00:00+00:00,1621238400000,50.5775,51.5,47.78,50.23,21784560.66575
2021-05-17T12:00:00+00:00,1621252800000,50.23,50.515,47.725,48.5625,16137783.9845
2021-05-17T16:00:00+00:00,1621267200000,48.5625,51.9275,45.5725,49.1225,35216788.4085
2021-05-17T20:00:00+00:00,1621281600000,49.145,50,46.32,46.72,14879422.97
2021-05-18T00:00:00+00:00,1621296000000,46.72,48.3325,46.1075,47.72,12623313.21675
2021-05-18T04:00:00+00:00,1621310400000,47.72,52.035,47.57,51.9675,18974670.4715
2021-05-18T08:00:00+00:00,1621324800000,51.9675,55.03,51.545,54.485,20300252.74975
2021-05-18T12:00:00+00:00,1621339200000,54.485,55.04,51.175,53.415,24330113.70225
2021-05-18T16:00:00+00:00,1621353600000,53.415,58.3975,53.065,55.1975,37291030.062
2021-05-18T20:00:00+00:00,1621368000000,55.1975,56.96,50.53,55.915,20387364.679
2021-05-19T00:00:00+00:00,1621382400000,55.915,57.5725,50.9975,52.005,27184290.4925
2021-05-19T04:00:00+00:00,1621396800000,52.005,52.5675,44,50.8575,49311959.1125
2021-05-19T08:00:00+00:00,1621411200000,50.8575,50.985,38,43.9,34784661.62425
2021-05-19T12:00:00+00:00,1621425600000,43.9,47.3975,28.8025,46.4725,116777063.348
2021-05-19T16:00:00+00:00,1621440000000,46.4725,47.9025,40.64,40.99,37562176.80875
2021-05-19T20:00:00+00:00,1621454400000,40.99,41.8575,34.9325,35.035,41248575.241
2021-05-20T00:00:00+00:00,1621468800000,34.9425,38.83,31,36.4925,39959658.84975
2021-05-20T04:00:00+00:00,1621483200000,36.4925,42.44,35.965,41.73,25791765.37075
2021-05-20T08:00:00+00:00,1621497600000,41.73,44.305,39.175,43.2675,22777379.7765
2021-05-20T12:00:00+00:00,1621512000000,43.2675,46.3125,42.515,45.8825,37133378.35525
2021-05-20T16:00:00+00:00,1621526400000,45.8825,49.675,42.5475,44.9825,55051734.05025
2021-05-20T20:00:00+00:00,1621540800000,44.9825,48.11,43.885,44.4825,18289199.50075
2021-05-21T00:00:00+00:00,1621555200000,44.4825,47.7475,44.4,45.5125,16925478.55225
2021-05-21T04:00:00+00:00,1621569600000,45.5125,45.86,43,44.01,16719441.33225
2021-05-21T08:00:00+00:00,1621584000000,44.01,44.25,41.05,42.25,23670679.1485
2021-05-21T12:00:00+00:00,1621598400000,42.25,42.64,35.5425,36.95,36865334.17175
2021-05-21T16:00:00+00:00,1621612800000,36.95,40.23,36.535,38.13,16844937.3225
2021-05-21T20:00:00+00:00,1621627200000,38.13,38.98,33.5525,38.885,18847692.55825
2021-05-22T00:00:00+00:00,1621641600000,38.885,40,36.68,37.6875,11766457.5315
2021-05-22T04:00:00+00:00,1621656000000,37.6875,38.225,34.0725,35.175,14231093.43025
2021-05-22T08:00:00+00:00,1621670400000,35.175,37.84,35.155,37.01,9855293.34525
2021-05-22T12:00:00+00:00,1621684800000,37.01,38.37,34.695,35.3925,6547918.75375
2021-05-22T16:00:00+00:00,1621699200000,35.3925,35.5325,31.1875,31.375,17616894.9315
2021-05-22T20:00:00+00:00,1621713600000,31.375,33.785,31.18,31.275,8914442.8265
2021-05-23T00:00:00+00:00,1621728000000,31.275,32.3875,29,30.2725,21155339.03575
2021-05-23T04:00:00+00:00,1621742400000,30.2725,30.41,25.925,26.7,17588938.14175
2021-05-23T08:00:00+00:00,1621756800000,26.7,26.74,21.26,25.665,37744620.1945
2021-05-23T12:00:00+00:00,1621771200000,25.665,26.6325,22.26,22.9,29278773.3005
2021-05-23T16:00:00+00:00,1621785600000,22.9,23.625,19.1175,22.935,30251330.88675
2021-05-23T20:00:00+00:00,1621800000000,22.935,25.89,22.6675,24.535,14909265.441
2021-05-24T00:00:00+00:00,1621814400000,24.535,27.9575,24.535,26.7,10878931.45025
2021-05-24T04:00:00+00:00,1621828800000,26.7,28.8475,25.875,28.595,14591182.9975
2021-05-24T08:00:00+00:00,1621843200000,28.595,30.325,27.14,30.2525,13439683.6485
2021-05-24T12:00:00+00:00,1621857600000,30.2525,31.4975,29.16,30.3625,16961217.3615
2021-05-24T16:00:00+00:00,1621872000000,30.3625,32,28.645,31.865,10371916.8345
2021-05-24T20:00:00+00:00,1621886400000,31.865,32.375,29.9075,31.3975,10329815.01275
2021-05-25T00:00:00+00:00,1621900800000,31.3975,33.2025,28.7925,29.22,11328475.716
2021-05-25T04:00:00+00:00,1621915200000,29.22,30.23,27.74,29.6225,10402975.0535
2021-05-25T08:00:00+00:00,1621929600000,29.6225,29.63,25.88,26.3025,12424322.19475
2021-05-25T12:00:00+00:00,1621944000000,26.3025,29.6975,26.17,29.575,12421063.31725
2021-05-25T16:00:00+00:00,1621958400000,29.575,29.985,28.23,28.4525,5954596.78225
2021-05-25T20:00:00+00:00,1621972800000,28.4525,31.3,28.38,30.05,7409947.58625
2021-05-26T00:00:00+00:00,1621987200000,30.05,32.53,28.905,32.53,8502854.58075
2021-05-26T04:00:00+00:00,1622001600000,32.53,35.6425,31.46,35.13,12505639.575
2021-05-26T08:00:00+00:00,1622016000000,35.13,36.38,33.27,36.245,8783656.47875
2021-05-26T12:00:00+00:00,1622030400000,36.245,37.2775,33.3225,34.35,12165641.52025
2021-05-26T16:00:00+00:00,1622044800000,34.35,35.2225,32.7075,33.6125,11872789.5595
2021-05-26T20:00:00+00:00,1622059200000,33.6125,35.8075,33.3925,35.4725,6277490.90075
2021-05-27T00:00:00+00:00,1622073600000,35.47,35.6375,31.1,31.8975,10055656.3645
2021-05-27T04:00:00+00:00,1622088000000,31.8975,33.4725,31.5,33.2275,5335925.8965
2021-05-27T08:00:00+00:00,1622102400000,33.2275,35.2525,32.1825,35.12,5712821.14825
2021-05-27T12:00:00+00:00,1622116800000,35.12,35.26,33.7975,34.215,4142261.1485
2021-05-27T16:00:00+00:00,1622131200000,34.215,34.59,33.105,34.4775,4172873.3855
2021-05-27T20:00:00+00:00,1622145600000,34.4775,35.44,33.4375,33.77,6630635.19325
2021-05-28T00:00:00+00:00,1622160000000,33.77,34.5625,33.06,33.835,5198856.33475
2021-05-28T04:00:00+00:00,1622174400000,33.835,33.835,30.0275,31.05,6243290.7695
2021-05-28T08:00:00+00:00,1622188800000,31.05,31.275,28.2675,28.5,9180317.83725
2021-05-28T12:00:00+00:00,1622203200000,28.5,31.96,28.295,31.1925,6410441.35625
2021-05-28T16:00:00+00:00,1622217600000,31.1925,31.55,30.2125,30.8,5793734.99775
2021-05-28T20:00:00+00:00,1622232000000,30.8,31.2425,27.975,28.9875,7610772.15225
2021-05-29T00:00:00+00:00,1622246400000,28.9875,29.8,28.785,29.445,1936884.047
2021-05-29T04:00:00+00:00,1622260800000,29.445,30.07,28.5,29.15,6018708.2585
2021-05-29T08:00:00+00:00,1622275200000,29.15,29.4,27.79,28.7425,3753605.238
2021-05-29T12:00:00+00:00,1622289600000,28.7425,28.7425,26.5,26.965,5976263.37675
2021-05-29T16:00:00+00:00,1622304000000,26.965,27.515,25.7125,26.0325,4760371.855
2021-05-29T20:00:00+00:00,1622318400000,26.0325,27.7,25.7475,27.4,3388393.48475
2021-05-30T00:00:00+00:00,1622332800000,27.4,27.48,25.6275,26.775,3652950.1835
2021-05-30T04:00:00+00:00,1622347200000,26.775,29.5925,26.7125,29.56,3248291.9475
2021-05-30T08:00:00+00:00,1622361600000,29.56,29.7875,28.6,29.375,2981392.4305
2021-05-30T12:00:00+00:00,1622376000000,29.375,29.45,27.4275,27.8425,3654742.45625
2021-05-30T16:00:00+00:00,1622390400000,27.8325,29.4275,27.625,29.14,3364682.1335
2021-05-30T20:00:00+00:00,1622404800000,29.14,29.4875,28.4575,28.63,2536384.3675
2021-05-31T00:00:00+00:00,1622419200000,28.63,29.055,27.5225,28.05,3154069.7835
2021-05-31T04:00:00+00:00,1622433600000,28.05,30.78,27.5475,30.62,6486908.26875
2021-05-31T08:00:00+00:00,1622448000000,30.62,32.4175,30.34,31.5925,7032299.549
2021-05-31T12:00:00+00:00,1622462400000,31.5925,32.79,30.575,32.65,6464730.13875
2021-05-31T16:00:00+00:00,1622476800000,32.65,33.0175,31.3125,31.6025,4614090.492
2021-05-31T20:00:00+00:00,1622491200000,31.6025,32.9725,31.39,32.79,3010492.956
2021-06-01T00:00:00+00:00,1622505600000,32.79,32.885,31.3,32.2425,3733692.07575
2021-06-01T04:00:00+00:00,1622520000000,32.2425,33.3275,31.935,32.16,4219340.96525
2021-06-01T08:00:00+00:00,1622534400000,32.16,32.33,30.61,32.03,4612375.20925
2021-06-01T12:00:00+00:00,1622548800000,32.03,32.2725,30.82,31.17,4244248.89075
2021-06-01T16:00:00+00:00,1622563200000,31.17,31.5,29.825,30.0525,7049106.2915
2021-06-01T20:00:00+00:00,1622577600000,30.0525,31.12,29.97,30.93,3787698.4625
2021-06-02T00:00:00+00:00,1622592000000,30.93,31.255,30.4175,31.02,3010351.66725
2021-06-02T04:00:00+00:00,1622606400000,31.02,31.855,30.845,31.7325,3373096.0995
2021-06-02T08:00:00+00:00,1622620800000,31.7325,32.5675,31.42,32.42,3516824.7915
2021-06-02T12:00:00+00:00,1622635200000,32.42,34.2625,32.42,33.635,7711854.29175
2021-06-02T16:00:00+00:00,1622649600000,33.635,34.985,33.3525,34.12,5811561.37
2021-06-02T20:00:00+00:00,1622664000000,34.12,34.645,33.34,33.985,3839802.91925
2021-06-03T00:00:00+00:00,1622678400000,33.985,35.815,33.7025,35.54,5322803.8695
2021-06-03T04:00:00+00:00,1622692800000,35.54,37.4375,35.1575,36.6675,5612675.049
2021-06-03T08:00:00+00:00,1622707200000,36.6675,37.67,36.205,36.7475,5104690.4225
2021-06-03T12:00:00+00:00,1622721600000,36.7475,39.7075,36.11,38.5,12079989.7565
2021-06-03T16:00:00+00:00,1622736000000,38.5,39.8825,38.0525,39.5025,10457852.6145
2021-06-03T20:00:00+00:00,1622750400000,39.5025,41.29,39.23,39.59,7147540.59
2021-06-04T00:00:00+00:00,1622764800000,39.59,39.69,36.915,38.8575,9562773.56
2021-06-04T04:00:00+00:00,1622779200000,38.8575,39.2,34.9375,36.7,11567172.03
2021-06-04T08:00:00+00:00,1622793600000,36.7,38.0525,34.95,35.56,7494365.5525
2021-06-04T12:00:00+00:00,1622808000000,35.56,38.515,34.21,38.1475,11172212.801
2021-06-04T16:00:00+00:00,1622822400000,38.1475,38.835,37.175,37.8,6818891.301
2021-06-04T20:00:00+00:00,1622836800000,37.8,39.1425,36.745,37.39,5560000.498
2021-06-05T00:00:00+00:00,1622851200000,37.39,42.525,37.04,41.45,10256705.9505
2021-06-05T04:00:00+00:00,1622865600000,41.45,42.7925,41.43,41.5675,8565207.0305
2021-06-05T08:00:00+00:00,1622880000000,41.5675,41.9575,39.4525,40.05,9355601.18875
2021-06-05T12:00:00+00:00,1622894400000,40.05,41.48,39.115,40.53,12128951.6835
2021-06-05T16:00:00+00:00,1622908800000,40.525,40.6075,39.2625,39.5425,4807072.18875
2021-06-05T20:00:00+00:00,1622923200000,39.5425,40.1525,37.5125,39.65,7149904.55525
2021-06-06T00:00:00+00:00,1622937600000,39.65,40.685,38.945,39.7475,6462159.37275
2021-06-06T04:00:00+00:00,1622952000000,39.7475,40.4875,39.46,39.7825,4114948.81725
2021-06-06T08:00:00+00:00,1622966400000,39.7825,41.4825,39.7825,40.6025,4450016.74825
2021-06-06T12:00:00+00:00,1622980800000,40.6025,42.99,40.25,42.8425,8459495.78
2021-06-06T16:00:00+00:00,1622995200000,42.8425,43.415,41.405,41.6475,7060808.05325
2021-06-06T20:00:00+00:00,1623009600000,41.6475,42.95,41.4675,42.2,4714430.9455
2021-06-07T00:00:00+00:00,1623024000000,42.2,43.985,41.725,42.6,6656458.909
2021-06-07T04:00:00+00:00,1623038400000,42.6,44.0375,42.4,43.77,6499617.436
2021-06-07T08:00:00+00:00,1623052800000,43.77,44.21,43.045,43.3025,7348114.13675
2021-06-07T12:00:00+00:00,1623067200000,43.3025,44.095,41.8425,42.21,4932402.30975
2021-06-07T16:00:00+00:00,1623081600000,42.21,42.7875,41.13,42.75,6410548.51275
2021-06-07T20:00:00+00:00,1623096000000,42.75,42.935,37.9325,38.2675,13212407.815
2021-06-08T00:00:00+00:00,1623110400000,38.2675,39.755,35.32,37.5275,22837681.1325
2021-06-08T04:00:00+00:00,1623124800000,37.5275,38.1175,34.82,36.8025,18498438.14425
2021-06-08T08:00:00+00:00,1623139200000,36.8025,38.155,35.395,37.32,11824395.4005
2021-06-08T12:00:00+00:00,1623153600000,37.32,37.4675,33.57,36.68,16918466.907
2021-06-08T16:00:00+00:00,1623168000000,36.68,41.4475,36.5275,41.2,17897055.9545
2021-06-08T20:00:00+00:00,1623182400000,41.2,43.1875,40.05,41.3025,20441332.36225
2021-06-09T00:00:00+00:00,1623196800000,41.3025,41.7525,39.31,40.5425,14977396.8895
2021-06-09T04:00:00+00:00,1623211200000,40.545,43.9525,39.66,43.03,14541855.05425
2021-06-09T08:00:00+00:00,1623225600000,43.03,43.9425,42.11,43.59,12572061.83925
2021-06-09T12:00:00+00:00,1623240000000,43.59,44.085,41.5325,42.55,13089999.151
2021-06-09T16:00:00+00:00,1623254400000,42.55,43.215,41.005,41.785,7092052.8285
2021-06-09T20:00:00+00:00,1623268800000,41.785,42.8,41.58,42.04,3659140.86775
2021-06-10T00:00:00+00:00,1623283200000,42.04,42.11,40.625,40.8075,4856186.4845
2021-06-10T04:00:00+00:00,1623297600000,40.8075,42.4025,40.69,42.175,2901347.209
2021-06-10T08:00:00+00:00,1623312000000,42.175,43.0725,41.12,42.005,6599656.5445
2021-06-10T12:00:00+00:00,1623326400000,42.005,42.3225,40.8475,41.15,6644359.117
2021-06-10T16:00:00+00:00,1623340800000,41.15,41.485,39.52,40.99,6369795.49675
2021-06-10T20:00:00+00:00,1623355200000,40.99,41.535,40.085,41.095,3471648.87575
2021-06-11T00:00:00+00:00,1623369600000,41.095,41.3675,39.2625,40.19,3398893.0905
2021-06-11T04:00:00+00:00,1623384000000,40.19,40.385,38.325,38.725,5780361.60075
2021-06-11T08:00:00+00:00,1623398400000,38.725,39.8375,38.68,39.345,2589847.1095
2021-06-11T12:00:00+00:00,1623412800000,39.345,39.9975,37.6775,37.805,5978644.093
2021-06-11T16:00:00+00:00,1623427200000,37.805,38.265,36.7625,37.175,8080774.22725
2021-06-11T20:00:00+00:00,1623441600000,37.175,37.28,35.1775,36.15,8543442.1275
2021-06-12T00:00:00+00:00,1623456000000,36.15,36.18,34.2275,35.425,8764983.50975
2021-06-12T04:00:00+00:00,1623470400000,35.425,36.445,34.54,36.1075,5170729.51175
2021-06-12T08:00:00+00:00,1623484800000,36.1075,36.675,35.0575,36.615,4336809.29775
2021-06-12T12:00:00+00:00,1623499200000,36.615,37.62,36.1625,36.595,4628991.17075
2021-06-12T16:00:00+00:00,1623513600000,36.595,37.315,36.385,36.48,3080338.9235
2021-06-12T20:00:00+00:00,1623528000000,36.48,37.565,36.3,36.475,2521616.4
2021-06-13T00:00:00+00:00,1623542400000,36.475,37.345,35.55,35.7425,3804943.7055
2021-06-13T04:00:00+00:00,1623556800000,35.7425,36.2725,35.3325,35.7925,1298573.897
2021-06-13T08:00:00+00:00,1623571200000,35.7925,36.365,35.5,35.865,1381945.8915
2021-06-13T12:00:00+00:00,1623585600000,35.865,36.1525,34.7175,34.9625,2508044.216
2021-06-13T16:00:00+00:00,1623600000000,34.9625,38.9,34.93,38.1025,7533152.848
2021-06-13T20:00:00+00:00,1623614400000,38.1025,39.3925,38.1025,38.7125,4963492.414
2021-06-14T00:00:00+00:00,1623628800000,38.7125,39.2,37.65,37.91,3974511.81
2021-06-14T04:00:00+00:00,1623643200000,37.91,38.295,37.6625,37.8325,1528727.9885
2021-06-14T08:00:00+00:00,1623657600000,37.8325,37.88,37.02,37.375,1678555.567
2021-06-14T12:00:00+00:00,1623672000000,37.375,40.005,36.63,39.845,9266459.24475
2021-06-14T16:00:00+00:00,1623686400000,39.845,40.55,38.4775,39.0425,7714140.454
2021-06-14T20:00:00+00:00,1623700800000,39.0425,39.8825,38.67,39.7025,2622013.7175
2021-06-15T00:00:00+00:00,1623715200000,39.7025,40.9875,39.3575,40.56,4966083.253
2021-06-15T04:00:00+00:00,1623729600000,40.56,41.305,40.39,41.27,4339872.91775
2021-06-15T08:00:00+00:00,1623744000000,41.27,41.72,40.08,40.545,8652728.74425
2021-06-15T12:00:00+00:00,1623758400000,40.545,41.0525,39.485,40.0175,4984073.357
2021-06-15T16:00:00+00:00,1623772800000,40.0175,41.53,39.9025,40.055,5611799.6065
2021-06-15T20:00:00+00:00,1623787200000,40.055,40.35,39.1275,39.5425,3217669.8065
2021-06-16T00:00:00+00:00,1623801600000,39.5425,39.5425,38.7075,39.05,3584665.80175
2021-06-16T04:00:00+00:00,1623816000000,39.05,39.8975,38.8825,39.46,2932175.0885
2021-06-16T08:00:00+00:00,1623830400000,39.46,39.7675,37.72,38.09,3717434.1825
2021-06-16T12:00:00+00:00,1623844800000,38.09,39.76,37.475,39.495,6283003.3365
2021-06-16T16:00:00+00:00,1623859200000,39.525,41.585,38.6075,39.6775,13224950.6565
2021-06-16T20:00:00+00:00,1623873600000,39.6775,40.4675,38.74,39.665,4024358.7075
2021-06-17T00:00:00+00:00,1623888000000,39.665,40.535,39.4475,40.2925,6544225.7165
2021-06-17T04:00:00+00:00,1623902400000,40.2925,41,39.7875,40.96,3250215.031
2021-06-17T08:00:00+00:00,1623916800000,40.96,41.2,40.4075,40.6575,4601423.2065
2021-06-17T12:00:00+00:00,1623931200000,40.6575,40.72,39.29,40.2625,4086299.9295
2021-06-17T16:00:00+00:00,1623945600000,40.2625,40.4125,38.21,39.27,5591030.2835
2021-06-17T20:00:00+00:00,1623960000000,39.27,39.5825,38.565,39.2325,2614874.512
2021-06-18T00:00:00+00:00,1623974400000,39.2325,39.315,38.23,39.15,2330305.66125
2021-06-18T04:00:00+00:00,1623988800000,39.15,39.4425,38.5375,38.995,1693109.782
2021-06-18T08:00:00+00:00,1624003200000,38.995,39.12,37.825,38.21,4335420.1595
2021-06-18T12:00:00+00:00,1624017600000,38.21,38.3,35.4825,35.555,9065859.02325
2021-06-18T16:00:00+00:00,1624032000000,35.555,36.79,34.9125,35.39,4662582.925
2021-06-18T20:00:00+00:00,1624046400000,35.39,36.8475,35.325,36.805,3138045.7975
2021-06-19T00:00:00+00:00,1624060800000,36.805,37.3175,35.02,35.6875,1982737.1655
2021-06-19T04:00:00+00:00,1624075200000,35.6875,36.38,35.3375,36.33,2047310.358
2021-06-19T08:00:00+00:00,1624089600000,36.33,36.4475,35.75,36.325,3460287.1455
2021-06-19T12:00:00+00:00,1624104000000,36.325,36.9525,35.8525,36.275,2295081.7335
2021-06-19T16:00:00+00:00,1624118400000,36.275,36.4,34.875,35.555,2932911.58575
2021-06-19T20:00:00+00:00,1624132800000,35.555,36.0175,35.1175,35.1725,3255699.2755
2021-06-20T00:00:00+00:00,1624147200000,35.1725,35.405,34.3125,34.9875,2226711.00525
2021-06-20T04:00:00+00:00,1624161600000,34.9875,35.62,34.89,35.3125,1313988.79825
2021-06-20T08:00:00+00:00,1624176000000,35.3125,35.395,32.2,32.5225,9336984.3845
2021-06-20T12:00:00+00:00,1624190400000,32.5225,34.5125,31.1,33.75,11560392.75725
2021-06-20T16:00:00+00:00,1624204800000,33.75,35.4,33.48,34.99,6459559.33575
2021-06-20T20:00:00+00:00,1624219200000,35.005,35.9425,34.725,35.22,2141152.28975
2021-06-21T00:00:00+00:00,1624233600000,35.22,35.49,32.57,32.765,3611428.73725
2021-06-21T04:00:00+00:00,1624248000000,32.765,33.36,30,31.0625,10870340.17925
2021-06-21T08:00:00+00:00,1624262400000,31.0625,31.86,28.2525,30.46,13927508.0905
2021-06-21T12:00:00+00:00,1624276800000,30.46,31.3875,28.98,29.655,10051947.51525
2021-06-21T16:00:00+00:00,1624291200000,29.655,30,27.45,28.59,7440601.02275
2021-06-21T20:00:00+00:00,1624305600000,28.59,28.74,23,26.62,17586594.30725
2021-06-22T00:00:00+00:00,1624320000000,26.615,28.7675,24.9225,27.9325,17057199.4475
2021-06-22T04:00:00+00:00,1624334400000,27.9325,28.1125,26.05,26.4425,7968143.11375
2021-06-22T08:00:00+00:00,1624348800000,26.4425,26.48,21.8075,21.94,21820711.01
2021-06-22T12:00:00+00:00,1624363200000,21.94,26.42,20.14,25.6275,32919264.90525
2021-06-22T16:00:00+00:00,1624377600000,25.6275,28.2725,25.55,26.4625,16373972.098
2021-06-22T20:00:00+00:00,1624392000000,26.4625,27.8875,25.7725,26.9675,8084620.76425
2021-06-23T00:00:00+00:00,1624406400000,26.9675,31.275,25.6725,29.975,26107349.78375
2021-06-23T04:00:00+00:00,1624420800000,29.975,30.95,29.52,30.605,15201916.562
2021-06-23T08:00:00+00:00,1624435200000,30.605,31.84,30.0275,31.02,6184062.62
2021-06-23T12:00:00+00:00,1624449600000,31.0175,32.935,29.04,29.08,9758915.27725
2021-06-23T16:00:00+00:00,1624464000000,29.08,30.7725,28.3425,28.4625,8819260.097
2021-06-23T20:00:00+00:00,1624478400000,28.4625,31.02,28.32,30.8375,3570962.95475
2021-06-24T00:00:00+00:00,1624492800000,30.8375,31.26,28.5,29.0425,5860225.227
2021-06-24T04:00:00+00:00,1624507200000,29.0425,29.89,28.495,29.46,5167147.92875
2021-06-24T08:00:00+00:00,1624521600000,29.46,30.8075,29.3125,30.715,6239108.69975
2021-06-24T12:00:00+00:00,1624536000000,30.715,31.615,30.0275,30.755,3995813.5035
2021-06-24T16:00:00+00:00,1624550400000,30.755,32.9875,30.275,32.1,8729506.598
2021-06-24T20:00:00+00:00,1624564800000,32.105,32.485,31.1525,31.1625,5872626.28975
2021-06-25T00:00:00+00:00,1624579200000,31.1625,32.82,30.9975,32.695,8354807.7875
2021-06-25T04:00:00+00:00,1624593600000,32.715,32.9775,30.825,31.2825,5375977.0685
2021-06-25T08:00:00+00:00,1624608000000,31.2825,31.8,29.4275,29.56,6083358.00575
2021-06-25T12:00:00+00:00,1624622400000,29.56,30.79,28.65,29.0375,7719630.54775
2021-06-25T16:00:00+00:00,1624636800000,29.0375,29.74,27.9575,29.4,8830371.67975
2021-06-25T20:00:00+00:00,1624651200000,29.4,29.6475,28.285,28.6275,3721643.289
2021-06-26T00:00:00+00:00,1624665600000,28.6275,30.1,28.3125,29.225,5024587.042
2021-06-26T04:00:00+00:00,1624680000000,29.225,29.9975,27.1725,27.31,4039912.83875
2021-06-26T08:00:00+00:00,1624694400000,27.31,28.9875,26.7,28.7775,7631850.11125
2021-06-26T12:00:00+00:00,1624708800000,28.7775,28.95,27.1,28.43,4611879.929
2021-06-26T16:00:00+00:00,1624723200000,28.43,28.5975,27.435,28.285,2238463.575
2021-06-26T20:00:00+00:00,1624737600000,28.285,29.72,27.6575,29.66,1163134.30825
2021-06-27T00:00:00+00:00,1624752000000,29.66,30.9225,29.1975,30.665,2907067.7135
2021-06-27T04:00:00+00:00,1624766400000,30.665,30.86,29.6475,30.59,1591894.81525
2021-06-27T08:00:00+00:00,1624780800000,30.59,30.8375,29.8075,30.4625,2272651.246
2021-06-27T12:00:00+00:00,1624795200000,30.4625,31.195,30.01,30.1875,2602023.2405
2021-06-27T16:00:00+00:00,1624809600000,30.1875,30.51,29.63,29.925,2494745.6645
2021-06-27T20:00:00+00:00,1624824000000,29.925,31.92,29.64,31.8575,5122286.53775
2021-06-28T00:00:00+00:00,1624838400000,31.8575,31.95,31,31.43,1356529.454
2021-06-28T04:00:00+00:00,1624852800000,31.43,32.805,31.1,32.565,2812596.6935
2021-06-28T08:00:00+00:00,1624867200000,32.565,32.965,31.475,31.6025,3447604.01725
2021-06-28T12:00:00+00:00,1624881600000,31.6025,34.125,31.2925,34.0575,5125856.831
2021-06-28T16:00:00+00:00,1624896000000,34.0575,34.0575,32.89,33.5325,3383081.43075
2021-06-28T20:00:00+00:00,1624910400000,33.5325,34.3,32.535,33.025,2563692.8215
2021-06-29T00:00:00+00:00,1624924800000,33.025,33.845,32.6675,33.105,1605517.31975
2021-06-29T04:00:00+00:00,1624939200000,33.105,34.025,32.985,33.5125,2359035.2505
2021-06-29T08:00:00+00:00,1624953600000,33.5125,34.5,33.2875,34.325,3410995.7885
2021-06-29T12:00:00+00:00,1624968000000,34.325,35.8875,34.21,35.2725,11270331.842
2021-06-29T16:00:00+00:00,1624982400000,35.2725,35.69,34.58,34.7925,6788206.7275
2021-06-29T20:00:00+00:00,1624996800000,34.7925,34.9825,33.685,33.96,5900185.18275
2021-06-30T00:00:00+00:00,1625011200000,33.96,34.2275,32.1325,32.2225,4831824.729
2021-06-30T04:00:00+00:00,1625025600000,32.2225,33.5225,31.8025,33.4975,4118472.6365
2021-06-30T08:00:00+00:00,1625040000000,33.4975,33.79,32.1075,33.045,2694675.25975
2021-06-30T12:00:00+00:00,1625054400000,33.045,33.3,31.6,31.925,5752796.33275
2021-06-30T16:00:00+00:00,1625068800000,31.925,34.5025,31.6375,34.345,3248830.905
2021-06-30T20:00:00+00:00,1625083200000,34.345,35.985,33.9325,35.53,7609205.37275
2021-07-01T00:00:00+00:00,1625097600000,35.53,35.5775,33.635,33.795,3118072.491
2021-07-01T04:00:00+00:00,1625112000000,33.7875,34.9675,32.3825,32.3975,3788824.89925
2021-07-01T08:00:00+00:00,1625126400000,32.3975,34.3325,32.2,34.285,2900639.74325
2021-07-01T12:00:00+00:00,1625140800000,34.285,34.3,32.9025,33.48,3915682.4745
2021-07-01T16:00:00+00:00,1625155200000,33.48,34.2075,33.1025,33.6775,3924411.64375
2021-07-01T20:00:00+00:00,1625169600000,33.6775,34.28,33.27,33.2725,2348810.3905
2021-07-02T00:00:00+00:00,1625184000000,33.27,34,32,32.19,1853854.96125
2021-07-02T04:00:00+00:00,1625198400000,32.2,32.7,31.4025,32.5075,3121949.236
2021-07-02T08:00:00+00:00,1625212800000,32.5075,32.8425,31.515,31.9075,1538112.55525
2021-07-02T12:00:00+00:00,1625227200000,31.9075,33.02,31.75,33.02,2695729.2655
2021-07-02T16:00:00+00:00,1625241600000,33.02,33.29,32.645,33.26,2978281.50175
2021-07-02T20:00:00+00:00,1625256000000,33.26,34.1075,32.6875,33.99,3199837.27275
2021-07-03T00:00:00+00:00,1625270400000,33.99,34.3725,33.25,33.5225,2335734.8345
2021-07-03T04:00:00+00:00,1625284800000,33.5225,35,33.35,34.755,2303725.55825
2021-07-03T08:00:00+00:00,1625299200000,34.755,35.395,34.57,35.1,1935073.4655
2021-07-03T12:00:00+00:00,1625313600000,35.1,35.29,34.505,34.815,1399920.4545
2021-07-03T16:00:00+00:00,1625328000000,34.815,35.2325,34.6575,34.86,2219018.24875
2021-07-03T20:00:00+00:00,1625342400000,34.86,34.91,33.91,34.525,1998640.85125
2021-07-04T00:00:00+00:00,1625356800000,34.525,34.5625,33.5525,33.85,1463746.66575
2021-07-04T04:00:00+00:00,1625371200000,33.85,35.48,33.77,35.3475,2156925.4115
2021-07-04T08:00:00+00:00,1625385600000,35.3475,35.5375,34.9275,35.1725,1356390.3505
2021-07-04T12:00:00+00:00,1625400000000,35.1725,35.245,34.3725,34.9325,2480204.714
2021-07-04T16:00:00+00:00,1625414400000,34.9325,35.29,34.87,35.0525,1250382.48175
2021-07-04T20:00:00+00:00,1625428800000,35.0525,35.3375,34.11,34.305,2421887.311
2021-07-05T00:00:00+00:00,1625443200000,34.305,34.3925,33.4075,33.66,2589044.44225
2021-07-05T04:00:00+00:00,1625457600000,33.66,34.215,33.29,33.9825,1291796.23075
2021-07-05T08:00:00+00:00,1625472000000,33.9825,34.5075,32.9725,33.19,2170595.917
2021-07-05T12:00:00+00:00,1625486400000,33.19,33.6375,32.66,32.805,3258132.41375
2021-07-05T16:00:00+00:00,1625500800000,32.805,33.4475,32.415,33.2425,1400886.755
2021-07-05T20:00:00+00:00,1625515200000,33.2425,33.6475,32.8475,32.9325,1302650.03525
2021-07-06T00:00:00+00:00,1625529600000,32.9325,33.49,32.915,33.3425,1520233.285
2021-07-06T04:00:00+00:00,1625544000000,33.3425,34.4175,33.3425,34.265,1960724.24275
2021-07-06T08:00:00+00:00,1625558400000,34.265,35.055,33.335,33.7475,3468060.21525
2021-07-06T12:00:00+00:00,1625572800000,33.74,34.59,33.4775,33.87,3615344.64525
2021-07-06T16:00:00+00:00,1625587200000,33.87,33.9075,33.2375,33.7075,3240301.12275
2021-07-06T20:00:00+00:00,1625601600000,33.7075,34.425,33.2375,34.225,1773479.93125
2021-07-07T00:00:00+00:00,1625616000000,34.225,34.89,33.84,34.81,2771800.72575
2021-07-07T04:00:00+00:00,1625630400000,34.81,35.4,34.525,35.02,3169574.36775
2021-07-07T08:00:00+00:00,1625644800000,35.02,37.2175,34.5275,36.98,6753105.6465
2021-07-07T12:00:00+00:00,1625659200000,36.98,37.6625,36.1375,36.29,6375349.8415
2021-07-07T16:00:00+00:00,1625673600000,36.29,38.1,36.26,37.5825,2718610.155
2021-07-07T20:00:00+00:00,1625688000000,37.5825,37.775,36.3375,36.7225,3135522.9335
2021-07-08T00:00:00+00:00,1625702400000,36.72,36.955,35.6,36.6575,3385621.05875
2021-07-08T04:00:00+00:00,1625716800000,36.6575,36.7975,33.88,34.2375,7390515.21975
2021-07-08T08:00:00+00:00,1625731200000,34.2375,35.115,33.8,34.9675,2836635.594
2021-07-08T12:00:00+00:00,1625745600000,34.9675,35.29,33.8,34.3325,8258138.054
2021-07-08T16:00:00+00:00,1625760000000,34.3325,34.4125,33.54,33.9775,1942577.68075
2021-07-08T20:00:00+00:00,1625774400000,33.9775,34.04,32.69,33.15,2505413.01175
2021-07-09T00:00:00+00:00,1625788800000,33.15,33.795,31.965,33.4075,3555232.04475
2021-07-09T04:00:00+00:00,1625803200000,33.4075,33.6225,32.66,32.9575,3313183.77075
2021-07-09T08:00:00+00:00,1625817600000,32.9575,33.1625,32.3575,32.4475,1440385.71775
2021-07-09T12:00:00+00:00,1625832000000,32.4475,34.4575,32.235,33.9275,2565566.26175
2021-07-09T16:00:00+00:00,1625846400000,33.9325,34.12,32.8,32.9425,1920795.86225
2021-07-09T20:00:00+00:00,1625860800000,32.9425,33.7675,32.84,33.315,1085873.91525
2021-07-10T00:00:00+00:00,1625875200000,33.315,34.2,33.0725,33.265,1575593.2775
2021-07-10T04:00:00+00:00,1625889600000,33.3,33.615,32.795,33.375,1237149.504
2021-07-10T08:00:00+00:00,1625904000000,33.375,33.67,32.44,32.7775,1412348.83925
2021-07-10T12:00:00+00:00,1625918400000,32.7775,33.32,32.1775,32.36,2889855.15275
2021-07-10T16:00:00+00:00,1625932800000,32.36,32.845,31.52,31.8075,3242891.26775
2021-07-10T20:00:00+00:00,1625947200000,31.8075,31.99,31.04,31.71,2054583.531
2021-07-11T00:00:00+00:00,1625961600000,31.71,32.195,31.575,31.6725,682853.00775
2021-07-11T04:00:00+00:00,1625976000000,31.6725,32.05,31.37,31.6275,1151544.20625
2021-07-11T08:00:00+00:00,1625990400000,31.6275,32.325,31.505,32.215,970288.43825
2021-07-11T12:00:00+00:00,1626004800000,32.215,32.5675,31.8275,32.38,1503544.2045
2021-07-11T16:00:00+00:00,1626019200000,32.38,32.4075,31.9125,32.01,907635.549
2021-07-11T20:00:00+00:00,1626033600000,32.01,32.56,31.86,32.205,2269751.7545
2021-07-12T00:00:00+00:00,1626048000000,32.205,32.675,31.975,32.545,800321.472
2021-07-12T04:00:00+00:00,1626062400000,32.545,32.6825,32.1075,32.2325,1072812.09125
2021-07-12T08:00:00+00:00,1626076800000,32.2325,32.3175,31.255,31.355,2065995.847
2021-07-12T12:00:00+00:00,1626091200000,31.355,31.6725,31.0725,31.0975,1237199.5185
2021-07-12T16:00:00+00:00,1626105600000,31.0975,31.17,30.04,30.3375,4407808.874
2021-07-12T20:00:00+00:00,1626120000000,30.3375,30.99,30.1075,30.76,1537338.19525
2021-07-13T00:00:00+00:00,1626134400000,30.76,31.0825,30.495,30.8175,896768.75675
2021-07-13T04:00:00+00:00,1626148800000,30.8175,31.01,30.0025,30.5075,1711335.6035
2021-07-13T08:00:00+00:00,1626163200000,30.5075,30.7275,30.03,30.14,1064740.83775
2021-07-13T12:00:00+00:00,1626177600000,30.14,30.3,29.12,30.23,2744245.37525
2021-07-13T16:00:00+00:00,1626192000000,30.23,30.3,28.9275,29.0025,2348183.82675
2021-07-13T20:00:00+00:00,1626206400000,29.0025,29.505,28.8175,29.1275,1890219.496
2021-07-14T00:00:00+00:00,1626220800000,29.1275,29.275,27.71,28.1575,2867830.95125
2021-07-14T04:00:00+00:00,1626235200000,28.1575,28.325,27.41,28.0925,3883866.78475
2021-07-14T08:00:00+00:00,1626249600000,28.0925,29.41,27.555,28.9875,1972471.291
2021-07-14T12:00:00+00:00,1626264000000,28.9875,31.2025,28.7875,30.56,6000763.8015
2021-07-14T16:00:00+00:00,1626278400000,30.56,31.435,30.36,30.515,2648546.1325
2021-07-14T20:00:00+00:00,1626292800000,30.515,31.38,30.5,31.3575,2426281.83725
2021-07-15T00:00:00+00:00,1626307200000,31.3575,31.4975,30.585,30.605,2521706.6645
2021-07-15T04:00:00+00:00,1626321600000,30.605,30.84,29.6475,30.38,2751804.28875
2021-07-15T08:00:00+00:00,1626336000000,30.38,30.82,29.12,29.1475,3304496.375
2021-07-15T12:00:00+00:00,1626350400000,29.1475,29.575,28.75,28.765,2724852.47425
2021-07-15T16:00:00+00:00,1626364800000,28.765,28.89,27.95,28.645,4094455.2565
2021-07-15T20:00:00+00:00,1626379200000,28.645,29.025,28.0725,28.5625,1986511.12
2021-07-16T00:00:00+00:00,1626393600000,28.5625,29.4575,28.1425,29.1725,1788189.80875
2021-07-16T04:00:00+00:00,1626408000000,29.1725,29.455,28.1675,28.31,1275387.08425
2021-07-16T08:00:00+00:00,1626422400000,28.32,28.32,26.985,27.13,3330959.6975
2021-07-16T12:00:00+00:00,1626436800000,27.13,28.3525,27.1175,28.325,3123006.837
2021-07-16T16:00:00+00:00,1626451200000,28.325,28.345,27.04,27.1325,1701143.618
2021-07-16T20:00:00+00:00,1626465600000,27.1325,27.28,26.2025,26.2675,3163117.88825
2021-07-17T00:00:00+00:00,1626480000000,26.2675,26.8575,26,26.2325,2637480.25775
2021-07-17T04:00:00+00:00,1626494400000,26.2325,26.8525,26.12,26.6025,1138181.53125
2021-07-17T08:00:00+00:00,1626508800000,26.6025,27.1625,26,26.4575,2179473.01925
2021-07-17T12:00:00+00:00,1626523200000,26.4575,26.6875,26.2325,26.53,692834.88325
2021-07-17T16:00:00+00:00,1626537600000,26.53,27.2475,26.3675,27.1375,1872507.1295
2021-07-17T20:00:00+00:00,1626552000000,27.1375,27.8225,26.565,26.8,1223374.31525
2021-07-18T00:00:00+00:00,1626566400000,26.8,27.7625,26.675,27.4925,1044434.05175
2021-07-18T04:00:00+00:00,1626580800000,27.4925,27.5175,26.76,26.8925,696395.76525
2021-07-18T08:00:00+00:00,1626595200000,26.8925,27.4425,26.8575,27.3825,612531.7755
2021-07-18T12:00:00+00:00,1626609600000,27.3825,27.4725,26.255,26.5825,2166570.177
2021-07-18T16:00:00+00:00,1626624000000,26.5825,26.9175,26.495,26.77,397168.857
2021-07-18T20:00:00+00:00,1626638400000,26.77,27.2075,26.3775,26.675,728818.5425
2021-07-19T00:00:00+00:00,1626652800000,26.675,26.7,25.6675,25.965,1929797.76175
2021-07-19T04:00:00+00:00,1626667200000,25.965,26.2025,25.68,25.735,898754.76975
2021-07-19T08:00:00+00:00,1626681600000,25.735,25.865,24.79,24.8075,2192781.14575
2021-07-19T12:00:00+00:00,1626696000000,24.8075,24.9825,24,24.175,7074072.621
2021-07-19T16:00:00+00:00,1626710400000,24.175,24.5325,24.0175,24.37,2665701.306
2021-07-19T20:00:00+00:00,1626724800000,24.37,24.84,24.2525,24.4975,1868197.50925
2021-07-20T00:00:00+00:00,1626739200000,24.4975,24.9875,22.7,22.855,8413766.03375
2021-07-20T04:00:00+00:00,1626753600000,22.855,23.1825,22.67,23.09,1759621.348
2021-07-20T08:00:00+00:00,1626768000000,23.09,23.2225,22.11,22.885,3107076.99075
2021-07-20T12:00:00+00:00,1626782400000,22.885,23.94,22.635,23.7925,2990168.69625
2021-07-20T16:00:00+00:00,1626796800000,23.7925,23.9475,23.3425,23.81,1273348.36325
2021-07-20T20:00:00+00:00,1626811200000,23.81,24.1175,23.225,23.4675,2098262.2475
2021-07-21T00:00:00+00:00,1626825600000,23.4675,24.09,22.8025,24.0575,3294023.9595
2021-07-21T04:00:00+00:00,1626840000000,24.0575,25.995,24.0425,25.7025,3698092.258
2021-07-21T08:00:00+00:00,1626854400000,25.7025,26.52,25.345,26.2075,2335197.682
2021-07-21T12:00:00+00:00,1626868800000,26.2075,27.1,25.77,26.9425,2763553.2155
2021-07-21T16:00:00+00:00,1626883200000,26.9425,27.4575,25.385,25.56,6057031.8105
2021-07-21T20:00:00+00:00,1626897600000,25.56,26.72,25.31,26.685,2370388.951
2021-07-22T00:00:00+00:00,1626912000000,26.6875,27.155,25.925,26.295,2653935.501
2021-07-22T04:00:00+00:00,1626926400000,26.295,27.2925,26.225,27.0375,2261140.43775
2021-07-22T08:00:00+00:00,1626940800000,27.0375,27.615,26.5125,26.7375,3203054.85775
2021-07-22T12:00:00+00:00,1626955200000,26.7375,27.815,26.3575,27.8125,3555882.4195
2021-07-22T16:00:00+00:00,1626969600000,27.8125,28.19,27.6775,27.8775,3361631.79475
2021-07-22T20:00:00+00:00,1626984000000,27.8775,27.9975,27.2975,27.69,2104358.914
2021-07-23T00:00:00+00:00,1626998400000,27.69,28.715,27.2975,28.275,3113751.10175
2021-07-23T04:00:00+00:00,1627012800000,28.275,28.6675,27.5,27.905,3850086.6735
2021-07-23T08:00:00+00:00,1627027200000,27.905,27.9225,27.105,27.5325,2542820.298
2021-07-23T12:00:00+00:00,1627041600000,27.5325,27.865,26.745,26.9075,2319549.30325
2021-07-23T16:00:00+00:00,1627056000000,26.9075,26.9075,26.4,26.61,2585278.411
2021-07-23T20:00:00+00:00,1627070400000,26.61,28.55,26.55,28.535,3446579.628
2021-07-24T00:00:00+00:00,1627084800000,28.535,28.9925,28.275,28.71,3065742.943
2021-07-24T04:00:00+00:00,1627099200000,28.71,29.51,28.56,28.76,2635901.77325
2021-07-24T08:00:00+00:00,1627113600000,28.76,29.1575,28.27,28.68,2822724.44825
2021-07-24T12:00:00+00:00,1627128000000,28.68,28.9775,28.35,28.4125,2132824.32275
2021-07-24T16:00:00+00:00,1627142400000,28.4125,29.49,28.3,28.4175,3628899.92725
2021-07-24T20:00:00+00:00,1627156800000,28.42,28.74,28.025,28.65,1832910.0755
2021-07-25T00:00:00+00:00,1627171200000,28.65,28.885,27.7775,27.905,2129831.99575
2021-07-25T04:00:00+00:00,1627185600000,27.905,28.7875,27.675,28.625,1716687.1045
2021-07-25T08:00:00+00:00,1627200000000,28.625,28.795,27.93,27.9925,1543915.66075
2021-07-25T12:00:00+00:00,1627214400000,27.9925,27.9925,26.53,27.3575,4501810.2525
2021-07-25T16:00:00+00:00,1627228800000,27.3575,27.7375,27.005,27.55,1909550.77925
2021-07-25T20:00:00+00:00,1627243200000,27.55,28.24,27.395,28.24,1814399.54475
2021-07-26T00:00:00+00:00,1627257600000,28.24,31.1225,28.02,30.1275,10255897.312
2021-07-26T04:00:00+00:00,1627272000000,30.1275,30.9225,29.4575,29.7425,5050401.66175
2021-07-26T08:00:00+00:00,1627286400000,29.7425,30.2175,29.2975,30.0475,4034361.0985
2021-07-26T12:00:00+00:00,1627300800000,30.0475,30.4925,29.5675,30.075,5231193.093
2021-07-26T16:00:00+00:00,1627315200000,30.075,30.8925,29.6,29.675,4760749.88575
2021-07-26T20:00:00+00:00,1627329600000,29.675,29.7775,27.845,28.2025,5316235.9675
2021-07-27T00:00:00+00:00,1627344000000,28.2025,28.575,27.1425,27.5975,2820353.80975
2021-07-27T04:00:00+00:00,1627358400000,27.5975,27.9775,27.4325,27.8625,1300173.36825
2021-07-27T08:00:00+00:00,1627372800000,27.8625,28.7775,27.7325,28.665,1804920.68825
2021-07-27T12:00:00+00:00,1627387200000,28.665,28.9675,27.45,27.71,6143696.21875
2021-07-27T16:00:00+00:00,1627401600000,27.71,27.8425,26.9025,27.2675,3648453.49075
2021-07-27T20:00:00+00:00,1627416000000,27.2675,28.2,27.2475,28.12,2356315.12525
2021-07-28T00:00:00+00:00,1627430400000,28.12,28.625,27.565,27.9775,4535279.323
2021-07-28T04:00:00+00:00,1627444800000,27.9775,28.2275,27.3675,28.04,1993798.02225
2021-07-28T08:00:00+00:00,1627459200000,28.04,28.76,27.735,28.61,2013023.08175
2021-07-28T12:00:00+00:00,1627473600000,28.61,28.76,27.8525,28.2875,2127551.91175
2021-07-28T16:00:00+00:00,1627488000000,28.2875,28.5175,27.4525,28.0125,3179854.79275
2021-07-28T20:00:00+00:00,1627502400000,28.0125,28.0875,27.51,27.8875,1006677.33775
2021-07-29T00:00:00+00:00,1627516800000,27.8875,27.9025,27.3375,27.63,1461492.335
2021-07-29T04:00:00+00:00,1627531200000,27.63,28.535,27.5725,28.1575,1051543.66
2021-07-29T08:00:00+00:00,1627545600000,28.16,28.6975,28.015,28.15,1381497.46075
2021-07-29T12:00:00+00:00,1627560000000,28.15,29.775,27.925,29.605,4144975.67275
2021-07-29T16:00:00+00:00,1627574400000,29.605,31.7025,29.6025,31.37,7758313.9105
2021-07-29T20:00:00+00:00,1627588800000,31.37,31.8825,30.885,31.255,3154226.8995
2021-07-30T00:00:00+00:00,1627603200000,31.255,33.075,30.7425,32.7575,4038788.649
2021-07-30T04:00:00+00:00,1627617600000,32.7575,32.9125,31.755,32.0525,3777862.01375
2021-07-30T08:00:00+00:00,1627632000000,32.055,32.105,29.9225,30.945,4719498.391
2021-07-30T12:00:00+00:00,1627646400000,30.95,31.17,30.2025,31.015,2836927.28775
2021-07-30T16:00:00+00:00,1627660800000,31.015,31.86,30.4525,31.78,2389035.47025
2021-07-30T20:00:00+00:00,1627675200000,31.78,32.57,31.665,32.4025,2819731.707
2021-07-31T00:00:00+00:00,1627689600000,32.385,33.78,32,32.63,3626056.80025
2021-07-31T04:00:00+00:00,1627704000000,32.6375,32.6825,31.6825,32.2025,1428376.32625
2021-07-31T08:00:00+00:00,1627718400000,32.2025,34.8075,32.195,34.6425,4291359.90925
2021-07-31T12:00:00+00:00,1627732800000,34.6425,35,33.7475,34.28,4205226.362
2021-07-31T16:00:00+00:00,1627747200000,34.28,34.84,33.6525,34.4025,2542493.6125
2021-07-31T20:00:00+00:00,1627761600000,34.4025,37,34.315,36.76,5337324.84125
2021-08-01T00:00:00+00:00,1627776000000,36.76,36.84,35.265,36.13,6726865.00675
2021-08-01T04:00:00+00:00,1627790400000,36.13,36.195,35.195,35.3425,2330628.17175
2021-08-01T08:00:00+00:00,1627804800000,35.3775,36.045,34.7425,35.17,2795769.159
2021-08-01T12:00:00+00:00,1627819200000,35.17,36,34.995,35.4825,2883325.61875
2021-08-01T16:00:00+00:00,1627833600000,35.4825,35.71,34.3075,35.565,3524190.33925
2021-08-01T20:00:00+00:00,1627848000000,35.565,36.2625,33.2525,34.1925,5299342.2505
2021-08-02T00:00:00+00:00,1627862400000,34.2025,35.0775,33.3425,34.805,2595571.4685
2021-08-02T04:00:00+00:00,1627876800000,34.805,35.9275,34.3275,35.4225,2185675.1465
2021-08-02T08:00:00+00:00,1627891200000,35.4225,35.61,34.5075,34.5675,4050870.57475
2021-08-02T12:00:00+00:00,1627905600000,34.565,34.69,33.58,33.8375,3020918.11675
2021-08-02T16:00:00+00:00,1627920000000,33.8375,34.065,33.5675,33.6675,2413974.20425
2021-08-02T20:00:00+00:00,1627934400000,33.6675,33.735,33,33.1825,2221798.75975
2021-08-03T00:00:00+00:00,1627948800000,33.1825,33.6575,32.725,33.2,3939007.57775
2021-08-03T04:00:00+00:00,1627963200000,33.2,33.545,32.35,33.5225,2030985.17775
2021-08-03T08:00:00+00:00,1627977600000,33.5225,34.62,33.045,34.3725,3558593.31325
2021-08-03T12:00:00+00:00,1627992000000,34.3725,35.835,33.7225,34.8925,7954188.342
2021-08-03T16:00:00+00:00,1628006400000,34.8925,35.4825,34.4175,34.6325,3046697.434
2021-08-03T20:00:00+00:00,1628020800000,34.6325,34.76,33.85,34.1325,2087271.085
2021-08-04T00:00:00+00:00,1628035200000,34.1325,34.4175,33.5125,33.735,1992132.08825
2021-08-04T04:00:00+00:00,1628049600000,33.735,34.3925,33.505,33.69,1828144.97475
2021-08-04T08:00:00+00:00,1628064000000,33.69,34.39,33.2,34.33,1883691.03325
2021-08-04T12:00:00+00:00,1628078400000,34.33,35.635,34.33,35.3525,4600648.90875
2021-08-04T16:00:00+00:00,1628092800000,35.3525,36.43,35.3525,36.225,4688894.4965
2021-08-04T20:00:00+00:00,1628107200000,36.225,36.645,35.7375,35.78,1194503.85875
2021-08-05T00:00:00+00:00,1628121600000,35.78,37.4775,35.5175,37.24,3963019.874
2021-08-05T04:00:00+00:00,1628136000000,37.24,37.4875,36.295,36.6125,1911254.40075
2021-08-05T08:00:00+00:00,1628150400000,36.6125,37.215,35.9275,36.83,7496844.4105
2021-08-05T12:00:00+00:00,1628164800000,36.83,38.2475,35.9975,36.71,10997641.8995
2021-08-05T16:00:00+00:00,1628179200000,36.71,37.4075,36.0125,36.9675,8370784.77075
2021-08-05T20:00:00+00:00,1628193600000,36.9675,37.81,36.8775,37.3825,1367206.94375
2021-08-06T00:00:00+00:00,1628208000000,37.3825,37.5125,35.8025,35.905,8812745.13925
2021-08-06T04:00:00+00:00,1628222400000,35.905,37.0625,35.6575,37.01,2660696.37
2021-08-06T08:00:00+00:00,1628236800000,37.01,37.28,36.8,36.9675,1885110.62475
2021-08-06T12:00:00+00:00,1628251200000,36.955,39.7,36.75,39.6825,5324866.7305
2021-08-06T16:00:00+00:00,1628265600000,39.6825,40.4,39.36,39.87,4826596.41875
2021-08-06T20:00:00+00:00,1628280000000,39.87,39.9975,39,39.51,1772676.68925
2021-08-07T00:00:00+00:00,1628294400000,39.51,40.185,38.755,40.0775,2529727.14025
2021-08-07T04:00:00+00:00,1628308800000,40.08,40.1025,38.8875,39.5,4857707.50625
2021-08-07T08:00:00+00:00,1628323200000,39.5,40.5225,39.26,40.085,3885471.974
2021-08-07T12:00:00+00:00,1628337600000,40.085,40.37,38.37,38.535,6538245.70075
2021-08-07T16:00:00+00:00,1628352000000,38.535,38.965,37.59,38.62,5363567.46425
2021-08-07T20:00:00+00:00,1628366400000,38.62,39.6275,38.5425,39.475,1995503.62125
2021-08-08T00:00:00+00:00,1628380800000,39.475,39.565,37.9675,38.745,2295586.715
2021-08-08T04:00:00+00:00,1628395200000,38.745,39.4275,38.245,38.815,3402953.7435
2021-08-08T08:00:00+00:00,1628409600000,38.815,39.3,38.2525,38.2525,1849054.09425
2021-08-08T12:00:00+00:00,1628424000000,38.2525,38.86,37.3625,37.755,4131193.20625
2021-08-08T16:00:00+00:00,1628438400000,37.755,37.9125,36.9,37.42,3410527.3625
2021-08-08T20:00:00+00:00,1628452800000,37.42,38.4575,37.1225,37.6575,1782270.2865
2021-08-09T00:00:00+00:00,1628467200000,37.6575,37.9,36.3225,37.32,2813358.93725
2021-08-09T04:00:00+00:00,1628481600000,37.32,37.8,36.9725,37.7875,1377466.78325
2021-08-09T08:00:00+00:00,1628496000000,37.7875,39.3625,37.7525,39.2825,3092931.75925
2021-08-09T12:00:00+00:00,1628510400000,39.2825,39.95,38.7475,39.8775,2782073.0915
2021-08-09T16:00:00+00:00,1628524800000,39.895,40.0375,39.1425,39.2775,2153447.494
2021-08-09T20:00:00+00:00,1628539200000,39.2775,39.485,37.975,38.6675,5556479.864
2021-08-10T00:00:00+00:00,1628553600000,38.6675,40.6825,38.2175,39.8075,5463332.8605
2021-08-10T04:00:00+00:00,1628568000000,39.8075,40.3075,39.2125,39.98,3539665.628
2021-08-10T08:00:00+00:00,1628582400000,40,40.88,39.5875,40.8,3978162.64125
2021-08-10T12:00:00+00:00,1628596800000,40.8,41.695,39.8525,40.1675,5354106.4485
2021-08-10T16:00:00+00:00,1628611200000,40.1675,40.69,39.1475,40.6325,2995719.5755
2021-08-10T20:00:00+00:00,1628625600000,40.6325,41.38,40.2,40.6625,3401036.882
2021-08-11T00:00:00+00:00,1628640000000,40.6625,41.9575,40.6325,41.765,5713377.247
2021-08-11T04:00:00+00:00,1628654400000,41.765,43.04,41.45,42.5525,4079174.8395
2021-08-11T08:00:00+00:00,1628668800000,42.5525,42.9525,41.935,42.57,3504995.733
2021-08-11T12:00:00+00:00,1628683200000,42.57,43.46,42.25,42.6375,5410538.20025
2021-08-11T16:00:00+00:00,1628697600000,42.6375,43.4325,42.4,43.4075,3068159.83725
2021-08-11T20:00:00+00:00,1628712000000,43.4075,44,41.4525,41.6425,8048849.69275
2021-08-12T00:00:00+00:00,1628726400000,41.64,43.42,41.4925,43.0075,3422083.94275
2021-08-12T04:00:00+00:00,1628740800000,43.0075,43.0675,40.275,41.4375,5891070.5025
2021-08-12T08:00:00+00:00,1628755200000,41.4375,41.885,40.73,40.8125,3187984.0925
2021-08-12T12:00:00+00:00,1628769600000,40.795,41.26,39.325,39.8525,5851246.1005
2021-08-12T16:00:00+00:00,1628784000000,39.8525,41.145,39.39,41.0125,3873247.4525
2021-08-12T20:00:00+00:00,1628798400000,41.0125,41.4,39.6225,41.1,4024177.29
2021-08-13T00:00:00+00:00,1628812800000,41.1025,42.75,40.7,42.5225,4409950.30625
2021-08-13T04:00:00+00:00,1628827200000,42.5225,43.885,42.3025,43.405,3655158.684
2021-08-13T08:00:00+00:00,1628841600000,43.405,44.6875,43.405,43.6125,4198923.18025
2021-08-13T12:00:00+00:00,1628856000000,43.6125,44.375,42.845,43.655,4965794.161
2021-08-13T16:00:00+00:00,1628870400000,43.6375,43.995,43.25,43.535,3400401.4915
2021-08-13T20:00:00+00:00,1628884800000,43.535,44.97,43.41,44.87,5458299.95375
2021-08-14T00:00:00+00:00,1628899200000,44.87,44.905,43.7075,44.1125,3096532.05125
2021-08-14T04:00:00+00:00,1628913600000,44.1125,44.655,43.705,44.5025,1842728.54225
2021-08-14T08:00:00+00:00,1628928000000,44.5025,44.9,42.76,43.7625,6785406.59575
2021-08-14T12:00:00+00:00,1628942400000,43.7625,44.1575,43.095,44.0925,2872196.78725
2021-08-14T16:00:00+00:00,1628956800000,44.1025,44.205,43.54,43.935,3179822.37825
2021-08-14T20:00:00+00:00,1628971200000,43.935,44.2925,43.045,44.1525,3069334.61825
2021-08-15T00:00:00+00:00,1628985600000,44.1525,45.7875,43.925,44.585,4180807.36575
2021-08-15T04:00:00+00:00,1629000000000,44.585,45.58,43.4025,43.6575,5395588.98325
2021-08-15T08:00:00+00:00,1629014400000,43.6575,47.17,43.4,46.785,9121772.64125
2021-08-15T12:00:00+00:00,1629028800000,46.78,48.8225,46.0575,48.68,12066197.532
2021-08-15T16:00:00+00:00,1629043200000,48.68,54.7225,47.89,53,26332553.66
2021-08-15T20:00:00+00:00,1629057600000,53,54.2025,52.1,53.53,18632913.07475
2021-08-16T00:00:00+00:00,1629072000000,53.53,59.1725,52.3425,58.6075,20577558.74525
2021-08-16T04:00:00+00:00,1629086400000,58.6075,64.85,57.69,61.9725,40133546.0905
2021-08-16T08:00:00+00:00,1629100800000,61.9725,62.6175,60.6775,61.9,16309301.87475
2021-08-16T12:00:00+00:00,1629115200000,61.8275,69,60.955,67.0725,41666066.331
2021-08-16T16:00:00+00:00,1629129600000,67.0725,69.6525,62.895,63.0275,26867225.3305
2021-08-16T20:00:00+00:00,1629144000000,63.0275,66.6025,61.55,62.12,16161859.7695
2021-08-17T00:00:00+00:00,1629158400000,62.12,74.73,61.3275,71.965,33754764.8625
2021-08-17T04:00:00+00:00,1629172800000,71.965,75,69.5,74.03,23439177.5035
2021-08-17T08:00:00+00:00,1629187200000,74.03,74.4,69.515,70.2375,20128937.7855
2021-08-17T12:00:00+00:00,1629201600000,70.1825,71.51,67.025,69.87,20045681.392
2021-08-17T16:00:00+00:00,1629216000000,69.87,69.9,64.205,65.15,17136280.114
2021-08-17T20:00:00+00:00,1629230400000,65.1725,67.8075,58.4425,64.1075,64480345.40625
2021-08-18T00:00:00+00:00,1629244800000,64.1075,67.31,59.8,65.845,34708963.0745
2021-08-18T04:00:00+00:00,1629259200000,65.845,70.3725,63.795,67.4325,22985680.94725
2021-08-18T08:00:00+00:00,1629273600000,67.4325,78.1875,67.425,74.9625,36301009.11575
2021-08-18T12:00:00+00:00,1629288000000,74.9625,80.5175,73.51,77.3625,40732276.19275
2021-08-18T16:00:00+00:00,1629302400000,77.3625,78.75,72.4125,73.38,20013048.95375
2021-08-18T20:00:00+00:00,1629316800000,73.38,76.3075,70.07,72.7,28078171.62075
2021-08-19T00:00:00+00:00,1629331200000,72.7,75.35,68.285,69.6525,29895766.76325
2021-08-19T04:00:00+00:00,1629345600000,69.6525,73.5575,69.3375,71.31,26470982.40725
2021-08-19T08:00:00+00:00,1629360000000,71.3175,73.06,69.4175,69.5875,16035126.321
2021-08-19T12:00:00+00:00,1629374400000,69.5875,74.5025,68.285,73.475,23521339.3775
2021-08-19T16:00:00+00:00,1629388800000,73.475,74.0425,70.63,72.36,15593931.082
2021-08-19T20:00:00+00:00,1629403200000,72.36,74.935,70.9725,72.805,12505238.99775
2021-08-20T00:00:00+00:00,1629417600000,72.805,74.14,71.92,72.345,7377302.448
2021-08-20T04:00:00+00:00,1629432000000,72.35,72.615,71.0425,71.33,11662739.5575
2021-08-20T08:00:00+00:00,1629446400000,71.2575,72.4425,70.9475,71.5275,8235709.53425
2021-08-20T12:00:00+00:00,1629460800000,71.53,74.135,71.375,73.345,13736901.73525
2021-08-20T16:00:00+00:00,1629475200000,73.345,78.2675,72.98,78.2175,28362262.603
2021-08-20T20:00:00+00:00,1629489600000,78.22,79.9925,77.28,78.6875,12671445.93175
2021-08-21T00:00:00+00:00,1629504000000,78.6875,81.9275,76.44,79.6875,19089817.48925
2021-08-21T04:00:00+00:00,1629518400000,79.6875,80.3075,78.365,78.9025,8281221.58425
2021-08-21T08:00:00+00:00,1629532800000,78.9025,79.1575,74.35,75.935,14100597.13725
2021-08-21T12:00:00+00:00,1629547200000,75.935,77.14,74.925,75.4925,11539289.62175
2021-08-21T16:00:00+00:00,1629561600000,75.4925,76.5375,72.6625,73.2725,15641205.83475
2021-08-21T20:00:00+00:00,1629576000000,73.2725,75.81,72.96,73.9175,7241119.985
2021-08-22T00:00:00+00:00,1629590400000,73.9175,75.6025,73.5475,74.3325,8844363.1015
2021-08-22T04:00:00+00:00,1629604800000,74.3325,75.7725,74.33,75.5525,3825067.062
2021-08-22T08:00:00+00:00,1629619200000,75.5525,77.6475,75.315,77.1375,10274340.28425
2021-08-22T12:00:00+00:00,1629633600000,77.1375,77.365,73.465,74.62,9223162.7435
2021-08-22T16:00:00+00:00,1629648000000,74.62,75.1025,71.4375,73.1025,10664634.82275
2021-08-22T20:00:00+00:00,1629662400000,73.1025,73.94,71.1925,72.7825,18172773.2705
2021-08-23T00:00:00+00:00,1629676800000,72.7825,75.9725,72.055,75.4475,17460822.392
2021-08-23T04:00:00+00:00,1629691200000,75.4625,75.685,73.1325,73.4225,11247009.05975
2021-08-23T08:00:00+00:00,1629705600000,73.4225,74.045,71.7925,72.78,14940148.7685
2021-08-23T12:00:00+00:00,1629720000000,72.78,73.5525,71.5475,72.085,9925842.631
2021-08-23T16:00:00+00:00,1629734400000,72.085,73.79,71.9375,72.855,8284663.02725
2021-08-23T20:00:00+00:00,1629748800000,72.855,76.7775,71.8675,75.6375,14132424.61225
2021-08-24T00:00:00+00:00,1629763200000,75.6375,78.99,73.5,78.2525,21248065.42325
2021-08-24T04:00:00+00:00,1629777600000,78.2525,79.47,76.695,77.28,14635604.72675
2021-08-24T08:00:00+00:00,1629792000000,77.2825,79,75.8775,77.78,14825636.77375
2021-08-24T12:00:00+00:00,1629806400000,77.7825,77.9975,71.5775,71.965,30713739.3725
2021-08-24T16:00:00+00:00,1629820800000,71.965,72.61,68.28,71.61,31168717.3205
2021-08-24T20:00:00+00:00,1629835200000,71.61,72.6775,69.535,70.5125,9742417.67275
2021-08-25T00:00:00+00:00,1629849600000,70.5125,72.3875,70.3525,70.685,10314929.59025
2021-08-25T04:00:00+00:00,1629864000000,70.685,72.7975,70.47,71.16,7350997.8955
2021-08-25T08:00:00+00:00,1629878400000,71.16,71.24,66.1,67.68,19455181.236
2021-08-25T12:00:00+00:00,1629892800000,67.68,71.5175,66.38,71.2575,18052108.72
2021-08-25T16:00:00+00:00,1629907200000,71.2575,71.5025,69.5325,70.2475,11800175.806
2021-08-25T20:00:00+00:00,1629921600000,70.2475,72.0225,70.2375,72.0125,10783506.1175
2021-08-26T00:00:00+00:00,1629936000000,72.0125,74.075,70.1075,70.7575,20922068.749
2021-08-26T04:00:00+00:00,1629950400000,70.7575,71.47,66.22,67.6375,24043269.3385
2021-08-26T08:00:00+00:00,1629964800000,67.6375,68.4925,66.59,67.2025,14225205.45425
2021-08-26T12:00:00+00:00,1629979200000,67.2025,78.38,66.505,74.725,53579927.86575
2021-08-26T16:00:00+00:00,1629993600000,74.725,77.5,73.405,74.75,30471089.36025
2021-08-26T20:00:00+00:00,1630008000000,74.75,77.245,74.265,74.88,18198954.79475
2021-08-27T00:00:00+00:00,1630022400000,74.88,83.685,72.5475,81.3475,41151092.952
2021-08-27T04:00:00+00:00,1630036800000,81.3475,83.24,79.11,81.925,26208047.18025
2021-08-27T08:00:00+00:00,1630051200000,81.925,84.42,81.6275,82.3525,19813482.919
2021-08-27T12:00:00+00:00,1630065600000,82.3525,83.175,80.5,82.53,19018463.9915
2021-08-27T16:00:00+00:00,1630080000000,82.53,86.6875,81.89,85.715,25016859.12475
2021-08-27T20:00:00+00:00,1630094400000,85.715,88.9125,84.555,88.0825,16765003.41775
2021-08-28T00:00:00+00:00,1630108800000,88.0825,88.9125,86.205,86.4075,14840670.981
2021-08-28T04:00:00+00:00,1630123200000,86.4075,87.3425,85.6275,86.95,12543463.806
2021-08-28T08:00:00+00:00,1630137600000,86.95,92.9125,86.9075,92.435,22987459.2927
2021-08-28T12:00:00+00:00,1630152000000,92.435,94.965,91.5325,94.7225,34911308.07145
2021-08-28T16:00:00+00:00,1630166400000,94.7225,96.7075,93.3,93.9075,28487795.6802
2021-08-28T20:00:00+00:00,1630180800000,93.91,97.855,93.685,96.2075,11883231.053875
2021-08-29T00:00:00+00:00,1630195200000,96.25,97.85,92.155,93.9775,17370084.7801
2021-08-29T04:00:00+00:00,1630209600000,93.9775,96.1925,93.07,94.135,17257410.124
2021-08-29T08:00:00+00:00,1630224000000,94.135,94.5875,91.4625,91.845,15370355.18705
2021-08-29T12:00:00+00:00,1630238400000,91.845,94.41,90.265,92.2875,22845271.6236
2021-08-29T16:00:00+00:00,1630252800000,92.2875,94.4425,91.1025,93.9125,10229920.61475
2021-08-29T20:00:00+00:00,1630267200000,93.9125,95,92.7125,94.275,7424888.248425
2021-08-30T00:00:00+00:00,1630281600000,94.275,101.9975,93.7075,97.6775,44119449.97465
2021-08-30T04:00:00+00:00,1630296000000,97.6775,100.45,95.79,100.105,28711773.574275
2021-08-30T08:00:00+00:00,1630310400000,100.105,102.145,98.6425,101.035,31238939.32435
2021-08-30T12:00:00+00:00,1630324800000,101.035,107.155,98.3,105.66,50502508.459975
2021-08-30T16:00:00+00:00,1630339200000,105.675,116.3825,104.075,109.765,63984795.85925
2021-08-30T20:00:00+00:00,1630353600000,109.725,114.995,106.955,110.2475,39984007.506075
2021-08-31T00:00:00+00:00,1630368000000,110.2475,115.285,108,115.1725,47134030.92425
2021-08-31T04:00:00+00:00,1630382400000,115.1725,120.365,114.4825,119.645,45536930.24555
2021-08-31T08:00:00+00:00,1630396800000,119.6625,124.9,117.255,124.76,38042148.943375
2021-08-31T12:00:00+00:00,1630411200000,124.76,130.0875,114.4125,116.545,106381986.58055
2021-08-31T16:00:00+00:00,1630425600000,116.545,117.1,106.5,114.6475,91008892.932875
2021-08-31T20:00:00+00:00,1630440000000,114.6475,114.745,103.145,108.2425,62901067.420525
2021-09-01T00:00:00+00:00,1630454400000,108.2425,112.385,105.85,111.23,35904849.191025
2021-09-01T04:00:00+00:00,1630468800000,111.23,114.8425,107.445,110.1425,28075116.4564
2021-09-01T08:00:00+00:00,1630483200000,110.1425,116.9725,109.1475,116.0925,39806486.9625
2021-09-01T12:00:00+00:00,1630497600000,116.0925,119.5625,113.245,117.25,47773274.426025
2021-09-01T16:00:00+00:00,1630512000000,117.25,118.865,114.0325,115.065,31931132.13885
2021-09-01T20:00:00+00:00,1630526400000,115.065,115.2125,110.1525,110.82,21526742.21455
2021-09-02T00:00:00+00:00,1630540800000,110.82,114.66,109.3175,113.795,23107283.155425
2021-09-02T04:00:00+00:00,1630555200000,113.795,117.375,112.965,114.53,22262289.112025
2021-09-02T08:00:00+00:00,1630569600000,114.53,118,114.17,114.9125,22870108.16975
2021-09-02T12:00:00+00:00,1630584000000,114.9125,123.6475,114.5425,121.9375,48518382.2601
2021-09-02T16:00:00+00:00,1630598400000,121.9375,128.8675,119.5,127.26,63445841.0649
2021-09-02T20:00:00+00:00,1630612800000,127.26,132.2,125.5,128.27,47821239.685575
2021-09-03T00:00:00+00:00,1630627200000,128.27,137.1,128.185,135.3425,60716919.4323
2021-09-03T04:00:00+00:00,1630641600000,135.3425,146.31,133.3675,144.6175,83447409.2333
2021-09-03T08:00:00+00:00,1630656000000,144.6175,145.09,136.0875,139.3625,58620851.0707
2021-09-03T12:00:00+00:00,1630670400000,139.3625,143.4225,137.865,140.09,38517672.1411
2021-09-03T16:00:00+00:00,1630684800000,140.09,143.39,138.3675,142.975,26633794.9688
2021-09-03T20:00:00+00:00,1630699200000,142.975,149,141.645,146.46,31985263.670175
2021-09-04T00:00:00+00:00,1630713600000,146.46,150.81,144.9175,148.365,29439967.257975
2021-09-04T04:00:00+00:00,1630728000000,148.365,149.685,144.9425,145.945,36855312.236275
2021-09-04T08:00:00+00:00,1630742400000,145.945,147.6825,140.5825,141.6925,22849284.3829
2021-09-04T12:00:00+00:00,1630756800000,141.6925,144.45,139.2525,142.4275,21129467.635575
2021-09-04T16:00:00+00:00,1630771200000,142.4275,142.92,136,138.96,25025359.060925
2021-09-04T20:00:00+00:00,1630785600000,138.96,142.245,138.405,139.015,18402479.804925
2021-09-05T00:00:00+00:00,1630800000000,139.015,145.0475,137.92,140.655,16351616.550975
2021-09-05T04:00:00+00:00,1630814400000,140.65,142,138.8525,139.01,23540827.27715
2021-09-05T08:00:00+00:00,1630828800000,139.01,141.84,139,140.425,12817371.189875
2021-09-05T12:00:00+00:00,1630843200000,140.425,140.545,134.74,136.3825,23913918.62785
2021-09-05T16:00:00+00:00,1630857600000,136.3825,138.9,135.2125,137.9875,20820869.931375
2021-09-05T20:00:00+00:00,1630872000000,137.9875,144.785,136.9725,142.125,17147746.09105
2021-09-06T00:00:00+00:00,1630886400000,142.125,143.575,139.5025,140.9275,11485278.3017
2021-09-06T04:00:00+00:00,1630900800000,140.9275,147.6575,140.105,146.025,29348574.292775
2021-09-06T08:00:00+00:00,1630915200000,146.025,146.7525,141.335,142.475,30700828.82525
2021-09-06T12:00:00+00:00,1630929600000,142.475,151.6325,137.1925,151.3425,48412739.984675
2021-09-06T16:00:00+00:00,1630944000000,151.3425,164.545,151.3425,162.33,62179470.110625
2021-09-06T20:00:00+00:00,1630958400000,162.33,166.055,159.8125,164.26,37883323.246725
2021-09-07T00:00:00+00:00,1630972800000,164.26,175.4025,162.24,173.4475,83217655.3533
2021-09-07T04:00:00+00:00,1630987200000,173.4475,195,172.9325,187.7625,129771036.54555
2021-09-07T08:00:00+00:00,1631001600000,187.7625,189.6975,173.77,182.9975,87304318.671325
2021-09-07T12:00:00+00:00,1631016000000,182.9975,185.935,124.15,168.6125,195618896.9528
2021-09-07T16:00:00+00:00,1631030400000,168.6125,190.9775,161.145,173.77,183403176.9554
2021-09-07T20:00:00+00:00,1631044800000,173.77,180,160.1,173.515,65646724.7063
2021-09-08T00:00:00+00:00,1631059200000,173.515,179.9425,166.9225,173.125,54798360.966475
2021-09-08T04:00:00+00:00,1631073600000,173.125,174.83,152.34,152.5275,77229786.8166
2021-09-08T08:00:00+00:00,1631088000000,152.5275,166.3625,146.6825,160.7675,92795379.926775
2021-09-08T12:00:00+00:00,1631102400000,160.7675,167.645,152.2,166.3475,70500210.08885
2021-09-08T16:00:00+00:00,1631116800000,166.395,195,164.1725,194.7225,148264449.82865
2021-09-08T20:00:00+00:00,1631131200000,194.7225,198.2125,183.1625,190.9625,127478284.4201
2021-09-09T00:00:00+00:00,1631145600000,190.9625,216,188.9025,211.0525,137025144.285625
2021-09-09T04:00:00+00:00,1631160000000,211.0525,214.6225,201.8475,207.5,77256347.288875
2021-09-09T08:00:00+00:00,1631174400000,207.5,213,205.345,206.5675,79290580.929275
2021-09-09T12:00:00+00:00,1631188800000,206.5675,208.1225,193.5,201.1725,103644257.5075
2021-09-09T16:00:00+00:00,1631203200000,201.1725,202.6575,177.85,184.9,147546966.40995
2021-09-09T20:00:00+00:00,1631217600000,184.9,198.75,182.7,187.7125,79560445.921525
2021-09-10T00:00:00+00:00,1631232000000,187.7125,197.3675,182.5775,194.1675,56895840.58235
2021-09-10T04:00:00+00:00,1631246400000,194.1675,195,180,180.965,48055804.716175
2021-09-10T08:00:00+00:00,1631260800000,180.965,185.695,175,184.34,56690046.8353
2021-09-10T12:00:00+00:00,1631275200000,184.34,184.4475,168,179.4775,97765320.787
2021-09-10T16:00:00+00:00,1631289600000,179.4775,183.395,171.3725,181.7425,47091609.152275
2021-09-10T20:00:00+00:00,1631304000000,181.7425,184.115,170.4,179.5175,61819501.56565
2021-09-11T00:00:00+00:00,1631318400000,179.5175,193.3375,170,181.3275,76683952.596675
2021-09-11T04:00:00+00:00,1631332800000,181.3275,183.5,175.1875,178.655,40473561.295575
2021-09-11T08:00:00+00:00,1631347200000,178.655,187.475,175.805,181.355,47086739.427325
2021-09-11T12:00:00+00:00,1631361600000,181.405,191.3575,180.29,188.505,47726968.3524
2021-09-11T16:00:00+00:00,1631376000000,188.505,190.1775,181.44,181.9875,36378239.729975
2021-09-11T20:00:00+00:00,1631390400000,181.9825,184.6125,175.7475,178.99,28709679.549825
2021-09-12T00:00:00+00:00,1631404800000,179.0425,180.4775,172.89,178.99,34354724.13125
2021-09-12T04:00:00+00:00,1631419200000,178.99,180.05,174.8275,177.895,21434801.32365
2021-09-12T08:00:00+00:00,1631433600000,177.895,181.685,177.34,179.005,27645907.714925
2021-09-12T12:00:00+00:00,1631448000000,179.0525,180.3075,176.4,178.9775,27432499.9463
2021-09-12T16:00:00+00:00,1631462400000,179.0425,179.7625,174.1975,177.72,33160732.51085
2021-09-12T20:00:00+00:00,1631476800000,177.7225,180.125,164.8025,174.275,41476764.842825
2021-09-13T00:00:00+00:00,1631491200000,174.2925,174.6225,154.15,154.9875,85208311.086075
2021-09-13T04:00:00+00:00,1631505600000,154.875,163.3675,151.12,152.7125,51688601.6413
2021-09-13T08:00:00+00:00,1631520000000,152.7325,161.0775,150.4,160.1425,55937391.70285
2021-09-13T12:00:00+00:00,1631534400000,160.1425,167.8025,151,156.995,89078809.141375
2021-09-13T16:00:00+00:00,1631548800000,157.0575,166.475,154.23,164.17,39711222.98245
2021-09-13T20:00:00+00:00,1631563200000,164.17,180,164.17,169.6925,64352255.96705
2021-09-14T00:00:00+00:00,1631577600000,169.65,171.865,163.67,167.5025,44465620.020175
2021-09-14T04:00:00+00:00,1631592000000,167.49,168.85,163.2825,165.935,36118410.47665
2021-09-14T08:00:00+00:00,1631606400000,165.98,172.5325,163.575,165.1175,48375341.7089
2021-09-14T12:00:00+00:00,1631620800000,165.1175,165.81,155,159.18,147966332.321425
2021-09-14T16:00:00+00:00,1631635200000,159.2725,160.425,150.79,154.155,78193221.396825
2021-09-14T20:00:00+00:00,1631649600000,154.1675,159.8575,142.42,158.7775,107356981.0406
2021-09-15T00:00:00+00:00,1631664000000,158.7775,164.2325,156.1625,157.465,43361094.982725
2021-09-15T04:00:00+00:00,1631678400000,157.4725,168.0575,154.0175,162.2325,63086436.520675
2021-09-15T08:00:00+00:00,1631692800000,162.1925,164.5,156.615,158.055,47363014.844325
2021-09-15T12:00:00+00:00,1631707200000,157.9925,162.6225,155.1775,162.3075,60086609.61395
2021-09-15T16:00:00+00:00,1631721600000,162.265,164.705,160.135,161.7025,31501653.45135
2021-09-15T20:00:00+00:00,1631736000000,161.71,161.8475,156.0325,158.95,23506865.3283
2021-09-16T00:00:00+00:00,1631750400000,158.95,159.95,152.5075,155.325,26070055.67235
2021-09-16T04:00:00+00:00,1631764800000,155.325,163.305,154.995,160.815,31822385.304
2021-09-16T08:00:00+00:00,1631779200000,160.9225,161.9425,157.0525,158.7325,25808673.550225
2021-09-16T12:00:00+00:00,1631793600000,158.67,159.555,153.06,154.855,52492047.914175
2021-09-16T16:00:00+00:00,1631808000000,154.8525,159.64,150.5825,152.3025,38325920.6416
2021-09-16T20:00:00+00:00,1631822400000,152.3675,152.8775,147.2975,152.1825,38594066.0013
2021-09-17T00:00:00+00:00,1631836800000,152.175,153.5375,146.0675,148.6925,36221645.9945
2021-09-17T04:00:00+00:00,1631851200000,148.6925,150.4825,143.0975,143.29,43245371.033275
2021-09-17T08:00:00+00:00,1631865600000,143.3975,145.5675,133.6175,138.805,97582007.8577
2021-09-17T12:00:00+00:00,1631880000000,138.7925,145.9525,137.095,144.615,55416731.759075
2021-09-17T16:00:00+00:00,1631894400000,144.6325,145.8425,138.5325,144.5425,41437751.14615
2021-09-17T20:00:00+00:00,1631908800000,144.5125,148.9425,140.3325,147.55,35435821.3803
2021-09-18T00:00:00+00:00,1631923200000,147.5825,149.13,144.2225,144.8575,34549661.332175
2021-09-18T04:00:00+00:00,1631937600000,144.85,158.645,144.1875,157.5925,55871770.274475
2021-09-18T08:00:00+00:00,1631952000000,157.5925,164.585,157.3325,160.9075,57568646.9041
2021-09-18T12:00:00+00:00,1631966400000,160.8575,164.375,160.14,163.6125,41106962.924825
2021-09-18T16:00:00+00:00,1631980800000,163.685,165.36,161.02,162.6675,43902412.05865
2021-09-18T20:00:00+00:00,1631995200000,162.64,172.0025,157.4375,169.235,45281560.28395
2021-09-19T00:00:00+00:00,1632009600000,169.235,170.96,162.07,164.2925,48538927.68905
2021-09-19T04:00:00+00:00,1632024000000,164.2925,165.1375,160.025,161.6625,26194043.2617
2021-09-19T08:00:00+00:00,1632038400000,161.6775,163.59,155,156.2075,36481306.9676
2021-09-19T12:00:00+00:00,1632052800000,156.19,162.0675,155.5525,159.4325,36589510.146
2021-09-19T16:00:00+00:00,1632067200000,159.4325,160.2925,153,154.3975,22990837.4513
2021-09-19T20:00:00+00:00,1632081600000,154.3975,156.7025,150.7375,152.85,35951861.838375
2021-09-20T00:00:00+00:00,1632096000000,152.85,153.43,142.93,145.0575,51145047.848
2021-09-20T04:00:00+00:00,1632110400000,145.055,146.36,136.725,139.065,62516061.310325
2021-09-20T08:00:00+00:00,1632124800000,139.0625,143.83,134.5775,137.4,85687747.183625
2021-09-20T12:00:00+00:00,1632139200000,137.4,146.86,130.4,144.045,113631224.2601
2021-09-20T16:00:00+00:00,1632153600000,144.045,146.06,133.1,138.7225,75124824.0772
2021-09-20T20:00:00+00:00,1632168000000,138.7225,142.345,131.4875,132.6925,63722814.900175
2021-09-21T00:00:00+00:00,1632182400000,132.69,141.6175,125,136.4175,102700312.924475
2021-09-21T04:00:00+00:00,1632196800000,136.4175,143.815,133.585,143.3525,47593000.164725
2021-09-21T08:00:00+00:00,1632211200000,143.3525,144.6125,140.3275,142.7125,39189785.22625
2021-09-21T12:00:00+00:00,1632225600000,142.7125,143.3575,135.56,138.5225,57839546.228425
2021-09-21T16:00:00+00:00,1632240000000,138.5225,138.535,127.1175,127.1175,76973924.481725
2021-09-21T20:00:00+00:00,1632254400000,127.1175,129.9,115.88,124.1775,126559700.8479
2021-09-22T00:00:00+00:00,1632268800000,124.1825,132.1925,122.055,128.9625,58038162.72665
2021-09-22T04:00:00+00:00,1632283200000,128.9625,134.1575,126.69,133.0175,40023355.211325
2021-09-22T08:00:00+00:00,1632297600000,133.0125,133.88,127.72,128.635,32622017.7886
2021-09-22T12:00:00+00:00,1632312000000,128.635,142.17,128.075,141.8,58803595.854775
2021-09-22T16:00:00+00:00,1632326400000,141.8,151.6875,140.315,146.5575,113898706.638175
2021-09-22T20:00:00+00:00,1632340800000,146.545,150.12,144.03,148.1225,45592577.709675
2021-09-23T00:00:00+00:00,1632355200000,148.1225,151.91,144.7625,148.695,43180705.218275
2021-09-23T04:00:00+00:00,1632369600000,148.7,152,145.8225,151.5775,29470235.09745
2021-09-23T08:00:00+00:00,1632384000000,151.5775,152.4425,142.95,144.42,45304294.2441
2021-09-23T12:00:00+00:00,1632398400000,144.42,151.025,143.67,146.13,41041786.203625
2021-09-23T16:00:00+00:00,1632412800000,146.13,152.545,144.34,149.6675,46737871.596275
2021-09-23T20:00:00+00:00,1632427200000,149.6675,151.0075,146.3275,150.005,24462921.5328
2021-09-24T00:00:00+00:00,1632441600000,150,151.4175,144.5425,144.925,27526114.78185
2021-09-24T04:00:00+00:00,1632456000000,144.925,146.3475,140.94,144.655,36995894.752225
2021-09-24T08:00:00+00:00,1632470400000,144.6525,146.4825,128.1725,134.9675,100342586.26025
2021-09-24T12:00:00+00:00,1632484800000,134.915,141.25,131.11,137.7425,62833579.7299
2021-09-24T16:00:00+00:00,1632499200000,137.7425,139.7875,136.515,138.295,23651776.264925
2021-09-24T20:00:00+00:00,1632513600000,138.295,144.17,138.0575,139.235,26617214.352025
2021-09-25T00:00:00+00:00,1632528000000,139.235,142.2425,136.5575,138.685,22692204.49975
2021-09-25T04:00:00+00:00,1632542400000,138.685,144.135,138.685,140.06,27478769.19005
2021-09-25T08:00:00+00:00,1632556800000,140.06,142.2325,135.09,140.145,30763154.5108
2021-09-25T12:00:00+00:00,1632571200000,140.145,140.875,136.47,138.78,25954076.349375
2021-09-25T16:00:00+00:00,1632585600000,138.78,139.3075,135.8475,137.4025,22636605.90415
2021-09-25T20:00:00+00:00,1632600000000,137.4025,137.545,133.54,136.17,15221929.126175
2021-09-26T00:00:00+00:00,1632614400000,136.17,136.395,128.33,131.0525,37439889.315525
2021-09-26T04:00:00+00:00,1632628800000,131.0525,132.045,124.7425,126.9725,30044550.175775
2021-09-26T08:00:00+00:00,1632643200000,126.9725,137.5,125.8625,135.185,54186961.5657
2021-09-26T12:00:00+00:00,1632657600000,135.185,140.335,134.7725,140.16,32960891.407575
2021-09-26T16:00:00+00:00,1632672000000,140.165,140.8,135.175,136.23,24544198.0377
2021-09-26T20:00:00+00:00,1632686400000,136.23,139.75,133.3425,135.69,30192915.429725
2021-09-27T00:00:00+00:00,1632700800000,135.6925,143.255,133.805,139.235,28138971.759075
2021-09-27T04:00:00+00:00,1632715200000,139.235,142.705,137.595,138.3075,23354414.4464
2021-09-27T08:00:00+00:00,1632729600000,138.3075,149,137.885,147.46,47460484.6219
2021-09-27T12:00:00+00:00,1632744000000,147.46,148.365,143.335,145.335,35100696.5271
2021-09-27T16:00:00+00:00,1632758400000,145.335,145.4475,140.565,143.3225,27448642.97375
2021-09-27T20:00:00+00:00,1632772800000,143.3225,143.345,135.505,136.325,31440312.914825
2021-09-28T00:00:00+00:00,1632787200000,136.325,138.6275,135.1075,138.1425,27014007.082275
2021-09-28T04:00:00+00:00,1632801600000,138.165,139.3675,132.4025,133.6725,26189948.265925
2021-09-28T08:00:00+00:00,1632816000000,133.6725,136.305,132.82,135.7625,27617010.5855
2021-09-28T12:00:00+00:00,1632830400000,135.7625,136.4175,130.345,130.3675,45233682.625325
2021-09-28T16:00:00+00:00,1632844800000,130.3675,132.085,128.0625,131.0025,37476879.6777
2021-09-28T20:00:00+00:00,1632859200000,131.0025,134.505,130.075,132.1525,24922367.50635
2021-09-29T00:00:00+00:00,1632873600000,132.1275,139.2375,132.04,138.76,39030533.24965
2021-09-29T04:00:00+00:00,1632888000000,138.805,140,137.8975,139.7025,16076113.87855
2021-09-29T08:00:00+00:00,1632902400000,139.7025,139.985,136.9,139.585,20896803.92965
2021-09-29T12:00:00+00:00,1632916800000,139.585,140.1125,134.9725,135.61,27257386.058175
2021-09-29T16:00:00+00:00,1632931200000,135.61,136.3175,131.445,131.925,27712623.293
2021-09-29T20:00:00+00:00,1632945600000,131.925,135.4175,131.1075,135.265,24020287.1035
2021-09-30T00:00:00+00:00,1632960000000,135.2625,140.19,134.7875,140.0175,29491268.362975
2021-09-30T04:00:00+00:00,1632974400000,140.0175,141.37,136.6975,136.8975,18139247.562775
2021-09-30T08:00:00+00:00,1632988800000,136.8975,139.055,134.005,137.305,23167768.283925
2021-09-30T12:00:00+00:00,1633003200000,137.305,139.7025,136.9,138.31,20046872.463225
2021-09-30T16:00:00+00:00,1633017600000,138.31,143.0275,136.23,139.2475,25666839.1294
2021-09-30T20:00:00+00:00,1633032000000,139.2475,141.75,138.02,141.3225,16511306.1159
2021-10-01T00:00:00+00:00,1633046400000,141.325,145.1,138.005,139.5025,24823322.965775
2021-10-01T04:00:00+00:00,1633060800000,139.5025,143.895,139.16,142.8075,24548778.67305
2021-10-01T08:00:00+00:00,1633075200000,142.8075,156.345,142.5575,153.48,62916917.319
2021-10-01T12:00:00+00:00,1633089600000,153.48,159.28,149.5475,157.5225,80394845.851725
2021-10-01T16:00:00+00:00,1633104000000,157.54,165.0975,155.505,162.87,55548145.685275
2021-10-01T20:00:00+00:00,1633118400000,162.895,163.315,156.9275,161.6875,31117242.12485
2021-10-02T00:00:00+00:00,1633132800000,161.6875,161.7225,156.2,156.7975,23315576.59705
2021-10-02T04:00:00+00:00,1633147200000,156.7975,160.415,156.4275,158.56,16636589.104075
2021-10-02T08:00:00+00:00,1633161600000,158.56,159.5175,156.695,159.15,14902613.801425
2021-10-02T12:00:00+00:00,1633176000000,159.15,170.775,158.715,170.53,45546022.6187
2021-10-02T16:00:00+00:00,1633190400000,170.53,174.99,170.1175,174.9225,39333012.35775
2021-10-02T20:00:00+00:00,1633204800000,174.9225,174.9525,166.0875,169.005,28008033.214825
2021-10-03T00:00:00+00:00,1633219200000,169.005,171.755,165.1,170.63,25537727.383175
2021-10-03T04:00:00+00:00,1633233600000,170.63,173.9675,168.925,171.7075,22068006.008525
2021-10-03T08:00:00+00:00,1633248000000,171.7075,175.7225,168.8225,170.955,20175466.461725
2021-10-03T12:00:00+00:00,1633262400000,170.955,177.875,170.56,172.61,38919080.056875
2021-10-03T16:00:00+00:00,1633276800000,172.61,177.2225,172.16,175.7275,32288368.209125
2021-10-03T20:00:00+00:00,1633291200000,175.7275,176.1125,167.9275,173.0675,28562886.889175
2021-10-04T00:00:00+00:00,1633305600000,173.0675,173.1625,166.095,167.2225,28858944.432075
2021-10-04T04:00:00+00:00,1633320000000,167.2225,170.21,164.335,169.69,32158814.521375
2021-10-04T08:00:00+00:00,1633334400000,169.69,169.8375,164.8575,165.9375,32718914.777075
2021-10-04T12:00:00+00:00,1633348800000,165.94,172.7975,161.9975,166.4525,51581526.3136
2021-10-04T16:00:00+00:00,1633363200000,166.4525,172.365,165.905,169.325,40531072.332925
2021-10-04T20:00:00+00:00,1633377600000,169.325,169.715,165,167.195,29217998.698775
2021-10-05T00:00:00+00:00,1633392000000,167.195,170.225,164.1,166.9025,39011537.37255
2021-10-05T04:00:00+00:00,1633406400000,166.9025,168.0575,165.2675,166.1975,15759906.12305
2021-10-05T08:00:00+00:00,1633420800000,166.1975,170,165.505,168.4975,20475445.40135
2021-10-05T12:00:00+00:00,1633435200000,168.4975,169.86,162.1075,162.3625,34852934.737075
2021-10-05T16:00:00+00:00,1633449600000,162.3625,163.795,159.6275,161.845,25085446.766725
2021-10-05T20:00:00+00:00,1633464000000,161.845,167.05,161.81,164.665,25622877.46435
2021-10-06T00:00:00+00:00,1633478400000,164.6725,165.4875,157.985,158.0175,32898151.292675
2021-10-06T04:00:00+00:00,1633492800000,158.0475,159.845,154.2125,156.0325,42109294.205825
2021-10-06T08:00:00+00:00,1633507200000,156.0325,156.4175,150.2025,152.955,39651380.4178
2021-10-06T12:00:00+00:00,1633521600000,152.955,162.8725,152.1,160.8575,54267876.869675
2021-10-06T16:00:00+00:00,1633536000000,160.85,161.6875,157.4075,159.8725,24275988.589575
2021-10-06T20:00:00+00:00,1633550400000,159.8725,160.14,152.69,153.94,26071109.136975
2021-10-07T00:00:00+00:00,1633564800000,153.97,155.055,150.41,152.105,27836358.8588
2021-10-07T04:00:00+00:00,1633579200000,152.1225,159.3525,151.93,158.5,20614248.301575
2021-10-07T08:00:00+00:00,1633593600000,158.5,160.2325,154.295,157.83,20781963.41235
2021-10-07T12:00:00+00:00,1633608000000,157.83,161.57,153.7325,156,30659971.9557
2021-10-07T16:00:00+00:00,1633622400000,156,157.18,153.6275,156.23,30946976.83145
2021-10-07T20:00:00+00:00,1633636800000,156.23,158.9175,152.9825,154.3525,23321323.227275
2021-10-08T00:00:00+00:00,1633651200000,154.3525,157.12,152.5275,154.4325,24974323.599125
2021-10-08T04:00:00+00:00,1633665600000,154.4125,159.045,152.3525,158.785,26550022.781325
2021-10-08T08:00:00+00:00,1633680000000,158.7825,166.59,158.01,162.3075,43278757.555575
2021-10-08T12:00:00+00:00,1633694400000,162.3075,168.95,160.2,166.6,42577920.8862
2021-10-08T16:00:00+00:00,1633708800000,166.6075,168.04,162.5375,163.6,20080203.494025
2021-10-08T20:00:00+00:00,1633723200000,163.6,163.6275,157,158.81,24800213.927875
2021-10-09T00:00:00+00:00,1633737600000,158.8125,160.5025,156.17,160.0575,17170648.242125
2021-10-09T04:00:00+00:00,1633752000000,160.0575,161.54,158.94,159.2175,19365207.246525
2021-10-09T08:00:00+00:00,1633766400000,159.2175,160.51,157.4925,158.4025,13388777.520275
2021-10-09T12:00:00+00:00,1633780800000,158.4025,160.2725,157.1225,157.9775,18719102.374575
2021-10-09T16:00:00+00:00,1633795200000,157.9775,158.405,156.145,156.3875,13635813.469475
2021-10-09T20:00:00+00:00,1633809600000,156.3875,157.805,154.2125,156.865,13443798.276775
2021-10-10T00:00:00+00:00,1633824000000,156.91,156.91,152.5375,155.5,19868783.181125
2021-10-10T04:00:00+00:00,1633838400000,155.5,157,154.665,155.0625,12359638.363475
2021-10-10T08:00:00+00:00,1633852800000,155.0625,158.5,154.1,154.7175,15546109.277975
2021-10-10T12:00:00+00:00,1633867200000,154.7175,154.975,152.81,154.5375,17772721.1382
2021-10-10T16:00:00+00:00,1633881600000,154.5375,154.7825,151.865,153.5225,15320212.36245
2021-10-10T20:00:00+00:00,1633896000000,153.5225,154.7375,145.6175,147.6225,34691851.759975
2021-10-11T00:00:00+00:00,1633910400000,147.6225,151.7075,145.41,151.4625,25192834.743225
2021-10-11T04:00:00+00:00,1633924800000,151.465,153,150.375,152.3375,14107802.777775
2021-10-11T08:00:00+00:00,1633939200000,152.3375,154.1225,147.095,148.6175,22934367.9419
2021-10-11T12:00:00+00:00,1633953600000,148.6425,150.0325,146.81,147.82,19046142.979825
2021-10-11T16:00:00+00:00,1633968000000,147.82,148.115,140.95,141.625,31776895.102325
2021-10-11T20:00:00+00:00,1633982400000,141.625,145.4425,140.275,144.8475,22789459.285575
2021-10-12T00:00:00+00:00,1633996800000,144.8475,145.845,140.8975,143.175,31626303.898425
2021-10-12T04:00:00+00:00,1634011200000,143.175,145.595,141.32,143.37,37327560.55475
2021-10-12T08:00:00+00:00,1634025600000,143.37,145.235,140.2125,142.5475,24904188.0687
2021-10-12T12:00:00+00:00,1634040000000,142.5475,145.2975,137.6875,143.56,49485480.658225
2021-10-12T16:00:00+00:00,1634054400000,143.555,153.4525,142.9325,150.0525,60631504.033
2021-10-12T20:00:00+00:00,1634068800000,150.055,153.0475,147.7375,152.385,29067712.17115
2021-10-13T00:00:00+00:00,1634083200000,152.385,155.51,148.3975,149.2925,44693107.07195
2021-10-13T04:00:00+00:00,1634097600000,149.2925,150.425,144.69,145.42,47769236.18665
2021-10-13T08:00:00+00:00,1634112000000,145.4175,147.6,145.2525,146.905,17835398.29195
2021-10-13T12:00:00+00:00,1634126400000,146.905,147.4325,144.33,146.3225,18089996.128775
2021-10-13T16:00:00+00:00,1634140800000,146.3225,147.9,144.585,145.045,28615570.06835
2021-10-13T20:00:00+00:00,1634155200000,145.0425,149.125,144.78,148.0775,19544541.91485
2021-10-14T00:00:00+00:00,1634169600000,148.0975,150.9975,147.3,149.735,20855180.5658
2021-10-14T04:00:00+00:00,1634184000000,149.745,152.0575,148.5,150.4125,22590059.090875
2021-10-14T08:00:00+00:00,1634198400000,150.4125,154.18,149.905,153.935,18409306.82715
2021-10-14T12:00:00+00:00,1634212800000,153.935,155.745,152.27,152.85,28269473.55515
2021-10-14T16:00:00+00:00,1634227200000,152.85,153.56,148.64,150.125,27126429.312225
2021-10-14T20:00:00+00:00,1634241600000,150.125,151.54,148.895,150.01,14883425.583325
2021-10-15T00:00:00+00:00,1634256000000,150.0075,151.455,146.35,150.8725,33949976.604225
2021-10-15T04:00:00+00:00,1634270400000,150.8725,163.31,150.87,161.535,86630057.274075
2021-10-15T08:00:00+00:00,1634284800000,161.535,165.3425,156.5,157.8625,48174346.318175
2021-10-15T12:00:00+00:00,1634299200000,157.8625,163.085,157.1,159.33,31288072.2409
2021-10-15T16:00:00+00:00,1634313600000,159.33,162.99,158.7625,160.3325,38269625.506925
2021-10-15T20:00:00+00:00,1634328000000,160.3325,164.2525,159.13,163.1775,35017225.325025
2021-10-16T00:00:00+00:00,1634342400000,163.1775,163.43,158.27,158.6925,23946635.4435
2021-10-16T04:00:00+00:00,1634356800000,158.6925,159.72,157.6025,158.3425,12871111.371325
2021-10-16T08:00:00+00:00,1634371200000,158.3425,164.7825,157.955,162.2025,24432538.9904
2021-10-16T12:00:00+00:00,1634385600000,162.2025,162.93,158.8,159.575,24494637.369925
2021-10-16T16:00:00+00:00,1634400000000,159.575,160.17,158.1,158.2,12359172.173775
2021-10-16T20:00:00+00:00,1634414400000,158.2,158.83,156.3825,157.57,11777648.404525
2021-10-17T00:00:00+00:00,1634428800000,157.57,163,156.77,162.89,17697770.184375
2021-10-17T04:00:00+00:00,1634443200000,162.89,165,160.5,162.0875,43162403.8729
2021-10-17T08:00:00+00:00,1634457600000,162.0875,167.4725,162.08,163.5675,24630374.068625
2021-10-17T12:00:00+00:00,1634472000000,163.5675,165.4325,160.07,160.7575,21224282.26925
2021-10-17T16:00:00+00:00,1634486400000,160.7575,161.685,158.2,158.8,13414151.580825
2021-10-17T20:00:00+00:00,1634500800000,158.775,160.1275,152.0875,160.1275,24077119.189975
2021-10-18T00:00:00+00:00,1634515200000,160.1275,162.93,159.17,159.955,20065981.62515
2021-10-18T04:00:00+00:00,1634529600000,159.955,161.45,158.685,158.885,9038914.805425
2021-10-18T08:00:00+00:00,1634544000000,158.885,159.9,155.88,156.9225,25032309.2022
2021-10-18T12:00:00+00:00,1634558400000,156.9225,159.745,155.6125,156.6625,24991984.789925
2021-10-18T16:00:00+00:00,1634572800000,156.6775,157.89,154.92,156.7675,22079618.248625
2021-10-18T20:00:00+00:00,1634587200000,156.7675,158.1875,155.62,157.145,9605428.388
2021-10-19T00:00:00+00:00,1634601600000,157.145,158.875,156.1075,158.5,11151446.665775
2021-10-19T04:00:00+00:00,1634616000000,158.5,159.3975,156.75,157.72,11180748.57705
2021-10-19T08:00:00+00:00,1634630400000,157.72,157.935,156.105,157.05,8840083.191825
2021-10-19T12:00:00+00:00,1634644800000,157.05,157.9975,154.84,155.5575,16704477.90335
2021-10-19T16:00:00+00:00,1634659200000,155.5575,156.5275,154.5,154.605,14035874.46655
2021-10-19T20:00:00+00:00,1634673600000,154.6025,157.3,153.18,155.885,22238949.69365
2021-10-20T00:00:00+00:00,1634688000000,155.885,157.5425,155.68,155.8475,11447614.151525
2021-10-20T04:00:00+00:00,1634702400000,155.8475,157.1475,155.155,156.61,9466756.592025
2021-10-20T08:00:00+00:00,1634716800000,156.61,160.2275,156.0075,160.1525,22311156.2758
2021-10-20T12:00:00+00:00,1634731200000,160.15,170,159.53,168.8575,63691824.43835
2021-10-20T16:00:00+00:00,1634745600000,168.8575,174.9,166.94,173.055,67472506.432125
2021-10-20T20:00:00+00:00,1634760000000,173.0475,176.9925,170.05,176.7775,46986547.190475
2021-10-21T00:00:00+00:00,1634774400000,176.685,189.825,176.685,184.21,129339504.333575
2021-10-21T04:00:00+00:00,1634788800000,184.2075,189,180.1675,187.0825,54269250.256775
2021-10-21T08:00:00+00:00,1634803200000,187.08,194.385,180,187.11,90481253.665075
2021-10-21T12:00:00+00:00,1634817600000,187.11,191,178,182.65,103450326.17935
2021-10-21T16:00:00+00:00,1634832000000,182.645,188.505,180.4775,184.755,56190887.80915
2021-10-21T20:00:00+00:00,1634846400000,184.7525,191.4225,182.7125,190.4675,50743045.469
2021-10-22T00:00:00+00:00,1634860800000,190.485,205.1125,188,201.6675,114107949.12135
2021-10-22T04:00:00+00:00,1634875200000,201.6675,208,200.2,203.275,49042317.902125
2021-10-22T08:00:00+00:00,1634889600000,203.275,205.955,201.2025,204.2675,37692261.3963
2021-10-22T12:00:00+00:00,1634904000000,204.2675,215,201.915,206.405,132857569.30035
2021-10-22T16:00:00+00:00,1634918400000,206.3325,211.4925,195.39,197.6175,98785741.566325
2021-10-22T20:00:00+00:00,1634932800000,197.62,199.9,192,196.2475,53728784.241725
2021-10-23T00:00:00+00:00,1634947200000,196.2475,203.9975,192.08,202.7625,49644051.187675
2021-10-23T04:00:00+00:00,1634961600000,202.7625,205.6725,198.7975,201.365,28732405.58085
2021-10-23T08:00:00+00:00,1634976000000,201.365,203.0625,196.935,202.3025,33545590.497275
2021-10-23T12:00:00+00:00,1634990400000,202.305,202.68,196.7125,199.3,35298236.10145
2021-10-23T16:00:00+00:00,1635004800000,199.3,201.69,193,193.7725,37375502.3247
2021-10-23T20:00:00+00:00,1635019200000,193.7725,198.155,193.62,197.73,19026066.421175
2021-10-24T00:00:00+00:00,1635033600000,197.73,200,195.6375,196.6125,20305079.597
2021-10-24T04:00:00+00:00,1635048000000,196.6125,196.6475,192.2,194.135,23987994.500575
2021-10-24T08:00:00+00:00,1635062400000,194.135,196.3825,188.7,188.845,33913685.128
2021-10-24T12:00:00+00:00,1635076800000,188.845,192.555,185.5,186.6075,40130288.334225
2021-10-24T16:00:00+00:00,1635091200000,186.6075,191.875,185.35,191.6475,32426050.813325
2021-10-24T20:00:00+00:00,1635105600000,191.6475,204.795,190.56,202.2875,59411502.36325
2021-10-25T00:00:00+00:00,1635120000000,202.2875,203.8625,198.1725,201.695,55200114.229925
2021-10-25T04:00:00+00:00,1635134400000,201.695,210.7,200.9175,207.7675,43165912.237875
2021-10-25T08:00:00+00:00,1635148800000,207.7675,212.5825,205.57,207.935,40807402.3507
2021-10-25T12:00:00+00:00,1635163200000,207.935,218.92,204.9025,218.625,64942655.628575
2021-10-25T16:00:00+00:00,1635177600000,218.625,218.695,210,210.3575,52419534.1461
2021-10-25T20:00:00+00:00,1635192000000,210.3575,214.1875,207.645,209.7175,32057885.551625
2021-10-26T00:00:00+00:00,1635206400000,209.7175,214.1725,207.5675,208.7075,36633173.0651
2021-10-26T04:00:00+00:00,1635220800000,208.7075,209.3675,205.6,209.29,33126883.290975
2021-10-26T08:00:00+00:00,1635235200000,209.29,211.6075,207.295,207.3525,25654289.940925
2021-10-26T12:00:00+00:00,1635249600000,207.3525,208.4,202.375,206.595,44544103.3122
2021-10-26T16:00:00+00:00,1635264000000,206.595,209.635,204.1525,207.0425,24372058.109225
2021-10-26T20:00:00+00:00,1635278400000,207.0425,207.605,196.325,199.79,52952482.20765
2021-10-27T00:00:00+00:00,1635292800000,199.79,204.77,197.5,202.92,35373815.199225
2021-10-27T04:00:00+00:00,1635307200000,202.92,205.5925,194.0525,194.17,41763958.81525
2021-10-27T08:00:00+00:00,1635321600000,194.17,195.9025,178.56,189.9575,159587285.202775
2021-10-27T12:00:00+00:00,1635336000000,189.9575,194.2225,187.2175,189.0125,48507738.909625
2021-10-27T16:00:00+00:00,1635350400000,189.005,192.55,184.58,189.4075,48523972.938725
2021-10-27T20:00:00+00:00,1635364800000,189.4075,191.3775,180.88,184.4875,57024536.66515
2021-10-28T00:00:00+00:00,1635379200000,184.4875,190.45,181.6575,186.885,61184385.6226
2021-10-28T04:00:00+00:00,1635393600000,186.89,191.285,184.765,186.8775,64592644.247825
2021-10-28T08:00:00+00:00,1635408000000,186.8775,199.22,186.8475,195.56,66110546.25435
2021-10-28T12:00:00+00:00,1635422400000,195.56,201.81,194.815,197.3875,37537928.000225
2021-10-28T16:00:00+00:00,1635436800000,197.3875,198.85,191.44,198.24,46843898.516375
2021-10-28T20:00:00+00:00,1635451200000,198.24,201.355,194,195.33,30278481.7774
2021-10-29T00:00:00+00:00,1635465600000,195.3675,205.215,194.66,201.725,44726008.117075
2021-10-29T04:00:00+00:00,1635480000000,201.725,202.26,196.5775,198.055,40005784.1331
2021-10-29T08:00:00+00:00,1635494400000,198.055,199.755,195.51,196.3475,23354069.93325
2021-10-29T12:00:00+00:00,1635508800000,196.345,203.43,195.6925,201.9225,35448530.210675
2021-10-29T16:00:00+00:00,1635523200000,201.9275,204.9575,199.785,200.5825,40701787.84875
2021-10-29T20:00:00+00:00,1635537600000,200.5825,203.86,199.155,200.465,17612872.27725
2021-10-30T00:00:00+00:00,1635552000000,200.465,200.6675,196.4,197.1175,23145954.466725
2021-10-30T04:00:00+00:00,1635566400000,197.11,199.0625,195.995,198.1175,12398168.287225
2021-10-30T08:00:00+00:00,1635580800000,198.125,198.67,195,197.155,15919013.24925
2021-10-30T12:00:00+00:00,1635595200000,197.155,197.31,190.365,193.2125,26836662.133425
2021-10-30T16:00:00+00:00,1635609600000,193.2125,194.8175,191.1425,194.655,19983775.83865
2021-10-30T20:00:00+00:00,1635624000000,194.655,195.97,187.455,195.8675,39745269.1357
2021-10-31T00:00:00+00:00,1635638400000,195.8675,197.0775,191.285,192.025,22796315.19045
2021-10-31T04:00:00+00:00,1635652800000,192.025,192.6325,189.185,190.705,13899071.059225
2021-10-31T08:00:00+00:00,1635667200000,190.705,190.8025,186.015,186.4425,23643690.707475
2021-10-31T12:00:00+00:00,1635681600000,186.44,202,185.58,195.2025,70832498.2631
2021-10-31T16:00:00+00:00,1635696000000,195.245,198.775,193.03,196.14,23229660.423125
2021-10-31T20:00:00+00:00,1635710400000,196.135,205.17,195.1425,202.65,39874438.64395
2021-11-01T00:00:00+00:00,1635724800000,202.65,210,199.105,201.04,55473024.697825
2021-11-01T04:00:00+00:00,1635739200000,201.04,210.1,197.755,210.0825,47901279.39905
2021-11-01T08:00:00+00:00,1635753600000,210.0825,211.865,204.305,204.82,36996076.8178
2021-11-01T12:00:00+00:00,1635768000000,204.8125,206.525,201,204.1075,35102598.859175
2021-11-01T16:00:00+00:00,1635782400000,204.1175,204.895,198.9075,204.175,52145400.082525
2021-11-01T20:00:00+00:00,1635796800000,204.175,206.3425,200.9275,204.11,22954292.99815
2021-11-02T00:00:00+00:00,1635811200000,204.1125,204.945,201.1675,204.1025,21472846.526975
2021-11-02T04:00:00+00:00,1635825600000,204.1025,206.0125,202.915,203.62,18250981.304525
2021-11-02T08:00:00+00:00,1635840000000,203.7075,208.085,202.595,204.565,31084621.74885
2021-11-02T12:00:00+00:00,1635854400000,204.565,209.2375,203.985,209.1875,26470485.451275
2021-11-02T16:00:00+00:00,1635868800000,209.1825,218.51,206.84,217.36,78084396.97365
2021-11-02T20:00:00+00:00,1635883200000,217.36,222.68,212.3175,221.0125,57031701.262275
2021-11-03T00:00:00+00:00,1635897600000,221.0125,231.9925,215.9575,229.755,81958565.61875
2021-11-03T04:00:00+00:00,1635912000000,229.755,232.715,224.155,232.555,47542865.79365
2021-11-03T08:00:00+00:00,1635926400000,232.555,235.11,227.0575,231.865,59167347.950325
2021-11-03T12:00:00+00:00,1635940800000,231.865,232.25,222.9875,225.54,61439897.287225
2021-11-03T16:00:00+00:00,1635955200000,225.54,238.065,221.235,234.8825,68620532.4908
2021-11-03T20:00:00+00:00,1635969600000,234.8675,246.2875,234.63,243.375,109588989.81715
2021-11-04T00:00:00+00:00,1635984000000,243.375,247.59,238.1025,238.2125,63691107.956275
2021-11-04T04:00:00+00:00,1635998400000,238.2125,239.15,238.115,238.985,289666.095525