2021-08-01T00:00:00+00:00,1627776000000,41494,42608,41164,42456,183144517.4291
2021-08-01T04:00:00+00:00,1627790400000,42456,42456,41604,41717,129625758.2133
2021-08-01T08:00:00+00:00,1627804800000,41717,41962,41335,41594,126251196.6068
2021-08-01T12:00:00+00:00,1627819200000,41592,41822,41160,41313,150796153.7348
2021-08-01T16:00:00+00:00,1627833600000,41313,41505,40611,41268,233573697.7866
2021-08-01T20:00:00+00:00,1627848000000,41268,41510,39415,39847,198517980.586
2021-08-02T00:00:00+00:00,1627862400000,39879,40096,39247,39788,136553450.1853
2021-08-02T04:00:00+00:00,1627876800000,39788,40448,39573,40109,107797405.0775
2021-08-02T08:00:00+00:00,1627891200000,40109,40159,39304,39537,118814247.9156
2021-08-02T12:00:00+00:00,1627905600000,39537,39815,38834,39711,124356491.4456
2021-08-02T16:00:00+00:00,1627920000000,39711,39968,39007,39179,128098462.7811
2021-08-02T20:00:00+00:00,1627934400000,39179,39535,38682,39151,117760437.5566
2021-08-03T00:00:00+00:00,1627948800000,39151,39800,38513,38657,152682151.9959
2021-08-03T04:00:00+00:00,1627963200000,38660,38816,37950,38597,189961235.9598
2021-08-03T08:00:00+00:00,1627977600000,38597,38805,38326,38503,142475800.6277
2021-08-03T12:00:00+00:00,1627992000000,38503,38702,37673,38177,174161408.4491
2021-08-03T16:00:00+00:00,1628006400000,38177,38522,37634,38015,148770016.8909
2021-08-03T20:00:00+00:00,1628020800000,38015,38631,37863,38198,106942148.5049
2021-08-04T00:00:00+00:00,1628035200000,38197,38564,37891,37965,82870848.0216
2021-08-04T04:00:00+00:00,1628049600000,37965,38205,37668,37818,94672251.1706
2021-08-04T08:00:00+00:00,1628064000000,37818,38254,37411,38155,104701894.7437
2021-08-04T12:00:00+00:00,1628078400000,38155,39478,38154,39302,192668914.8964
2021-08-04T16:00:00+00:00,1628092800000,39302,39851,39244,39762,139187523.5989
2021-08-04T20:00:00+00:00,1628107200000,39762,39969,39480,39732,126131285.1503
2021-08-05T00:00:00+00:00,1628121600000,39732,39840,39179,39441,135000156.9568
2021-08-05T04:00:00+00:00,1628136000000,39441,39535,38723,38868,143593906.5795
2021-08-05T08:00:00+00:00,1628150400000,38868,38957,37829,38008,159772805.1911
2021-08-05T12:00:00+00:00,1628164800000,38008,39396,37258,38758,280497159.4405
2021-08-05T16:00:00+00:00,1628179200000,38758,41387,38745,40729,175419742.5424
2021-08-05T20:00:00+00:00,1628193600000,40729,41313,40700,40894,75275399.7945
2021-08-06T00:00:00+00:00,1628208000000,40894,41048,39934,40234,106491456.1171
2021-08-06T04:00:00+00:00,1628222400000,40234,41233,39862,40756,132878925.5527
2021-08-06T08:00:00+00:00,1628236800000,40756,41160,40404,40534,78550795.2713
2021-08-06T12:00:00+00:00,1628251200000,40534,42469,40300,42263,179535813.7859
2021-08-06T16:00:00+00:00,1628265600000,42252,43431,42242,42949,188829626.9326
2021-08-06T20:00:00+00:00,1628280000000,42950,43006,42420,42868,240561494.4263
2021-08-07T00:00:00+00:00,1628294400000,42868,43792,42612,43731,359445423.0751
2021-08-07T04:00:00+00:00,1628308800000,43731,43975,43076,43249,469767577.9416
2021-08-07T08:00:00+00:00,1628323200000,43249,44012,43143,43841,422340516.7203
2021-08-07T12:00:00+00:00,1628337600000,43841,44583,43126,43393,223429084.9981
2021-08-07T16:00:00+00:00,1628352000000,43393,44111,42466,43993,82164850.761
2021-08-07T20:00:00+00:00,1628366400000,43982,44746,43530,44622,81255961.4378
2021-08-08T00:00:00+00:00,1628380800000,44622,44831,43805,44371,203670867.8969
2021-08-08T04:00:00+00:00,1628395200000,44371,45359,44208,44849,247313297.6497
2021-08-08T08:00:00+00:00,1628409600000,44849,45055,44110,44492,124647872.2626
2021-08-08T12:00:00+00:00,1628424000000,44492,45224,43777,44024,257535085.6918
2021-08-08T16:00:00+00:00,1628438400000,44024,44409,43287,43734,244614595.3069
2021-08-08T20:00:00+00:00,1628452800000,43734,44606,43568,43823,191531627.2211
2021-08-09T00:00:00+00:00,1628467200000,43823,43978,42791,43522,192745644.2201
2021-08-09T04:00:00+00:00,1628481600000,43522,43866,43272,43825,159178487.8359
2021-08-09T08:00:00+00:00,1628496000000,43825,46077,43633,45964,283057369.3026
2021-08-09T12:00:00+00:00,1628510400000,45964,46333,45292,45912,224215528.9598
2021-08-09T16:00:00+00:00,1628524800000,45912,46494,45714,45992,198528212.23
2021-08-09T20:00:00+00:00,1628539200000,45992,46470,44891,46273,221525543.9797
2021-08-10T00:00:00+00:00,1628553600000,46273,46755,45641,45714,179430969.4275
2021-08-10T04:00:00+00:00,1628568000000,45714,46028,45315,45958,143299398.9159
2021-08-10T08:00:00+00:00,1628582400000,45958,46176,45213,45369,133792423.5646
2021-08-10T12:00:00+00:00,1628596800000,45369,46118,44871,45183,290845145.7407
2021-08-10T16:00:00+00:00,1628611200000,45183,45600,44655,45518,198280938.0242
2021-08-10T20:00:00+00:00,1628625600000,45518,45941,45238,45591,150671851.6202
2021-08-11T00:00:00+00:00,1628640000000,45591,45995,45351,45588,148406999.3743
2021-08-11T04:00:00+00:00,1628654400000,45588,46463,45461,46370,180919349.2736
2021-08-11T08:00:00+00:00,1628668800000,46370,46606,45864,45943,170573110.6572
2021-08-11T12:00:00+00:00,1628683200000,45943,46778,45831,46480,199132131.8987
2021-08-11T16:00:00+00:00,1628697600000,46480,46611,46219,46471,125013897.3322
2021-08-11T20:00:00+00:00,1628712000000,46471,46691,45539,45546,209116885.5487
2021-08-12T00:00:00+00:00,1628726400000,45537,46236,45386,45936,137224252.5925
2021-08-12T04:00:00+00:00,1628740800000,45936,46018,44840,45266,128291015.4929
2021-08-12T08:00:00+00:00,1628755200000,45266,45680,44650,44770,61113955.7409
2021-08-12T12:00:00+00:00,1628769600000,44770,44959,43911,44213,75188519.8916
2021-08-12T16:00:00+00:00,1628784000000,44213,44533,43800,44397,57879638.3158
2021-08-12T20:00:00+00:00,1628798400000,44397,44560,43880,44417,42587025.1797
2021-08-13T00:00:00+00:00,1628812800000,44417,45390,44240,45185,44361502.2437
2021-08-13T04:00:00+00:00,1628827200000,45185,46390,44952,46128,56628182.7059
2021-08-13T08:00:00+00:00,1628841600000,46128,46588,45999,46167,53493545.8426
2021-08-13T12:00:00+00:00,1628856000000,46167,46712,46162,46385,54380247.9032
2021-08-13T16:00:00+00:00,1628870400000,46385,46661,46251,46487,46396797.7481
2021-08-13T20:00:00+00:00,1628884800000,46487,47944,46438,47850,97708816.3747
2021-08-14T00:00:00+00:00,1628899200000,47851,47877,47424,47580,38659417.3053
2021-08-14T04:00:00+00:00,1628913600000,47580,47770,47468,47645,18809172.6823
2021-08-14T08:00:00+00:00,1628928000000,47645,48211,46035,46596,107321348.5486
2021-08-14T12:00:00+00:00,1628942400000,46600,46980,46145,46978,46817061.0739
2021-08-14T16:00:00+00:00,1628956800000,46978,47408,46624,47073,31786853.4546
2021-08-14T20:00:00+00:00,1628971200000,47073,47271,46355,47114,34884771.7093
2021-08-15T00:00:00+00:00,1628985600000,47114,47411,46827,46901,24674812.1463
2021-08-15T04:00:00+00:00,1629000000000,46907,46917,45655,45763,50698883.8879
2021-08-15T08:00:00+00:00,1629014400000,45763,46183,45592,45956,58586514.2016
2021-08-15T12:00:00+00:00,1629028800000,45955,46541,45500,46205,70185070.1298
2021-08-15T16:00:00+00:00,1629043200000,46205,46464,45671,46382,48347115.6617
2021-08-15T20:00:00+00:00,1629057600000,46382,47345,46303,47012,61106235.4268
2021-08-16T00:00:00+00:00,1629072000000,47012,48080,46772,47380,79905333.4778
2021-08-16T04:00:00+00:00,1629086400000,47380,47749,47237,47343,32537718.7188
2021-08-16T08:00:00+00:00,1629100800000,47343,47698,47021,47555,56162945.6207
2021-08-16T12:00:00+00:00,1629115200000,47555,47733,45957,46356,86790787.4387
2021-08-16T16:00:00+00:00,1629129600000,46356,46680,46077,46096,43269819.7381
2021-08-16T20:00:00+00:00,1629144000000,46092,46354,45675,45917,60810742.474
2021-08-17T00:00:00+00:00,1629158400000,45917,46650,45255,46446,66270608.5042
2021-08-17T04:00:00+00:00,1629172800000,46446,46620,45631,45959,42804262.4631
2021-08-17T08:00:00+00:00,1629187200000,45959,47187,45886,46875,68826716.7096
2021-08-17T12:00:00+00:00,1629201600000,46875,47104,45654,45731,77170211.048
2021-08-17T16:00:00+00:00,1629216000000,45731,46190,45280,45477,117991802.9449
2021-08-17T20:00:00+00:00,1629230400000,45477,45549,44392,44683,121387252.0443
2021-08-18T00:00:00+00:00,1629244800000,44683,45151,44223,45085,98122776.5576
2021-08-18T04:00:00+00:00,1629259200000,45085,45511,44865,44963,50946472.5359
2021-08-18T08:00:00+00:00,1629273600000,44963,45585,44664,44764,67170251.0358
2021-08-18T12:00:00+00:00,1629288000000,44764,45865,44671,45849,73736692.3615
2021-08-18T16:00:00+00:00,1629302400000,45849,46035,44781,44923,76152067.147
2021-08-18T20:00:00+00:00,1629316800000,44915,45191,44412,44717,61323801.9613
2021-08-19T00:00:00+00:00,1629331200000,44717,45234,44030,44041,70900601.3058
2021-08-19T04:00:00+00:00,1629345600000,44041,44680,43933,44680,61458624.3847
2021-08-19T08:00:00+00:00,1629360000000,44681,44987,44203,44228,68586679.3612
2021-08-19T12:00:00+00:00,1629374400000,44228,45815,44144,45793,91566609.7801
2021-08-19T16:00:00+00:00,1629388800000,45795,46772,45431,46725,101000324.3388
2021-08-19T20:00:00+00:00,1629403200000,46725,47107,46348,46767,101454084.8372
2021-08-20T00:00:00+00:00,1629417600000,46767,47448,46642,47057,80607933.37
2021-08-20T04:00:00+00:00,1629432000000,47057,47252,46706,46851,58197604.436
2021-08-20T08:00:00+00:00,1629446400000,46851,47390,46738,46938,82191590.2731
2021-08-20T12:00:00+00:00,1629460800000,46938,48761,46897,48758,129207567.9794
2021-08-20T16:00:00+00:00,1629475200000,48758,49181,48312,48707,113107307.0602
2021-08-20T20:00:00+00:00,1629489600000,48704,49418,48632,49366,70112507.8418
2021-08-21T00:00:00+00:00,1629504000000,49366,49417,48722,48871,67214941.9242
2021-08-21T04:00:00+00:00,1629518400000,48871,49027,48592,48983,40897737.3343
2021-08-21T08:00:00+00:00,1629532800000,48983,49444,48277,48551,76166913.8378
2021-08-21T12:00:00+00:00,1629547200000,48550,49500,48488,49231,58430621.6597
2021-08-21T16:00:00+00:00,1629561600000,49231,49842,48811,49006,88102604.5393
2021-08-21T20:00:00+00:00,1629576000000,49006,49428,48828,48858,40664616.4954
2021-08-22T00:00:00+00:00,1629590400000,48858,49199,48636,48817,38858705.2689
2021-08-22T04:00:00+00:00,1629604800000,48817,49317,48814,49238,40130016.4487
2021-08-22T08:00:00+00:00,1629619200000,49238,49512,48954,49173,41648840.6377
2021-08-22T12:00:00+00:00,1629633600000,49173,49250,48072,48569,98743088.681
2021-08-22T16:00:00+00:00,1629648000000,48571,48860,48130,48691,40911983.0978
2021-08-22T20:00:00+00:00,1629662400000,48691,49548,48281,49281,54824775.8082
2021-08-23T00:00:00+00:00,1629676800000,49281,50388,49118,50307,142738565.8367
2021-08-23T04:00:00+00:00,1629691200000,50312,50466,50021,50176,99306026.1987
2021-08-23T08:00:00+00:00,1629705600000,50176,50549,50030,50443,82431748.0271
2021-08-23T12:00:00+00:00,1629720000000,50443,50506,49322,49552,143475099.353
2021-08-23T16:00:00+00:00,1629734400000,49552,49798,49091,49240,104960985.7637
2021-08-23T20:00:00+00:00,1629748800000,49240,49730,49028,49499,50885470.6359
2021-08-24T00:00:00+00:00,1629763200000,49499,49697,48777,49354,60492535.183
2021-08-24T04:00:00+00:00,1629777600000,49354,49876,49192,49795,45027745.6385
2021-08-24T08:00:00+00:00,1629792000000,49795,49873,49077,49456,50526392.8906
2021-08-24T12:00:00+00:00,1629806400000,49456,49472,48206,48307,133525312.7005
2021-08-24T16:00:00+00:00,1629820800000,48305,48407,47711,48234,139204132.7432
2021-08-24T20:00:00+00:00,1629835200000,48234,48400,47551,47677,65456149.9983
2021-08-25T00:00:00+00:00,1629849600000,47677,48290,47662,47983,63864685.837
2021-08-25T04:00:00+00:00,1629864000000,47984,48637,47894,48134,59509826.0958
2021-08-25T08:00:00+00:00,1629878400000,48134,48159,47124,47576,98779690.198
2021-08-25T12:00:00+00:00,1629892800000,47576,48861,47333,48822,97753233.5613
2021-08-25T16:00:00+00:00,1629907200000,48822,49171,48515,48673,70396290.6592
2021-08-25T20:00:00+00:00,1629921600000,48673,49250,48623,48996,51546473.2209
2021-08-26T00:00:00+00:00,1629936000000,48996,49367,47828,47911,80758413.5624
2021-08-26T04:00:00+00:00,1629950400000,47910,48056,46546,46905,160811101.9285
2021-08-26T08:00:00+00:00,1629964800000,46905,47205,46711,46844,81158515.2346
2021-08-26T12:00:00+00:00,1629979200000,46844,47439,46304,46800,145744997.9453
2021-08-26T16:00:00+00:00,1629993600000,46800,47120,46513,46934,71714708.9787
2021-08-26T20:00:00+00:00,1630008000000,46934,47452,46824,46847,48242771.7898
2021-08-27T00:00:00+00:00,1630022400000,46847,47672,46334,46828,125371293.8296
2021-08-27T04:00:00+00:00,1630036800000,46828,47552,46576,47480,84070616.6138
2021-08-27T08:00:00+00:00,1630051200000,47480,47798,47002,47474,66577045.8205
2021-08-27T12:00:00+00:00,1630065600000,47474,48456,47061,48210,128118882.831
2021-08-27T16:00:00+00:00,1630080000000,48210,48569,48007,48320,39115846.6076
2021-08-27T20:00:00+00:00,1630094400000,48320,49182,48190,49089,49753619.9245
2021-08-28T00:00:00+00:00,1630108800000,49090,49330,48863,48878,47886235.3528
2021-08-28T04:00:00+00:00,1630123200000,48878,49108,48667,48989,34249970.1802
2021-08-28T08:00:00+00:00,1630137600000,48989,49100,48667,48706,36567249.1242
2021-08-28T12:00:00+00:00,1630152000000,48706,48994,48371,48847,77921487.2268
2021-08-28T16:00:00+00:00,1630166400000,48847,49207,48527,48689,42391777.704
2021-08-28T20:00:00+00:00,1630180800000,48689,49017,48617,48937,22882114.9354
2021-08-29T00:00:00+00:00,1630195200000,48937,49680,48093,48249,93098212.5179
2021-08-29T04:00:00+00:00,1630209600000,48249,48616,47729,48516,59091470.4054
2021-08-29T08:00:00+00:00,1630224000000,48516,48682,48166,48182,42937274.1936
2021-08-29T12:00:00+00:00,1630238400000,48177,48575,48123,48514,43957665.1707
2021-08-29T16:00:00+00:00,1630252800000,48514,48911,48374,48835,38595949.0772
2021-08-29T20:00:00+00:00,1630267200000,48835,49429,48421,48794,59222435.7332
2021-08-30T00:00:00+00:00,1630281600000,48794,48905,47833,47994,51512479.0994
2021-08-30T04:00:00+00:00,1630296000000,47994,48155,47615,47969,58594429.8726
2021-08-30T08:00:00+00:00,1630310400000,47969,48251,47656,47937,45925825.0206
2021-08-30T12:00:00+00:00,1630324800000,47937,48115,47392,48047,65866438.675
2021-08-30T16:00:00+00:00,1630339200000,48047,48655,47993,48654,55452145.2611
2021-08-30T20:00:00+00:00,1630353600000,48654,48730,46863,46984,112546702.8213
2021-08-31T00:00:00+00:00,1630368000000,46983,47218,46695,47156,72731133.6181
2021-08-31T04:00:00+00:00,1630382400000,47155,47911,46837,47780,49512413.5029
2021-08-31T08:00:00+00:00,1630396800000,47780,48094,47161,48002,68868736.099
2021-08-31T12:00:00+00:00,1630411200000,48007,48269,47189,47413,73876909.524
2021-08-31T16:00:00+00:00,1630425600000,47413,47583,47016,47318,48967406.9012
2021-08-31T20:00:00+00:00,1630440000000,47318,47364,46757,47122,70185960.3268
2021-09-01T00:00:00+00:00,1630454400000,47121,47336,46521,47058,68531999.7009
2021-09-01T04:00:00+00:00,1630468800000,47058,47500,46990,47194,52282448.4349
2021-09-01T08:00:00+00:00,1630483200000,47194,47796,47129,47738,58506977.5524
2021-09-01T12:00:00+00:00,1630497600000,47738,47858,47294,47519,73517499.5453
2021-09-01T16:00:00+00:00,1630512000000,47519,49131,47428,48156,148650652.944
2021-09-01T20:00:00+00:00,1630526400000,48156,48898,48113,48846,83006097.6329
2021-09-02T00:00:00+00:00,1630540800000,48846,49921,48623,49596,118431160.9591
2021-09-02T04:00:00+00:00,1630555200000,49596,50407,49340,49882,142243369.7774
2021-09-02T08:00:00+00:00,1630569600000,49882,50220,49738,50103,73979661.1722
2021-09-02T12:00:00+00:00,1630584000000,50103,50388,49311,49567,127669748.752
2021-09-02T16:00:00+00:00,1630598400000,49567,49757,49198,49349,56987621.785
2021-09-02T20:00:00+00:00,1630612800000,49350,49867,49265,49273,83287662.2619
2021-09-03T00:00:00+00:00,1630627200000,49273,49530,48340,49510,77862630.9564
2021-09-03T04:00:00+00:00,1630641600000,49510,49751,49231,49304,70342416.561
2021-09-03T08:00:00+00:00,1630656000000,49304,50514,49273,50192,206881177.8037
2021-09-03T12:00:00+00:00,1630670400000,50192,51083,49920,50582,252384853.2251
2021-09-03T16:00:00+00:00,1630684800000,50582,50743,50258,50547,85163539.0643
2021-09-03T20:00:00+00:00,1630699200000,50547,50548,49571,50024,88580777.026
2021-09-04T00:00:00+00:00,1630713600000,50025,50364,49595,50296,55669803.6352
2021-09-04T04:00:00+00:00,1630728000000,50296,50486,50131,50214,43971806.2088
2021-09-04T08:00:00+00:00,1630742400000,50214,50564,49708,49923,67316224.0296
2021-09-04T12:00:00+00:00,1630756800000,49923,50341,49771,49899,70665674.3612
2021-09-04T16:00:00+00:00,1630771200000,49899,50063,49387,50003,75740776.5557
2021-09-04T20:00:00+00:00,1630785600000,50003,50306,49740,49936,46891059.1884
2021-09-05T00:00:00+00:00,1630800000000,49936,50360,49683,49692,63500370.0233
2021-09-05T04:00:00+00:00,1630814400000,49692,50071,49463,49878,42833304.2543
2021-09-05T08:00:00+00:00,1630828800000,49878,50422,49836,50219,66489120.638
2021-09-05T12:00:00+00:00,1630843200000,50219,50507,50041,50235,59523962.9931
2021-09-05T16:00:00+00:00,1630857600000,50235,50919,50143,50714,75529280.2855
2021-09-05T20:00:00+00:00,1630872000000,50715,51928,50677,51807,127476682.2713
2021-09-06T00:00:00+00:00,1630886400000,51807,51988,51500,51630,66783897.5522
2021-09-06T04:00:00+00:00,1630900800000,51630,52058,51587,51833,63645207.7599
2021-09-06T08:00:00+00:00,1630915200000,51833,52236,51286,51413,95942946.1968
2021-09-06T12:00:00+00:00,1630929600000,51413,51740,51044,51630,99369506.4501
2021-09-06T16:00:00+00:00,1630944000000,51630,52064,51492,51740,53248807.2118
2021-09-06T20:00:00+00:00,1630958400000,51740,52811,51664,52701,81554193.5825
2021-09-07T00:00:00+00:00,1630972800000,52701,52961,52411,52675,90297645.2517
2021-09-07T04:00:00+00:00,1630987200000,52675,52746,52075,52354,77394849.074
2021-09-07T08:00:00+00:00,1631001600000,52354,52371,50555,50944,176497658.7586
2021-09-07T12:00:00+00:00,1631016000000,50944,51114,42923,46707,360166676.776
2021-09-07T16:00:00+00:00,1631030400000,46699,47575,45885,46725,238263780.5816
2021-09-07T20:00:00+00:00,1631044800000,46713,47198,46101,46871,104016210.726
2021-09-08T00:00:00+00:00,1631059200000,46871,47361,46252,46467,84778204.9503
2021-09-08T04:00:00+00:00,1631073600000,46467,46832,45021,45087,194623905.3648
2021-09-08T08:00:00+00:00,1631088000000,45095,46785,44381,46411,150424577.3777
2021-09-08T12:00:00+00:00,1631102400000,46414,46833,45566,46084,125043533.5704
2021-09-08T16:00:00+00:00,1631116800000,46084,46537,45864,46454,90989047.0467
2021-09-08T20:00:00+00:00,1631131200000,46454,46788,45835,46059,79135366.2607
2021-09-09T00:00:00+00:00,1631145600000,46059,46366,45513,46001,99009239.7113
2021-09-09T04:00:00+00:00,1631160000000,46001,46354,45876,46276,44583491.6885
2021-09-09T08:00:00+00:00,1631174400000,46276,46542,45909,46312,81178522.0543
2021-09-09T12:00:00+00:00,1631188800000,46312,47242,45636,47003,147752821.1679
2021-09-09T16:00:00+00:00,1631203200000,47003,47404,46471,46575,87895086.6476
2021-09-09T20:00:00+00:00,1631217600000,46575,46644,46050,46392,70405214.9557
2021-09-10T00:00:00+00:00,1631232000000,46392,47039,46258,46724,43188669.3166
2021-09-10T04:00:00+00:00,1631246400000,46724,46820,45912,46114,39033354.9231
2021-09-10T08:00:00+00:00,1631260800000,46114,46396,45582,46336,59847054.8528
2021-09-10T12:00:00+00:00,1631275200000,46336,46498,44734,45422,156543885.1368
2021-09-10T16:00:00+00:00,1631289600000,45422,45821,45316,45648,36313275.1243
2021-09-10T20:00:00+00:00,1631304000000,45648,45825,44116,44859,95120422.8791
2021-09-11T00:00:00+00:00,1631318400000,44855,45501,44722,45184,58419685.5565
2021-09-11T04:00:00+00:00,1631332800000,45184,45456,44767,45041,45504062.5754
2021-09-11T08:00:00+00:00,1631347200000,45041,45721,44835,45564,42305709.5583
2021-09-11T12:00:00+00:00,1631361600000,45564,45793,45401,45586,35243902.5598
2021-09-11T16:00:00+00:00,1631376000000,45586,45994,45304,45368,35859408.1745
2021-09-11T20:00:00+00:00,1631390400000,45363,45453,44972,45170,29790275.9253
2021-09-12T00:00:00+00:00,1631404800000,45175,45345,44741,45327,27580295.0229
2021-09-12T04:00:00+00:00,1631419200000,45327,45500,45057,45367,21189840.9261
2021-09-12T08:00:00+00:00,1631433600000,45367,46211,45313,46100,59179412.149
2021-09-12T12:00:00+00:00,1631448000000,46100,46264,45750,45905,34300544.5697
2021-09-12T16:00:00+00:00,1631462400000,45897,46127,45765,45910,31651450.4993
2021-09-12T20:00:00+00:00,1631476800000,45910,46489,44911,46024,85834435.459
2021-09-13T00:00:00+00:00,1631491200000,46027,46289,44517,44607,79034187.3584
2021-09-13T04:00:00+00:00,1631505600000,44608,44976,44163,44489,79564706.7237
2021-09-13T08:00:00+00:00,1631520000000,44482,44930,44140,44874,88504523.5146
2021-09-13T12:00:00+00:00,1631534400000,44875,46918,43378,44377,266779582.7586
2021-09-13T16:00:00+00:00,1631548800000,44377,44826,44182,44757,45539334.6501
2021-09-13T20:00:00+00:00,1631563200000,44757,45530,44757,44965,47452492.1679
2021-09-14T00:00:00+00:00,1631577600000,44965,45376,44699,45202,46066083.2379
2021-09-14T04:00:00+00:00,1631592000000,45202,45900,45064,45731,50971748.226
2021-09-14T08:00:00+00:00,1631606400000,45738,46193,45699,45991,43905491.1632
2021-09-14T12:00:00+00:00,1631620800000,45991,46980,45763,46767,125546557.618
2021-09-14T16:00:00+00:00,1631635200000,46768,46880,46344,46496,50436843.7363
2021-09-14T20:00:00+00:00,1631649600000,46498,47272,46400,47145,95963455.8651
2021-09-15T00:00:00+00:00,1631664000000,47137,47447,46968,47092,127613582.0928
2021-09-15T04:00:00+00:00,1631678400000,47092,47220,46700,47190,45587796.5403
2021-09-15T08:00:00+00:00,1631692800000,47190,47730,47037,47575,67452370.1167
2021-09-15T12:00:00+00:00,1631707200000,47575,48311,47337,48311,110856009.4433
2021-09-15T16:00:00+00:00,1631721600000,48312,48455,47866,48091,73278610.2493
2021-09-15T20:00:00+00:00,1631736000000,48091,48461,47928,48143,54095586.3229
2021-09-16T00:00:00+00:00,1631750400000,48143,48211,47360,47627,62930242.2193
2021-09-16T04:00:00+00:00,1631764800000,47627,48521,47598,48363,67237834.8089
2021-09-16T08:00:00+00:00,1631779200000,48363,48370,47647,47926,45534828.2638
2021-09-16T12:00:00+00:00,1631793600000,47921,48240,47224,48040,99096745.9106
2021-09-16T16:00:00+00:00,1631808000000,48040,48176,47274,47443,63598752.9026
2021-09-16T20:00:00+00:00,1631822400000,47447,47955,47042,47758,59047261.2307
2021-09-17T00:00:00+00:00,1631836800000,47758,48112,47464,47914,61616710.097
2021-09-17T04:00:00+00:00,1631851200000,47914,48171,47666,47725,44111431.7712
2021-09-17T08:00:00+00:00,1631865600000,47725,47998,47292,47409,102495104.9754
2021-09-17T12:00:00+00:00,1631880000000,47409,47647,47138,47531,70811613.7009
2021-09-17T16:00:00+00:00,1631894400000,47532,47734,46752,47505,71410065.2859
2021-09-17T20:00:00+00:00,1631908800000,47503,47590,46781,47300,61999663.3885
2021-09-18T00:00:00+00:00,1631923200000,47304,48002,47042,47942,49123208.8877
2021-09-18T04:00:00+00:00,1631937600000,47942,48782,47924,48629,72191634.3489
2021-09-18T08:00:00+00:00,1631952000000,48629,48825,48330,48380,39842039.5262
2021-09-18T12:00:00+00:00,1631966400000,48381,48682,48251,48428,44015163.4905
2021-09-18T16:00:00+00:00,1631980800000,48428,48531,48062,48270,38300489.8245
2021-09-18T20:00:00+00:00,1631995200000,48270,48381,47810,48308,49667276.9638
2021-09-19T00:00:00+00:00,1632009600000,48308,48380,47601,47853,44077136.3001
2021-09-19T04:00:00+00:00,1632024000000,47853,48228,47771,48174,29700599.2667
2021-09-19T08:00:00+00:00,1632038400000,48174,48348,47163,47342,56767628.6929
2021-09-19T12:00:00+00:00,1632052800000,47342,47776,47066,47661,52186524.4625
2021-09-19T16:00:00+00:00,1632067200000,47659,47794,47307,47376,33084405.576
2021-09-19T20:00:00+00:00,1632081600000,47376,47672,46833,47253,57908689.5517
2021-09-20T00:00:00+00:00,1632096000000,47253,47345,45174,45529,177262450.5639
2021-09-20T04:00:00+00:00,1632110400000,45524,45833,44414,44808,109343543.7984
2021-09-20T08:00:00+00:00,1632124800000,44806,45268,43123,43706,236199839.3415
2021-09-20T12:00:00+00:00,1632139200000,43706,44151,42502,43840,273048449.2684
2021-09-20T16:00:00+00:00,1632153600000,43843,44254,42888,43847,146083584.5997
2021-09-20T20:00:00+00:00,1632168000000,43847,43956,42530,43010,110114346.0238
2021-09-21T00:00:00+00:00,1632182400000,43006,43088,40177,42685,298453677.7272
2021-09-21T04:00:00+00:00,1632196800000,42681,43329,42164,43294,100240226.8564
2021-09-21T08:00:00+00:00,1632211200000,43294,43643,43045,43285,91195084.6498
2021-09-21T12:00:00+00:00,1632225600000,43285,43552,42148,43074,129764899.8249
2021-09-21T16:00:00+00:00,1632240000000,43074,43263,41488,42000,164660932.2256
2021-09-21T20:00:00+00:00,1632254400000,42000,42311,39710,40721,359334302.6772
2021-09-22T00:00:00+00:00,1632268800000,40721,42417,40567,42060,177987539.1724
2021-09-22T04:00:00+00:00,1632283200000,42060,42770,41833,42551,77400163.883
2021-09-22T08:00:00+00:00,1632297600000,42551,42623,41850,41937,74570017.2591
2021-09-22T12:00:00+00:00,1632312000000,41937,43311,41889,43240,103763962.1822
2021-09-22T16:00:00+00:00,1632326400000,43240,44040,42896,43432,158562512.3029
2021-09-22T20:00:00+00:00,1632340800000,43432,43711,43032,43571,61530840.2847
2021-09-23T00:00:00+00:00,1632355200000,43571,44211,43091,44096,88300359.6146
2021-09-23T04:00:00+00:00,1632369600000,44096,44429,43737,44255,67629339.5155
2021-09-23T08:00:00+00:00,1632384000000,44255,44317,43375,43663,88682646.1389
2021-09-23T12:00:00+00:00,1632398400000,43663,44258,43411,43767,106679977.3602
2021-09-23T16:00:00+00:00,1632412800000,43767,44961,43602,44794,137390607.7865
2021-09-23T20:00:00+00:00,1632427200000,44794,45000,44370,44891,71499102.8697
2021-09-24T00:00:00+00:00,1632441600000,44891,45000,44222,44299,79130414.14
2021-09-24T04:00:00+00:00,1632456000000,44298,45186,43909,44859,123025639.2574
2021-09-24T08:00:00+00:00,1632470400000,44862,45084,40711,41541,369201742.2391
2021-09-24T12:00:00+00:00,1632484800000,41545,42699,40869,41981,245025391.4681
2021-09-24T16:00:00+00:00,1632499200000,41981,42561,41769,42391,109743822.2054
2021-09-24T20:00:00+00:00,1632513600000,42391,43248,42330,42839,85818989.3149
2021-09-25T00:00:00+00:00,1632528000000,42839,42976,42045,42635,50067539.6184
2021-09-25T04:00:00+00:00,1632542400000,42635,42902,42238,42395,51090582.0271
2021-09-25T08:00:00+00:00,1632556800000,42394,42995,41663,42509,95165375.1168
2021-09-25T12:00:00+00:00,1632571200000,42509,42789,42183,42696,54703140.512
2021-09-25T16:00:00+00:00,1632585600000,42696,42840,42361,42689,40759066.1953
2021-09-25T20:00:00+00:00,1632600000000,42689,42836,42398,42702,23016535.1488
2021-09-26T00:00:00+00:00,1632614400000,42702,42761,41937,42233,65025823.8551
2021-09-26T04:00:00+00:00,1632628800000,42233,42325,40784,41254,85790363.9031
2021-09-26T08:00:00+00:00,1632643200000,41254,43767,41079,43089,141809366.9363
2021-09-26T12:00:00+00:00,1632657600000,43089,43484,43089,43362,52392211.8696
2021-09-26T16:00:00+00:00,1632672000000,43362,43563,43095,43271,26410633.4434
2021-09-26T20:00:00+00:00,1632686400000,43274,43956,42701,43184,68917018.7675
2021-09-27T00:00:00+00:00,1632700800000,43184,44387,42959,44060,88010737.7819
2021-09-27T04:00:00+00:00,1632715200000,44059,44269,43683,43711,38733123.9259
2021-09-27T08:00:00+00:00,1632729600000,43711,44134,43411,43771,57763383.5107
2021-09-27T12:00:00+00:00,1632744000000,43771,44121,43056,43311,96616558.8584
2021-09-27T16:00:00+00:00,1632758400000,43311,43424,42857,43037,106586415.0085
2021-09-27T20:00:00+00:00,1632772800000,43037,43435,42097,42154,77351968.2201
2021-09-28T00:00:00+00:00,1632787200000,42153,42624,41947,42564,68619336.854
2021-09-28T04:00:00+00:00,1632801600000,42565,42777,41661,41773,77380697.9306
2021-09-28T08:00:00+00:00,1632816000000,41773,42161,41527,42101,66278694.5724
2021-09-28T12:00:00+00:00,1632830400000,42101,42572,41277,41452,139503913.3764
2021-09-28T16:00:00+00:00,1632844800000,41451,41765,41116,41593,47520789.0494
2021-09-28T20:00:00+00:00,1632859200000,41593,42018,40878,41020,46506958.4031
2021-09-29T00:00:00+00:00,1632873600000,41019,42258,40751,42201,103853297.4749
2021-09-29T04:00:00+00:00,1632888000000,42202,42500,41986,42458,56483390.9706
2021-09-29T08:00:00+00:00,1632902400000,42458,42500,42119,42404,47604224.6443
2021-09-29T12:00:00+00:00,1632916800000,42404,42601,41615,41689,90467114.5874
2021-09-29T16:00:00+00:00,1632931200000,41689,41813,41042,41196,70611242.6669
2021-09-29T20:00:00+00:00,1632945600000,41196,41560,40900,41521,37104906.8435
2021-09-30T00:00:00+00:00,1632960000000,41521,43732,41411,43605,106885332.2625
2021-09-30T04:00:00+00:00,1632974400000,43605,43838,43220,43290,44822640.434
2021-09-30T08:00:00+00:00,1632988800000,43290,43448,42646,43072,75803132.4463
2021-09-30T12:00:00+00:00,1633003200000,43072,43776,42831,43147,82235366.8004
2021-09-30T16:00:00+00:00,1633017600000,43147,44136,42829,43527,83188994.7149
2021-09-30T20:00:00+00:00,1633032000000,43527,43921,43114,43830,37137709.8181
2021-10-01T00:00:00+00:00,1633046400000,43830,44077,43286,43641,57771555.2967
2021-10-01T04:00:00+00:00,1633060800000,43641,44828,43469,44799,89462245.2132
2021-10-01T08:00:00+00:00,1633075200000,44799,47761,44734,47518,218347243.9761
2021-10-01T12:00:00+00:00,1633089600000,47518,47897,46785,47378,123353702.2269
2021-10-01T16:00:00+00:00,1633104000000,47381,48221,47268,48071,112219843.1236
2021-10-01T20:00:00+00:00,1633118400000,48070,48498,47769,48168,146348645.9437
2021-10-02T00:00:00+00:00,1633132800000,48168,48266,47465,47542,96587682.8628
2021-10-02T04:00:00+00:00,1633147200000,47542,47925,47459,47750,65248074.0846
2021-10-02T08:00:00+00:00,1633161600000,47750,47915,47521,47712,57581411.6961
2021-10-02T12:00:00+00:00,1633176000000,47712,48367,47649,47859,92327984.4102
2021-10-02T16:00:00+00:00,1633190400000,47859,48280,47682,48265,72206374.0844
2021-10-02T20:00:00+00:00,1633204800000,48265,48342,47578,47668,61827544.8254
2021-10-03T00:00:00+00:00,1633219200000,47668,48000,47108,47931,83280672.4877
2021-10-03T04:00:00+00:00,1633233600000,47931,48132,47827,47924,42838879.1826
2021-10-03T08:00:00+00:00,1633248000000,47924,48066,47661,48006,29469577.1174
2021-10-03T12:00:00+00:00,1633262400000,48006,48180,47831,47904,30734763.0692
2021-10-03T16:00:00+00:00,1633276800000,47904,49261,47852,48811,80499988.6068
2021-10-03T20:00:00+00:00,1633291200000,48811,48860,47650,48232,120874493.9712
2021-10-04T00:00:00+00:00,1633305600000,48232,48300,47372,47494,96661865.8946
2021-10-04T04:00:00+00:00,1633320000000,47494,47895,47265,47864,68834457.997
2021-10-04T08:00:00+00:00,1633334400000,47864,47975,47388,47599,47355452.7442
2021-10-04T12:00:00+00:00,1633348800000,47599,48493,46918,47789,132861657.6104
2021-10-04T16:00:00+00:00,1633363200000,47787,49537,47723,49390,237808119.2727
2021-10-04T20:00:00+00:00,1633377600000,49390,49487,48596,49239,98265773.9699
2021-10-05T00:00:00+00:00,1633392000000,49239,49800,49053,49321,85617423.1943
2021-10-05T04:00:00+00:00,1633406400000,49321,49718,49105,49494,47838705.5076
2021-10-05T08:00:00+00:00,1633420800000,49494,50411,49406,49901,139190111.0212
2021-10-05T12:00:00+00:00,1633435200000,49902,50401,49616,49808,84425895.3944
2021-10-05T16:00:00+00:00,1633449600000,49809,51447,49658,51200,118675042.4711
2021-10-05T20:00:00+00:00,1633464000000,51200,51920,51141,51495,168538671.8207
2021-10-06T00:00:00+00:00,1633478400000,51496,51639,50945,51550,85585012.2425
2021-10-06T04:00:00+00:00,1633492800000,51549,51850,51223,51476,93088748.441
2021-10-06T08:00:00+00:00,1633507200000,51476,51527,50415,51348,160052522.6195
2021-10-06T12:00:00+00:00,1633521600000,51347,55541,51298,55000,458427842.3378
2021-10-06T16:00:00+00:00,1633536000000,55000,55123,54488,55080,175989222.7933
2021-10-06T20:00:00+00:00,1633550400000,55080,55781,54842,55341,151522911.2565
2021-10-07T00:00:00+00:00,1633564800000,55341,55352,54142,54833,166981441.0206
2021-10-07T04:00:00+00:00,1633579200000,54833,55251,54297,54798,102091855.2952
2021-10-07T08:00:00+00:00,1633593600000,54798,54812,53840,54345,176121008.394
2021-10-07T12:00:00+00:00,1633608000000,54344,54731,53395,53937,172443372.5165
2021-10-07T16:00:00+00:00,1633622400000,53937,54349,53447,53992,89596627.4136
2021-10-07T20:00:00+00:00,1633636800000,53992,54649,53632,53815,97445439.8063
2021-10-08T00:00:00+00:00,1633651200000,53815,54443,53725,53843,48601307.8207
2021-10-08T04:00:00+00:00,1633665600000,53843,54991,53651,54849,71963819.7113
2021-10-08T08:00:00+00:00,1633680000000,54849,56131,54785,55273,131027730.3889
2021-10-08T12:00:00+00:00,1633694400000,55273,55326,54000,54339,127627046.1341
2021-10-08T16:00:00+00:00,1633708800000,54338,54700,54053,54696,89367379.1511
2021-10-08T20:00:00+00:00,1633723200000,54696,54778,53787,53962,84460024.7473
2021-10-09T00:00:00+00:00,1633737600000,53962,54700,53682,54577,55139190.9893
2021-10-09T04:00:00+00:00,1633752000000,54577,55097,54413,54938,57916565.3252
2021-10-09T08:00:00+00:00,1633766400000,54938,55328,54508,54805,73583744.1339
2021-10-09T12:00:00+00:00,1633780800000,54807,55500,54805,54986,64033938.823
2021-10-09T16:00:00+00:00,1633795200000,54986,55138,54604,54661,48391140.6296
2021-10-09T20:00:00+00:00,1633809600000,54661,55172,54344,54963,38994574.8429
2021-10-10T00:00:00+00:00,1633824000000,54963,55200,54102,55058,66562128.4741
2021-10-10T04:00:00+00:00,1633838400000,55058,56081,54865,55683,101202430.0827
2021-10-10T08:00:00+00:00,1633852800000,55683,55929,54722,55174,60264189.579
2021-10-10T12:00:00+00:00,1633867200000,55174,55555,54661,55395,68311127.5138
2021-10-10T16:00:00+00:00,1633881600000,55395,55549,55010,55493,61770840.1414
2021-10-10T20:00:00+00:00,1633896000000,55493,56530,54346,54688,167830952.9724
2021-10-11T00:00:00+00:00,1633910400000,54684,56821,54455,56549,136826498.1378
2021-10-11T04:00:00+00:00,1633924800000,56550,57089,56183,56814,83366421.546
2021-10-11T08:00:00+00:00,1633939200000,56814,56891,55901,56418,98968284.2071
2021-10-11T12:00:00+00:00,1633953600000,56418,57680,56129,57511,133977603.7644
2021-10-11T16:00:00+00:00,1633968000000,57511,57850,57196,57501,114720103.394
2021-10-11T20:00:00+00:00,1633982400000,57501,57523,56806,57492,128210122.377
2021-10-12T00:00:00+00:00,1633996800000,57492,57493,56424,56720,99401528.6506
2021-10-12T04:00:00+00:00,1634011200000,56720,57684,56577,57360,97853261.6905
2021-10-12T08:00:00+00:00,1634025600000,57360,57630,56698,57263,108143226.5803
2021-10-12T12:00:00+00:00,1634040000000,57263,57458,56038,56328,170134432.7432
2021-10-12T16:00:00+00:00,1634054400000,56328,56380,55188,55334,132469364.3561
2021-10-12T20:00:00+00:00,1634068800000,55334,56531,53900,56004,185665695.6275
2021-10-13T00:00:00+00:00,1634083200000,56004,56600,55828,56285,55738691.5051
2021-10-13T04:00:00+00:00,1634097600000,56285,56370,54563,54614,172184137.5439
2021-10-13T08:00:00+00:00,1634112000000,54614,55301,54233,55213,146000955.3225
2021-10-13T12:00:00+00:00,1634126400000,55213,56432,54516,56171,173605116.2488
2021-10-13T16:00:00+00:00,1634140800000,56171,57309,56080,57285,176892933.9733
2021-10-13T20:00:00+00:00,1634155200000,57285,57790,56646,57382,123576562.0035
2021-10-14T00:00:00+00:00,1634169600000,57382,58549,57161,58081,175544492.9886
2021-10-14T04:00:00+00:00,1634184000000,58081,58175,57352,57387,70392897.0038
2021-10-14T08:00:00+00:00,1634198400000,57387,58171,57222,57643,59559831.6274
2021-10-14T12:00:00+00:00,1634212800000,57646,57902,56997,57349,123700789.7558
2021-10-14T16:00:00+00:00,1634227200000,57349,58157,56709,57850,158341356.9525
2021-10-14T20:00:00+00:00,1634241600000,57850,57881,57228,57360,49693704.2463
2021-10-15T00:00:00+00:00,1634256000000,57360,59478,56869,59442,198059700.6352
2021-10-15T04:00:00+00:00,1634270400000,59442,60080,59161,59236,171663949.9154
2021-10-15T08:00:00+00:00,1634284800000,59236,59549,58766,59541,116989312.6752
2021-10-15T12:00:00+00:00,1634299200000,59541,60391,59220,60035,167728018.2836
2021-10-15T16:00:00+00:00,1634313600000,60033,61868,59991,61434,212828250.2432
2021-10-15T20:00:00+00:00,1634328000000,61434,62891,60782,61700,196566244.0992
2021-10-16T00:00:00+00:00,1634342400000,61700,61781,61117,61646,66009235.5857
2021-10-16T04:00:00+00:00,1634356800000,61646,62359,61534,61758,103801272.6164
2021-10-16T08:00:00+00:00,1634371200000,61758,62050,61318,61602,71139878.7913
2021-10-16T12:00:00+00:00,1634385600000,61602,61602,60461,60942,115498930.3836
2021-10-16T16:00:00+00:00,1634400000000,60944,61224,60109,60836,77164565.832
2021-10-16T20:00:00+00:00,1634414400000,60836,61291,60502,60878,60201587.7295
2021-10-17T00:00:00+00:00,1634428800000,60878,61371,60472,61123,59847685.5681
2021-10-17T04:00:00+00:00,1634443200000,61123,61244,60310,60341,40008755.2688
2021-10-17T08:00:00+00:00,1634457600000,60341,61466,60331,60964,67081845.0418
2021-10-17T12:00:00+00:00,1634472000000,60964,61271,60480,60767,76839385.7577
2021-10-17T16:00:00+00:00,1634486400000,60767,61071,60381,60509,43448926.4189
2021-10-17T20:00:00+00:00,1634500800000,60509,61727,58974,61533,211466757.4038
2021-10-18T00:00:00+00:00,1634515200000,61533,62557,61421,62114,92728335.0031
2021-10-18T04:00:00+00:00,1634529600000,62114,62703,61754,61873,91270078.8312
2021-10-18T08:00:00+00:00,1634544000000,61873,62456,60504,60915,168450767.3834
2021-10-18T12:00:00+00:00,1634558400000,60915,62217,59882,62000,192822256.0476
2021-10-18T16:00:00+00:00,1634572800000,62000,62381,61006,61428,116033661.4787
2021-10-18T20:00:00+00:00,1634587200000,61428,62116,61104,62026,116200465.4463
2021-10-19T00:00:00+00:00,1634601600000,62026,63025,61631,62595,151554866.9737
2021-10-19T04:00:00+00:00,1634616000000,62603,62821,62000,62291,56787501.5868
2021-10-19T08:00:00+00:00,1634630400000,62291,62562,61741,62142,69596126.8681
2021-10-19T12:00:00+00:00,1634644800000,62142,63311,61210,62404,229550518.4992
2021-10-19T16:00:00+00:00,1634659200000,62404,64312,62329,64193,143587785.4605
2021-10-19T20:00:00+00:00,1634673600000,64193,64511,63686,64312,103519457.5405
2021-10-20T00:00:00+00:00,1634688000000,64312,64388,63732,63860,76367499.317
2021-10-20T04:00:00+00:00,1634702400000,63860,64180,63503,64012,65775170.2522
2021-10-20T08:00:00+00:00,1634716800000,64012,64259,63737,63812,71713858.0246
2021-10-20T12:00:00+00:00,1634731200000,63812,67082,63782,66897,323900814.1573
2021-10-20T16:00:00+00:00,1634745600000,66897,66961,66137,66405,129831474.2841
2021-10-20T20:00:00+00:00,1634760000000,66405,66447,65451,66022,99961407.6898
2021-10-21T00:00:00+00:00,1634774400000,66022,66057,64100,65088,253775736.6317
2021-10-21T04:00:00+00:00,1634788800000,65088,65275,64132,65118,120401501.1852
2021-10-21T08:00:00+00:00,1634803200000,65118,66660,58555,64822,221036210.9946
2021-10-21T12:00:00+00:00,1634817600000,64811,65607,61543,62981,274966503.8437
2021-10-21T16:00:00+00:00,1634832000000,62982,63649,62421,62819,137733540.3303
2021-10-21T20:00:00+00:00,1634846400000,62819,63111,62021,62212,116646327.3065
2021-10-22T00:00:00+00:00,1634860800000,62212,63342,62008,63244,96699813.3654
2021-10-22T04:00:00+00:00,1634875200000,63251,63411,62507,63404,75792311.6335
2021-10-22T08:00:00+00:00,1634889600000,63404,63760,62898,63384,64200044.0842
2021-10-22T12:00:00+00:00,1634904000000,63384,63720,60500,60668,225134026.6454
2021-10-22T16:00:00+00:00,1634918400000,60668,61379,60000,61011,174057985.8112
2021-10-22T20:00:00+00:00,1634932800000,61011,61206,60111,60680,59351997.0597
2021-10-23T00:00:00+00:00,1634947200000,60680,61239,60324,61221,43946722.6437
2021-10-23T04:00:00+00:00,1634961600000,61221,61543,60692,60875,44513201.9746
2021-10-23T08:00:00+00:00,1634976000000,60875,61689,59592,61546,109644776.4559
2021-10-23T12:00:00+00:00,1634990400000,61546,61733,60711,61450,54030892.585
2021-10-23T16:00:00+00:00,1635004800000,61450,61624,60911,61014,34902929.0664
2021-10-23T20:00:00+00:00,1635019200000,61014,61440,60816,61292,32750671.8645
2021-10-24T00:00:00+00:00,1635033600000,61292,61486,60813,61220,29177549.865
2021-10-24T04:00:00+00:00,1635048000000,61220,61240,60568,60700,39205889.6611
2021-10-24T08:00:00+00:00,1635062400000,60700,61288,60140,60255,75977956.4134
2021-10-24T12:00:00+00:00,1635076800000,60247,60811,59634,59870,141377652.1692
2021-10-24T16:00:00+00:00,1635091200000,59870,60739,59481,60645,74468251.5855
2021-10-24T20:00:00+00:00,1635105600000,60645,61350,60582,60858,44553932.6294
2021-10-25T00:00:00+00:00,1635120000000,60858,62231,60648,62092,89259331.6078
2021-10-25T04:00:00+00:00,1635134400000,62092,62900,61800,62661,76986383.7402
2021-10-25T08:00:00+00:00,1635148800000,62661,63179,62480,62754,69010754.3106
2021-10-25T12:00:00+00:00,1635163200000,62754,63648,62605,63613,95306767.633
2021-10-25T16:00:00+00:00,1635177600000,63613,63733,62651,62667,106552316.1419
2021-10-25T20:00:00+00:00,1635192000000,62667,63322,62524,63086,50881544.8191
2021-10-26T00:00:00+00:00,1635206400000,63086,63294,62618,62745,38223317.2693
2021-10-26T04:00:00+00:00,1635220800000,62745,62800,62159,62438,49215923.6781
2021-10-26T08:00:00+00:00,1635235200000,62438,63108,62426,62748,57646516.7259
2021-10-26T12:00:00+00:00,1635249600000,62748,62868,61810,62504,111961311.8013
2021-10-26T16:00:00+00:00,1635264000000,62504,62727,61825,61989,83212926.6738
2021-10-26T20:00:00+00:00,1635278400000,61989,62300,59811,60312,179509630.5535
2021-10-27T00:00:00+00:00,1635292800000,60318,60846,60139,60715,99412004.8859
2021-10-27T04:00:00+00:00,1635307200000,60715,61500,59924,59961,141791570.7825
2021-10-27T08:00:00+00:00,1635321600000,59961,59965,58000,58562,258327185.0035
2021-10-27T12:00:00+00:00,1635336000000,58562,59494,58213,58841,129637199.9859
2021-10-27T16:00:00+00:00,1635350400000,58841,59205,58201,59134,193348619.5796
2021-10-27T20:00:00+00:00,1635364800000,59134,59710,58428,58449,130689139.0672
2021-10-28T00:00:00+00:00,1635379200000,58449,59197,58121,58874,80013017.8711
2021-10-28T04:00:00+00:00,1635393600000,58874,59246,58714,59015,96752308.2416
2021-10-28T08:00:00+00:00,1635408000000,59015,61300,59011,60991,151027004.1456
2021-10-28T12:00:00+00:00,1635422400000,60991,61842,60895,61172,122423188.6649
2021-10-28T16:00:00+00:00,1635436800000,61172,61522,57556,61329,322267871.4588
2021-10-28T20:00:00+00:00,1635451200000,61311,62567,60349,60613,154072200.7415
2021-10-29T00:00:00+00:00,1635465600000,60613,62085,60171,61671,102291987.4836
2021-10-29T04:00:00+00:00,1635480000000,61671,61727,60369,60558,166529781.1759
2021-10-29T08:00:00+00:00,1635494400000,60558,61365,60403,60952,145661297.4514
2021-10-29T12:00:00+00:00,1635508800000,60952,62561,60725,62327,182602774.7825
2021-10-29T16:00:00+00:00,1635523200000,62324,62994,61872,62558,114587248.731
2021-10-29T20:00:00+00:00,1635537600000,62558,62766,62070,62256,47445251.5851
2021-10-30T00:00:00+00:00,1635552000000,62256,62381,61622,61686,47199385.5149
2021-10-30T04:00:00+00:00,1635566400000,61686,61919,61300,61608,39007226.0137
2021-10-30T08:00:00+00:00,1635580800000,61608,62010,61071,61624,52315248.3509
2021-10-30T12:00:00+00:00,1635595200000,61624,62301,60690,61397,98779427.0937
2021-10-30T16:00:00+00:00,1635609600000,61397,61826,61105,61759,37616361.9981
2021-10-30T20:00:00+00:00,1635624000000,61759,61990,61223,61897,45723313.343
2021-10-31T00:00:00+00:00,1635638400000,61897,62431,61635,61753,49668423.0046
2021-10-31T04:00:00+00:00,1635652800000,61753,61797,61097,61388,50584881.4425
2021-10-31T08:00:00+00:00,1635667200000,61390,61405,60300,60480,107819733.3109
2021-10-31T12:00:00+00:00,1635681600000,60480,60833,60000,60510,108541054.1586
2021-10-31T16:00:00+00:00,1635696000000,60510,60962,60239,60744,39264156.2862
2021-10-31T20:00:00+00:00,1635710400000,60744,61664,60563,61339,63883817.384
2021-11-01T00:00:00+00:00,1635724800000,61339,61803,59710,59966,101924383.8493
2021-11-01T04:00:00+00:00,1635739200000,59964,62350,59345,62226,145984019.5676
2021-11-01T08:00:00+00:00,1635753600000,62226,62500,61711,61857,107430802.1743
2021-11-01T12:00:00+00:00,1635768000000,61857,62224,61336,61600,101945187.403
2021-11-01T16:00:00+00:00,1635782400000,61600,61601,60351,61488,114143328.5254
2021-11-01T20:00:00+00:00,1635796800000,61488,61493,60455,60936,59995851.3777
2021-11-02T00:00:00+00:00,1635811200000,60936,61606,60634,61128,64334645.4339
2021-11-02T04:00:00+00:00,1635825600000,61126,61889,61114,61571,64153382.6207
2021-11-02T08:00:00+00:00,1635840000000,61598,63647,61425,62976,155659922.1412
2021-11-02T12:00:00+00:00,1635854400000,62977,64303,62976,64059,163596001.9006
2021-11-02T16:00:00+00:00,1635868800000,64062,64303,63266,63633,94940758.7478
2021-11-02T20:00:00+00:00,1635883200000,63633,63651,62661,63278,96166261.86
2021-11-03T00:00:00+00:00,1635897600000,63278,63574,62789,63266,62551883.1559
2021-11-03T04:00:00+00:00,1635912000000,63265,63556,62776,63444,54937653.5928
2021-11-03T08:00:00+00:00,1635926400000,63444,63462,62921,63168,47920227.5333
2021-11-03T12:00:00+00:00,1635940800000,63168,63194,61631,62238,131260286.6344
2021-11-03T16:00:00+00:00,1635955200000,62238,63422,60250,62861,309763233.034
2021-11-03T20:00:00+00:00,1635969600000,62861,63251,62758,62932,73258792.9534
2021-11-04T00:00:00+00:00,1635984000000,62932,63121,62232,62456,60910865.7119
2021-11-04T04:00:00+00:00,1635998400000,62456,62851,61856,61874,71057378.4843
2021-11-04T08:00:00+00:00,1636012800000,61881,62330,61300,61495,130488761.521
2021-11-04T12:00:00+00:00,1636027200000,61495,62434,60826,61076,134300721.9649
2021-11-04T16:00:00+00:00,1636041600000,61075,61400,60730,61277,101031408.4241
2021-11-04T20:00:00+00:00,1636056000000,61277,61563,61044,61437,64392041.9473
2021-11-05T00:00:00+00:00,1636070400000,61437,62374,60856,62252,66960208.6435
2021-11-05T04:00:00+00:00,1636084800000,62252,62647,61938,62164,70602299.7143
2021-11-05T08:00:00+00:00,1636099200000,62164,62278,61232,61301,81855410.3405
2021-11-05T12:00:00+00:00,1636113600000,61301,61963,60800,60832,85145185.2908
2021-11-05T16:00:00+00:00,1636128000000,60832,61441,60781,61146,61837718.9757
2021-11-05T20:00:00+00:00,1636142400000,61146,61375,60780,61021,38216982.305
2021-11-06T00:00:00+00:00,1636156800000,61021,61346,60857,61170,34928319.5697
2021-11-06T04:00:00+00:00,1636171200000,61170,61606,60555,60834,55519881.9882
2021-11-06T08:00:00+00:00,1636185600000,60834,61453,60123,60371,81239330.4169
2021-11-06T12:00:00+00:00,1636200000000,60371,60796,60111,60693,65200480.9172
2021-11-06T16:00:00+00:00,1636214400000,60693,61235,60456,61224,34475786.059
2021-11-06T20:00:00+00:00,1636228800000,61224,61558,61159,61529,34680405.5944
2021-11-07T00:00:00+00:00,1636243200000,61529,62382,61391,62203,63379953.615
2021-11-07T04:00:00+00:00,1636257600000,62203,62345,61761,61808,28004824.082
2021-11-07T08:00:00+00:00,1636272000000,61808,62450,61532,61951,45557619.3862
2021-11-07T12:00:00+00:00,1636286400000,61951,62199,61744,61995,36150366.347
2021-11-07T16:00:00+00:00,1636300800000,61995,62563,61994,62319,37828954.3523
2021-11-07T20:00:00+00:00,1636315200000,62319,63350,62207,63337,80197052.8022
2021-11-08T00:00:00+00:00,1636329600000,63337,65726,63337,65273,212300720.6546
2021-11-08T04:00:00+00:00,1636344000000,65273,66429,65128,66010,117505705.6775
2021-11-08T08:00:00+00:00,1636358400000,66010,66470,65697,66085,110790689.4727
2021-11-08T12:00:00+00:00,1636372800000,66085,66562,65226,66428,97265679.899
2021-11-08T16:00:00+00:00,1636387200000,66428,66600,65750,65842,48218362.1781
2021-11-08T20:00:00+00:00,1636401600000,65842,67887,65606,67583,119215288.5618
2021-11-09T00:00:00+00:00,1636416000000,67583,68672,67130,68527,100895758.9695
2021-11-09T04:00:00+00:00,1636430400000,68527,68550,67693,67899,78461141.0363
2021-11-09T08:00:00+00:00,1636444800000,67899,68289,67366,67637,76801399.6789
2021-11-09T12:00:00+00:00,1636459200000,67637,68140,66646,66799,151520983.7694
2021-11-09T16:00:00+00:00,1636473600000,66799,67261,66211,66836,109028934.8059
2021-11-09T20:00:00+00:00,1636488000000,66836,67815,66684,66965,93428593.3491
2021-11-10T00:00:00+00:00,1636502400000,66967,67393,66373,66471,106949296.3666
2021-11-10T04:00:00+00:00,1636516800000,66471,66738,66225,66436,83528654.3493
2021-11-10T08:00:00+00:00,1636531200000,66436,67109,66375,66540,65727060.1807
2021-11-10T12:00:00+00:00,1636545600000,66540,69081,65945,68353,192007624.5805
2021-11-10T16:00:00+00:00,1636560000000,68353,68800,66530,66641,136930892.9001
2021-11-10T20:00:00+00:00,1636574400000,66641,67058,62782,64915,360859585.7017
2021-11-11T00:00:00+00:00,1636588800000,64899,65114,64128,64776,122632705.6136
2021-11-11T04:00:00+00:00,1636603200000,64776,65410,64389,65257,79617114.4435
2021-11-11T08:00:00+00:00,1636617600000,65260,65610,64613,65284,83135998.6157
2021-11-11T12:00:00+00:00,1636632000000,65284,65500,64425,64829,99587536.0416
2021-11-11T16:00:00+00:00,1636646400000,64826,65295,64606,65162,104231465.5599
2021-11-11T20:00:00+00:00,1636660800000,65162,65335,64747,64804,58055053.3419
2021-11-12T00:00:00+00:00,1636675200000,64801,65471,64067,64850,89313338.7651
2021-11-12T04:00:00+00:00,1636689600000,64850,65086,64211,64500,54914196.8886
2021-11-12T08:00:00+00:00,1636704000000,64500,64959,63514,63757,141496991.8674
2021-11-12T12:00:00+00:00,1636718400000,63757,64236,62866,63170,132826012.3888
2021-11-12T16:00:00+00:00,1636732800000,63171,64120,62298,63864,144696505.8566
2021-11-12T20:00:00+00:00,1636747200000,63864,64514,63735,64137,65190332.7895
2021-11-13T00:00:00+00:00,1636761600000,64137,64458,63598,63788,50849601.372
2021-11-13T04:00:00+00:00,1636776000000,63788,64131,63511,64041,39663328.0775
2021-11-13T08:00:00+00:00,1636790400000,64041,64091,63381,63562,48194773.8179
2021-11-13T12:00:00+00:00,1636804800000,63562,64828,63436,64708,100779050.6512
2021-11-13T16:00:00+00:00,1636819200000,64708,64994,63816,63937,107855075.1928
2021-11-13T20:00:00+00:00,1636833600000,63937,64564,63931,64390,49937019.3985
2021-11-14T00:00:00+00:00,1636848000000,64390,65342,64390,64658,66701715.0251
2021-11-14T04:00:00+00:00,1636862400000,64658,65197,64458,64633,55822442.5361
2021-11-14T08:00:00+00:00,1636876800000,64633,64822,64063,64466,87378006.5318
2021-11-14T12:00:00+00:00,1636891200000,64466,64806,64011,64099,93450035.3216
2021-11-14T16:00:00+00:00,1636905600000,64099,64436,63582,64180,101616190.2847
2021-11-14T20:00:00+00:00,1636920000000,64180,65541,64051,65527,85641270.4502
2021-11-15T00:00:00+00:00,1636934400000,65527,66221,65527,65735,81302439.214
2021-11-15T04:00:00+00:00,1636948800000,65735,65927,65531,65607,45025850.2207
2021-11-15T08:00:00+00:00,1636963200000,65607,66381,65267,65757,111550592.5655
2021-11-15T12:00:00+00:00,1636977600000,65757,65981,64232,64291,155464781.2044
2021-11-15T16:00:00+00:00,1636992000000,64291,64435,63625,64261,124947749.2684
2021-11-15T20:00:00+00:00,1637006400000,64261,64261,63363,63616,110964912.1205
2021-11-16T00:00:00+00:00,1637020800000,63615,63616,60475,60948,358659410.1372
2021-11-16T04:00:00+00:00,1637035200000,60948,61555,60328,60821,205801778.5533
2021-11-16T08:00:00+00:00,1637049600000,60821,61293,58500,60606,295131963.7588
2021-11-16T12:00:00+00:00,1637064000000,60606,61428,60054,60716,163440222.7486
2021-11-16T16:00:00+00:00,1637078400000,60716,60942,59786,60233,124165320.5036
2021-11-16T20:00:00+00:00,1637092800000,60233,61178,59128,60096,213331083.908
2021-11-17T00:00:00+00:00,1637107200000,60096,60447,58541,59067,224625607.2035
2021-11-17T04:00:00+00:00,1637121600000,59067,60168,58620,59726,87707213.8056
2021-11-17T08:00:00+00:00,1637136000000,59726,60848,58250,60800,150472042.0435
2021-11-17T12:00:00+00:00,1637150400000,60800,60848,59375,59687,82737471.3969
2021-11-17T16:00:00+00:00,1637164800000,59687,60695,59436,60245,68597673.7312
2021-11-17T20:00:00+00:00,1637179200000,60246,60617,59693,60368,54929967.479
2021-11-18T00:00:00+00:00,1637193600000,60368,60979,59888,59892,100011631.9575
2021-11-18T04:00:00+00:00,1637208000000,59892,60117,59540,59776,73120005.8604
2021-11-18T08:00:00+00:00,1637222400000,59776,59998,59003,59240,96216928.9953
2021-11-18T12:00:00+00:00,1637236800000,59240,59959,57550,58117,243976214.5214
2021-11-18T16:00:00+00:00,1637251200000,58117,58501,56601,57956,328918793.8877
2021-11-18T20:00:00+00:00,1637265600000,57956,58520,56498,56911,165873376.4715
2021-11-19T00:00:00+00:00,1637280000000,56911,57516,55623,55900,222278691.1058
2021-11-19T04:00:00+00:00,1637294400000,55900,56516,55812,56040,84146051.7137
2021-11-19T08:00:00+00:00,1637308800000,56038,57500,56008,57020,99358611.5079
2021-11-19T12:00:00+00:00,1637323200000,57020,58201,56745,57929,146320041.5105
2021-11-19T16:00:00+00:00,1637337600000,57929,58367,57703,58096,116939330.3598
2021-11-19T20:00:00+00:00,1637352000000,58096,58176,57583,58117,77495093.7484
2021-11-20T00:00:00+00:00,1637366400000,58117,59000,58001,58563,98731841.0028
2021-11-20T04:00:00+00:00,1637380800000,58563,58856,58312,58422,45329028.2975
2021-11-20T08:00:00+00:00,1637395200000,58423,58800,58375,58670,39186895.5111
2021-11-20T12:00:00+00:00,1637409600000,58670,58856,57555,57658,66090204.5298
2021-11-20T16:00:00+00:00,1637424000000,57658,59669,57421,59480,100956911.578
2021-11-20T20:00:00+00:00,1637438400000,59480,59887,59352,59744,52052081.7068
2021-11-21T00:00:00+00:00,1637452800000,59744,59800,58607,58718,66460632.9828
2021-11-21T04:00:00+00:00,1637467200000,58718,59273,58607,59030,48318810.676
2021-11-21T08:00:00+00:00,1637481600000,59030,59380,58545,58748,69513105.9898
2021-11-21T12:00:00+00:00,1637496000000,58748,59324,58708,59258,62901571.9929
2021-11-21T16:00:00+00:00,1637510400000,59258,60067,59183,59373,77011242.0544
2021-11-21T20:00:00+00:00,1637524800000,59373,59734,58575,58671,67034639.1998
2021-11-22T00:00:00+00:00,1637539200000,58671,58793,57051,57414,148920274.0506
2021-11-22T04:00:00+00:00,1637553600000,57414,57811,56811,57297,93478617.8928
2021-11-22T08:00:00+00:00,1637568000000,57297,57866,57004,57221,75309404.5871
2021-11-22T12:00:00+00:00,1637582400000,57221,59588,56606,58223,221418786.4007
2021-11-22T16:00:00+00:00,1637596800000,58223,58273,55823,56008,199137658.1008
2021-11-22T20:00:00+00:00,1637611200000,56008,56736,55629,56271,154759461.9443
2021-11-23T00:00:00+00:00,1637625600000,56271,57269,56003,56962,139585474.9033
2021-11-23T04:00:00+00:00,1637640000000,56962,57046,55850,56019,101549017.4503
2021-11-23T08:00:00+00:00,1637654400000,56017,57700,55285,56140,249040787.3685
2021-11-23T12:00:00+00:00,1637668800000,56140,57761,56104,56899,173312553.2679
2021-11-23T16:00:00+00:00,1637683200000,56899,57868,56898,57801,126263382.3502
2021-11-23T20:00:00+00:00,1637697600000,57801,57884,57394,57558,71917580.0757
2021-11-24T00:00:00+00:00,1637712000000,57558,57763,56120,56412,134858270.4873
2021-11-24T04:00:00+00:00,1637726400000,56412,56792,56233,56521,85282402.0181
2021-11-24T08:00:00+00:00,1637740800000,56521,57494,56329,56630,136923796.5762
2021-11-24T12:00:00+00:00,1637755200000,56630,57192,55896,56754,140888875.0686
2021-11-24T16:00:00+00:00,1637769600000,56754,57145,56504,56843,69044526.2505
2021-11-24T20:00:00+00:00,1637784000000,56842,57500,56741,57152,84771776.3442
2021-11-25T00:00:00+00:00,1637798400000,57152,58307,57129,57775,150140112.2153
2021-11-25T04:00:00+00:00,1637812800000,57775,57866,57000,57688,74280224.9678
2021-11-25T08:00:00+00:00,1637827200000,57688,58506,57385,58053,97585962.1333
2021-11-25T12:00:00+00:00,1637841600000,58053,59185,57956,59092,103773730.1109
2021-11-25T16:00:00+00:00,1637856000000,59092,59444,58741,58903,75568534.5141
2021-11-25T20:00:00+00:00,1637870400000,58903,59371,58580,58982,63107320.0586
2021-11-26T00:00:00+00:00,1637884800000,58985,59198,57912,57949,90223663.1402
2021-11-26T04:00:00+00:00,1637899200000,57949,58051,56633,56996,94163419.8157
2021-11-26T08:00:00+00:00,1637913600000,56994,57004,53678,53729,417305934.8109
2021-11-26T12:00:00+00:00,1637928000000,53730,54874,53500,54369,258385651.8777
2021-11-26T16:00:00+00:00,1637942400000,54370,54677,53954,54348,194271793.2115
2021-11-26T20:00:00+00:00,1637956800000,54348,54607,53520,53747,127314692.8626
2021-11-27T00:00:00+00:00,1637971200000,53755,54646,53635,54352,113131913.3992
2021-11-27T04:00:00+00:00,1637985600000,54352,54629,54219,54420,83839483.5316
2021-11-27T08:00:00+00:00,1638000000000,54420,55311,54286,54632,75391512.6116
2021-11-27T12:00:00+00:00,1638014400000,54632,55267,54517,54927,49608254.3881
2021-11-27T16:00:00+00:00,1638028800000,54927,55270,54692,54960,53937384.0281
2021-11-27T20:00:00+00:00,1638043200000,54960,55094,54042,54754,62924779.4288
2021-11-28T00:00:00+00:00,1638057600000,54754,54854,53712,54160,78574864.6749
2021-11-28T04:00:00+00:00,1638072000000,54161,54679,53971,54547,45846025.0896
2021-11-28T08:00:00+00:00,1638086400000,54547,54971,54179,54532,45859915.6163
2021-11-28T12:00:00+00:00,1638100800000,54532,54665,54072,54338,40760595.7205
2021-11-28T16:00:00+00:00,1638115200000,54338,54967,53258,54658,110675505.48
2021-11-28T20:00:00+00:00,1638129600000,54658,57500,54658,57342,161963296.6625
2021-11-29T00:00:00+00:00,1638144000000,57342,58297,57181,57405,124749222.4538
2021-11-29T04:00:00+00:00,1638158400000,57405,57731,57258,57564,70191564.0585
2021-11-29T08:00:00+00:00,1638172800000,57564,57677,56721,56938,91756878.2465
2021-11-29T12:00:00+00:00,1638187200000,56938,57544,56873,57167,102542946.7451
2021-11-29T16:00:00+00:00,1638201600000,57167,58924,57038,57917,182128318.0729
2021-11-29T20:00:00+00:00,1638216000000,57918,58457,57717,57831,89860964.4033
2021-11-30T00:00:00+00:00,1638230400000,57831,58015,56832,57145,150802484.6157
2021-11-30T04:00:00+00:00,1638244800000,57145,57337,55900,56556,145461750.0412
2021-11-30T08:00:00+00:00,1638259200000,56556,57779,56282,57654,165675015.9024
2021-11-30T12:00:00+00:00,1638273600000,57654,59252,57278,57281,264550254.4895
2021-11-30T16:00:00+00:00,1638288000000,57303,58410,56536,57685,344707872.1956
2021-11-30T20:00:00+00:00,1638302400000,57685,57822,56811,56986,103263789.4307
2021-12-01T00:00:00+00:00,1638316800000,56986,57726,56690,57418,93217957.0014
2021-12-01T04:00:00+00:00,1638331200000,57418,57470,56718,57204,60393631.5149
2021-12-01T08:00:00+00:00,1638345600000,57207,57879,56771,57208,104347773.0585
2021-12-01T12:00:00+00:00,1638360000000,57208,58888,57054,58668,157164540.3198
2021-12-01T16:00:00+00:00,1638374400000,58668,59112,57049,57474,174860173.2966
2021-12-01T20:00:00+00:00,1638388800000,57474,57496,56485,57221,123431840.2499
2021-12-02T00:00:00+00:00,1638403200000,57221,57428,55800,56347,113236274.6783
2021-12-02T04:00:00+00:00,1638417600000,56353,57050,56273,56854,94425379.2629
2021-12-02T08:00:00+00:00,1638432000000,56854,57227,56101,56353,103586070.5363
2021-12-02T12:00:00+00:00,1638446400000,56352,57419,56065,56549,162369182.3696
2021-12-02T16:00:00+00:00,1638460800000,56550,56986,56058,56656,177839657.0653
2021-12-02T20:00:00+00:00,1638475200000,56664,57278,56401,56519,101079166.4183
2021-12-03T00:00:00+00:00,1638489600000,56519,56810,56100,56370,78633170.5615
2021-12-03T04:00:00+00:00,1638504000000,56370,57108,56301,56788,49238034.9591
2021-12-03T08:00:00+00:00,1638518400000,56788,57390,56487,57034,66766354.8571
2021-12-03T12:00:00+00:00,1638532800000,57034,57681,55746,55993,154411725.5815
2021-12-03T16:00:00+00:00,1638547200000,55993,55993,53717,53830,240779581.417
2021-12-03T20:00:00+00:00,1638561600000,53828,54073,51593,53643,338842974.2233
2021-12-04T00:00:00+00:00,1638576000000,53643,53885,52016,52019,134521450.2463
2021-12-04T04:00:00+00:00,1638590400000,52020,52607,41800,47279,714216325.2226
2021-12-04T08:00:00+00:00,1638604800000,47279,48014,46092,46560,312502162.3624
2021-12-04T12:00:00+00:00,1638619200000,46560,48600,46560,48273,270744854.2983
2021-12-04T16:00:00+00:00,1638633600000,48273,49499,47815,49326,172561407.5136
2021-12-04T20:00:00+00:00,1638648000000,49326,49571,48559,49243,159394044.3222
2021-12-05T00:00:00+00:00,1638662400000,49243,49754,48403,49251,210886725.815
2021-12-05T04:00:00+00:00,1638676800000,49251,49749,48902,49365,116907026.7644
2021-12-05T08:00:00+00:00,1638691200000,49365,49639,48800,49307,120491535.5796
2021-12-05T12:00:00+00:00,1638705600000,49307,49741,47787,48001,296721811.9225
2021-12-05T16:00:00+00:00,1638720000000,48001,49389,47940,48953,124407805.5364
2021-12-05T20:00:00+00:00,1638734400000,48953,49580,48546,49456,81030310.0408
2021-12-06T00:00:00+00:00,1638748800000,49456,49500,48319,49072,84869490.3174
2021-12-06T04:00:00+00:00,1638763200000,49072,49324,47799,48472,123525096.9311
2021-12-06T08:00:00+00:00,1638777600000,48472,49500,46948,48645,308740597.1353
2021-12-06T12:00:00+00:00,1638792000000,48646,49040,47854,49005,161528921.9124
2021-12-06T16:00:00+00:00,1638806400000,49004,49431,48723,49159,89841543.3818
2021-12-06T20:00:00+00:00,1638820800000,49159,50944,48815,50519,203823857.502
2021-12-07T00:00:00+00:00,1638835200000,50519,51500,50400,51012,101043298.6332
2021-12-07T04:00:00+00:00,1638849600000,51012,51395,50872,50978,85322541.5688
2021-12-07T08:00:00+00:00,1638864000000,50978,51600,50890,51517,111005501.5213
2021-12-07T12:00:00+00:00,1638878400000,51517,51989,50701,51789,169224428.0338
2021-12-07T16:00:00+00:00,1638892800000,51789,51927,50715,50937,136423026.2771
2021-12-07T20:00:00+00:00,1638907200000,50937,51049,50061,50638,110499259.3223
2021-12-08T00:00:00+00:00,1638921600000,50638,50856,50154,50156,92701960.9212
2021-12-08T04:00:00+00:00,1638936000000,50156,50756,50120,50543,59417526.4793
2021-12-08T08:00:00+00:00,1638950400000,50543,50675,48871,49235,113629311.8153
2021-12-08T12:00:00+00:00,1638964800000,49235,51295,48647,50692,163763176.1828
2021-12-08T16:00:00+00:00,1638979200000,50692,50910,50124,50482,87352607.7175
2021-12-08T20:00:00+00:00,1638993600000,50482,50911,50138,50526,44190257.7219
2021-12-09T00:00:00+00:00,1639008000000,50526,50851,49491,49568,66509025.8505
2021-12-09T04:00:00+00:00,1639022400000,49563,50392,49250,50055,68979362.5324
2021-12-09T08:00:00+00:00,1639036800000,50055,50056,48912,49195,102415951.1091
2021-12-09T12:00:00+00:00,1639051200000,49195,49673,48109,48496,144519548.8053
2021-12-09T16:00:00+00:00,1639065600000,48496,48899,47528,47641,96089869.029
2021-12-09T20:00:00+00:00,1639080000000,47641,48470,47334,47568,85698043.0161
2021-12-10T00:00:00+00:00,1639094400000,47568,48825,47462,48392,83950289.5985
2021-12-10T04:00:00+00:00,1639108800000,48392,48587,47588,47709,66212479.5037
2021-12-10T08:00:00+00:00,1639123200000,47709,48750,47626,48737,74283868.9475
2021-12-10T12:00:00+00:00,1639137600000,48737,50100,47771,47994,205268901.0398
2021-12-10T16:00:00+00:00,1639152000000,47994,48353,47272,48130,133739100.543
2021-12-10T20:00:00+00:00,1639166400000,48130,48547,46900,47171,116530925.4286
2021-12-11T00:00:00+00:00,1639180800000,47171,48714,46782,48329,93212074.3376
2021-12-11T04:00:00+00:00,1639195200000,48329,48920,47802,48058,61577146.7587
2021-12-11T08:00:00+00:00,1639209600000,48058,48921,47891,48271,55759778.9788
2021-12-11T12:00:00+00:00,1639224000000,48271,48946,48191,48789,54782006.8695
2021-12-11T16:00:00+00:00,1639238400000,48786,49328,48410,48429,71569176.3407
2021-12-11T20:00:00+00:00,1639252800000,48429,49529,48419,49413,60508262.3637
2021-12-12T00:00:00+00:00,1639267200000,49413,49728,49059,49338,67384335.5006
2021-12-12T04:00:00+00:00,1639281600000,49338,49411,48863,49338,40128502.4487
2021-12-12T08:00:00+00:00,1639296000000,49338,49407,48666,49159,55102694.4681
2021-12-12T12:00:00+00:00,1639310400000,49159,49973,49142,49661,96225951.3123
2021-12-12T16:00:00+00:00,1639324800000,49661,50816,49541,50238,170161456.7893
2021-12-12T20:00:00+00:00,1639339200000,50238,50597,49909,50095,66684992.6371
2021-12-13T00:00:00+00:00,1639353600000,50095,50219,48455,48911,110626343.615
2021-12-13T04:00:00+00:00,1639368000000,48911,49362,48620,48771,45799340.6214
2021-12-13T08:00:00+00:00,1639382400000,48771,49202,48104,48885,56409589.6246
2021-12-13T12:00:00+00:00,1639396800000,48885,49035,47023,47265,110950880.9945
2021-12-13T16:00:00+00:00,1639411200000,47265,48043,45610,46753,233913993.4912
2021-12-13T20:00:00+00:00,1639425600000,46753,47339,46250,46718,113855220.591
2021-12-14T00:00:00+00:00,1639440000000,46718,47243,46292,46974,76134328.4819
2021-12-14T04:00:00+00:00,1639454400000,46974,47198,46317,47012,84600301.9255
2021-12-14T08:00:00+00:00,1639468800000,47012,47800,46788,47638,80461122.1291
2021-12-14T12:00:00+00:00,1639483200000,47638,47976,46610,46854,96636984.3563
2021-12-14T16:00:00+00:00,1639497600000,46856,47154,46459,46876,91055374.8662
2021-12-14T20:00:00+00:00,1639512000000,46876,48706,46857,48375,108350901.382
2021-12-15T00:00:00+00:00,1639526400000,48374,48786,47852,48288,49428498.5579
2021-12-15T04:00:00+00:00,1639540800000,48289,48450,47944,48223,49058681.5224
2021-12-15T08:00:00+00:00,1639555200000,48223,48780,48099,48144,57881246.7366
2021-12-15T12:00:00+00:00,1639569600000,48144,48305,46591,46640,108050340.2544
2021-12-15T16:00:00+00:00,1639584000000,46641,49303,46551,48705,286369758.2489
2021-12-15T20:00:00+00:00,1639598400000,48705,49527,48602,48886,137010675.518
2021-12-16T00:00:00+00:00,1639612800000,48895,49299,48729,48840,51633919.1817
2021-12-16T04:00:00+00:00,1639627200000,48840,49048,48520,48730,57135694.3746
2021-12-16T08:00:00+00:00,1639641600000,48724,49465,48643,49226,54553853.5735
2021-12-16T12:00:00+00:00,1639656000000,49232,49297,48260,48608,96692093.1186
2021-12-16T16:00:00+00:00,1639670400000,48608,48732,47685,47886,94590567.8952
2021-12-16T20:00:00+00:00,1639684800000,47886,48399,47524,47636,94042036.1255
2021-12-17T00:00:00+00:00,1639699200000,47636,48007,47424,47785,58760707.387
2021-12-17T04:00:00+00:00,1639713600000,47785,47958,46751,47009,76202131.4937
2021-12-17T08:00:00+00:00,1639728000000,47009,47317,46728,47139,76895811.7252
2021-12-17T12:00:00+00:00,1639742400000,47139,47369,45434,46535,187588007.126
2021-12-17T16:00:00+00:00,1639756800000,46535,47449,46422,46768,95141694.5947
2021-12-17T20:00:00+00:00,1639771200000,46768,47119,45588,46156,92149599.3983
2021-12-18T00:00:00+00:00,1639785600000,46157,46559,45520,46312,82603942.2419
2021-12-18T04:00:00+00:00,1639800000000,46312,46881,46086,46388,60684474.6128
2021-12-18T08:00:00+00:00,1639814400000,46388,47371,46224,47092,52639138.7601
2021-12-18T12:00:00+00:00,1639828800000,47092,47250,46550,46878,40835944.8909
2021-12-18T16:00:00+00:00,1639843200000,46877,47008,46351,46669,48082006.0493
2021-12-18T20:00:00+00:00,1639857600000,46669,47143,46549,46855,32682034.7181
2021-12-19T00:00:00+00:00,1639872000000,46855,47998,46441,47735,57885257.8833
2021-12-19T04:00:00+00:00,1639886400000,47735,48101,47463,47533,52164527.0634
2021-12-19T08:00:00+00:00,1639900800000,47533,47648,46814,47171,51244931.6784
2021-12-19T12:00:00+00:00,1639915200000,47171,48367,46900,47248,95855769.6612
2021-12-19T16:00:00+00:00,1639929600000,47248,47492,46600,46682,50484184.1823
2021-12-19T20:00:00+00:00,1639944000000,46682,47579,46501,46683,68614236.8198
2021-12-20T00:00:00+00:00,1639958400000,46683,47218,46228,46702,70589824.7149
2021-12-20T04:00:00+00:00,1639972800000,46702,47066,46122,46438,64010312.1069
2021-12-20T08:00:00+00:00,1639987200000,46441,46570,45759,46100,58802598.1863
2021-12-20T12:00:00+00:00,1640001600000,46100,46334,45569,45986,93851913.7393
2021-12-20T16:00:00+00:00,1640016000000,45986,46709,45887,46602,87669599.4558
2021-12-20T20:00:00+00:00,1640030400000,46602,47576,46602,46921,89626360.2254
2021-12-21T00:00:00+00:00,1640044800000,46921,48113,46658,47947,77096097.6577
2021-12-21T04:00:00+00:00,1640059200000,47961,48856,47943,48613,103175677.5634
2021-12-21T08:00:00+00:00,1640073600000,48613,49048,48462,48883,83863776.0129
2021-12-21T12:00:00+00:00,1640088000000,48883,49333,48308,48427,101724149.0733
2021-12-21T16:00:00+00:00,1640102400000,48427,48857,48345,48636,51678692.3129
2021-12-21T20:00:00+00:00,1640116800000,48636,49317,48474,48918,68974076.0321
2021-12-22T00:00:00+00:00,1640131200000,48918,49597,48620,49280,60536434.9118
2021-12-22T04:00:00+00:00,1640145600000,49280,49355,48945,49235,39760131.4394
2021-12-22T08:00:00+00:00,1640160000000,49235,49561,48859,49004,52228073.2625
2021-12-22T12:00:00+00:00,1640174400000,49004,49148,48447,48910,64464933.2936
2021-12-22T16:00:00+00:00,1640188800000,48910,49297,48515,48950,56534173.4618
2021-12-22T20:00:00+00:00,1640203200000,48950,49174,48580,48614,91784408.4873
2021-12-23T00:00:00+00:00,1640217600000,48614,48759,48034,48551,66632990.9704
2021-12-23T04:00:00+00:00,1640232000000,48551,48600,48055,48143,40376804.0456
2021-12-23T08:00:00+00:00,1640246400000,48143,48567,48089,48388,50296214.4609
2021-12-23T12:00:00+00:00,1640260800000,48387,48886,48346,48835,60273873.0698
2021-12-23T16:00:00+00:00,1640275200000,48835,51397,48691,51137,233589746.4168
2021-12-23T20:00:00+00:00,1640289600000,51137,51196,50557,50848,66795578.6861
2021-12-24T00:00:00+00:00,1640304000000,50848,51533,50674,51064,90097219.123
2021-12-24T04:00:00+00:00,1640318400000,51064,51121,50766,51013,55726721.7122
2021-12-24T08:00:00+00:00,1640332800000,51013,51500,50889,51011,50453687.0331
2021-12-24T12:00:00+00:00,1640347200000,51011,51262,50430,50975,73980781.0657
2021-12-24T16:00:00+00:00,1640361600000,50975,51855,50764,51144,93409451.1717
2021-12-24T20:00:00+00:00,1640376000000,51144,51248,50521,50849,60286543.0785
2021-12-25T00:00:00+00:00,1640390400000,50850,51162,50635,50871,41557696.9791
2021-12-25T04:00:00+00:00,1640404800000,50871,51110,50684,50957,27208106.8768
2021-12-25T08:00:00+00:00,1640419200000,50957,51041,50570,50713,35942517.4761
2021-12-25T12:00:00+00:00,1640433600000,50713,50973,50672,50688,35221945.4616
2021-12-25T16:00:00+00:00,1640448000000,50688,51214,50158,50921,78016404.06
2021-12-25T20:00:00+00:00,1640462400000,50921,51120,50336,50432,48101414.387
2021-12-26T00:00:00+00:00,1640476800000,50432,50700,49650,49701,77992623.5258
2021-12-26T04:00:00+00:00,1640491200000,49701,50001,49651,49957,34720561.149
2021-12-26T08:00:00+00:00,1640505600000,49957,50188,49460,49779,47923408.0738
2021-12-26T12:00:00+00:00,1640520000000,49779,50286,49678,50081,45960813.4868
2021-12-26T16:00:00+00:00,1640534400000,50081,50498,50056,50371,38796128.5433
2021-12-26T20:00:00+00:00,1640548800000,50371,51314,49948,50792,78879387.2681
2021-12-27T00:00:00+00:00,1640563200000,50799,51156,50473,51041,64399520.1184
2021-12-27T04:00:00+00:00,1640577600000,51041,51119,50680,50723,61189313.3951
2021-12-27T08:00:00+00:00,1640592000000,50723,50941,50529,50783,46319834.5792
2021-12-27T12:00:00+00:00,1640606400000,50783,51719,50611,51470,93525236.3424
2021-12-27T16:00:00+00:00,1640620800000,51470,52129,51221,51222,93827890.6674
2021-12-27T20:00:00+00:00,1640635200000,51222,51374,50648,50721,71841602.1426
2021-12-28T00:00:00+00:00,1640649600000,50721,50721,49518,49842,106021134.3433
2021-12-28T04:00:00+00:00,1640664000000,49842,49843,48645,49240,88275753.366
2021-12-28T08:00:00+00:00,1640678400000,49240,49465,48804,49221,61088650.2134
2021-12-28T12:00:00+00:00,1640692800000,49221,49385,48350,48966,89814203.9057
2021-12-28T16:00:00+00:00,1640707200000,48966,48991,47310,47699,164119341.944
2021-12-28T20:00:00+00:00,1640721600000,47699,48043,47328,47550,53855936.2323
2021-12-29T00:00:00+00:00,1640736000000,47550,48146,47452,48016,41481933.7192
2021-12-29T04:00:00+00:00,1640750400000,48016,48074,47532,47568,46137132.5535
2021-12-29T08:00:00+00:00,1640764800000,47568,48097,47417,47744,88245366.628
2021-12-29T12:00:00+00:00,1640779200000,47744,48061,46596,47986,167590899.9102
2021-12-29T16:00:00+00:00,1640793600000,47986,48065,47029,47149,80193280.9862
2021-12-29T20:00:00+00:00,1640808000000,47149,47720,46089,46458,136730210.5968
2021-12-30T00:00:00+00:00,1640822400000,46458,46850,45922,46510,89008441.2056
2021-12-30T04:00:00+00:00,1640836800000,46510,47107,46499,46983,51112395.2501
2021-12-30T08:00:00+00:00,1640851200000,46983,47579,46695,47529,74558165.1176
2021-12-30T12:00:00+00:00,1640865600000,47529,47731,47123,47133,76816879.8066
2021-12-30T16:00:00+00:00,1640880000000,47142,47934,47107,47563,95321608.5776
2021-12-30T20:00:00+00:00,1640894400000,47563,47688,46719,47126,59269113.7152
2021-12-31T00:00:00+00:00,1640908800000,47126,47388,46832,47208,70925037.0386
2021-12-31T04:00:00+00:00,1640923200000,47208,47560,46830,47196,67597262.2769
2021-12-31T08:00:00+00:00,1640937600000,47197,48580,47071,47974,138181287.736
2021-12-31T12:00:00+00:00,1640952000000,47974,48141,47826,47987,64681333.9943
2021-12-31T16:00:00+00:00,1640966400000,48007,48114,45658,45711,141713752.555
2021-12-31T20:00:00+00:00,1640980800000,45710,46566,45650,46199,56305472.5715